int1,section,official_name,page,s57_refs,precise_s57_mappings,symbol_reference,row_reference,precise_asset_count,precise_assets,attribute_match_count,attribute_matched_assets,broad_candidate_count,broad_candidate_assets,s101_exact_asset_count,commons_candidate_count,commons_candidate_titles,evidence_status,allowed_use,forbidden_use
Q1,General,Position of buoy or beacon,47,,,out/chart1_mappings/reference/rows/icon_refs/Q1.png,out/chart1_mappings/reference/rows/Q1.png,0,,0,,0,,0,0,,official_row_unmatched_to_helm_asset,name_mapping; s57_object_crosswalk; int1_section_cross_check; semantic_qa,crop_extract_svg; direct_artwork_derivation; canonical_asset_source
Q2,Colour of Buoys and Beacons Topmarks,Single colour: green and black,47,BOYXXX; TOPMAR.TOPSH.COLOUR=4/2,"{""attributes"": [], ""object"": ""BOYXXX"", ""precision"": ""object_only_broad"", ""source_ref"": ""BOYXXX""}; {""attributes"": [{""accepted_values"": [], ""attribute"": ""TOPSHP"", ""match"": ""attribute_present""}, {""accepted_values"": [""4"", ""2""], ""attribute"": ""COLOUR"", ""match"": ""value_any""}], ""object"": ""TOPMAR"", ""precision"": ""object_and_attributes"", ""source_ref"": ""TOPMAR.TOPSH.COLOUR=4/2""}",out/chart1_mappings/reference/rows/icon_refs/Q2.png,out/chart1_mappings/reference/rows/Q2.png,50,TOPMA102; TOPMA109; TOPMA115; TOPMA117; TOPMAR01; TOPSHP02; TOPSHP04; TOPSHP05; TOPSHP09;TE('%s'; TOPSHP13; TOPSHP17; TOPSHP23; TOPSHP24; TOPSHP28; TOPSHP29; TOPSHP30; TOPSHP33; TOPSHP37; TOPSHP40; TOPSHP43; TOPSHP48; TOPSHP51; TOPSHP52; TOPSHP64; TOPSHP73;TE('%s'; TOPSHP77; TOPSHP81;TE('%s'; TOPSHP82; TOPSHP83; TOPSHP93; TOPSHP97; TOPSHP98; TOPSHP99; TOPSHPA0; TOPSHPA1; TOPSHPA2; TOPSHPA3; TOPSHPA5; TOPSHPA7; TOPSHPA8; TOPSHPD2; TOPSHPI2; TOPSHPR1; TOPSHPT3; TOPSHPT4; TOPSHPT5; TOPSHPT6; TOPSHPT7; TOPSHPT8;TE('%s'; TOPSHPU1,50,TOPMA102; TOPMA109; TOPMA115; TOPMA117; TOPMAR01; TOPSHP02; TOPSHP04; TOPSHP05; TOPSHP09;TE('%s'; TOPSHP13; TOPSHP17; TOPSHP23; TOPSHP24; TOPSHP28; TOPSHP29; TOPSHP30; TOPSHP33; TOPSHP37; TOPSHP40; TOPSHP43; TOPSHP48; TOPSHP51; TOPSHP52; TOPSHP64; TOPSHP73;TE('%s'; TOPSHP77; TOPSHP81;TE('%s'; TOPSHP82; TOPSHP83; TOPSHP93; TOPSHP97; TOPSHP98; TOPSHP99; TOPSHPA0; TOPSHPA1; TOPSHPA2; TOPSHPA3; TOPSHPA5; TOPSHPA7; TOPSHPA8; TOPSHPD2; TOPSHPI2; TOPSHPR1; TOPSHPT3; TOPSHPT4; TOPSHPT5; TOPSHPT6; TOPSHPT7; TOPSHPT8;TE('%s'; TOPSHPU1,135,BCNGEN64; BCNGEN65; BCNSTK78; BCNSTK79; BCNSTK80; BCNSTK81; BOYBAR01; BOYBAR60; BOYBAR61; BOYBAR62; BOYCAN01; BOYCAN60; BOYCAN61; BOYCAN62; BOYCAN63; BOYCAN64; BOYCAN65; BOYCAN68; BOYCAN69; BOYCAN70; BOYCAN71; BOYCAN72; BOYCAN73; BOYCAN74; BOYCAN75; BOYCAN76; BOYCAN77; BOYCAN78; BOYCAN79; BOYCAN80; BOYCAN81; BOYCAN82; BOYCAN83; BOYCAR01; BOYCAR02; BOYCAR03; BOYCAR04; BOYCON01; BOYCON60; BOYCON61; BOYCON62; BOYCON63; BOYCON64; BOYCON65; BOYCON66; BOYCON67; BOYCON68; BOYCON69; BOYCON70; BOYCON71; BOYCON72; BOYCON73; BOYCON74; BOYCON77; BOYCON78; BOYCON79; BOYCON80; BOYCON81; BOYDEF03; BOYGEN03; BOYINB01; BOYISD12; BOYLAT13; BOYLAT14; BOYLAT23; BOYLAT24; BOYLAT25; BOYLAT26; BOYLAT27; BOYLAT50; BOYLAT51; BOYLAT52; BOYLAT53; BOYLAT54; BOYLAT55; BOYLAT56; BOYMOR01; BOYMOR03; BOYMOR11; BOYMOR31; BOYPIL01; BOYPIL59; BOYPIL60; BOYPIL61; BOYPIL62; BOYPIL66; BOYPIL67; BOYPIL68; BOYPIL69; BOYPIL70; BOYPIL71; BOYPIL72; BOYPIL73; BOYPIL74; BOYPIL78; BOYPIL81; BOYSAW12; BOYSPH01; BOYSPH05; BOYSPH60; BOYSPH62; BOYSPH65; BOYSPH66; BOYSPH68; BOYSPH69; BOYSPH70; BOYSPH71; BOYSPH74; BOYSPH75; BOYSPH77; BOYSPH79; BOYSPP11; BOYSPP15; BOYSPP25; BOYSPR01; BOYSPR02; BOYSPR03; BOYSPR04; BOYSPR05; BOYSPR60; BOYSPR61; BOYSPR62; BOYSPR65; BOYSPR68; BOYSPR69; BOYSPR70; BOYSPR71; BOYSPR72; BOYSUP01; BOYSUP02; BOYSUP03; BOYSUP62; BOYSUP65; BOYSUP66; boyspp50,0,0,,official_row_attribute_mapped,name_mapping; s57_object_crosswalk; int1_section_cross_check; semantic_qa,crop_extract_svg; direct_artwork_derivation; canonical_asset_source
Q3,Colour of Buoys and Beacons Topmarks,"Single colour other than green and black; red, yellow, orange",47,BOYXXX; TOPMAR.TOPSH.COLOUR,"{""attributes"": [], ""object"": ""BOYXXX"", ""precision"": ""object_only_broad"", ""source_ref"": ""BOYXXX""}; {""attributes"": [{""accepted_values"": [], ""attribute"": ""TOPSHP"", ""match"": ""attribute_present""}, {""accepted_values"": [], ""attribute"": ""COLOUR"", ""match"": ""attribute_present""}], ""object"": ""TOPMAR"", ""precision"": ""object_and_attributes"", ""source_ref"": ""TOPMAR.TOPSH.COLOUR""}",out/chart1_mappings/reference/rows/icon_refs/Q3.png,out/chart1_mappings/reference/rows/Q3.png,129,TOPMA100; TOPMA102; TOPMA106; TOPMA107; TOPMA109; TOPMA111; TOPMA113; TOPMA114; TOPMA115; TOPMA116; TOPMA117; TOPMAR01; TOPMAR98; TOPMAR99; TOPSHP00; TOPSHP01; TOPSHP02; TOPSHP03; TOPSHP04; TOPSHP05; TOPSHP07; TOPSHP08; TOPSHP09;TE('%s'; TOPSHP10; TOPSHP11; TOPSHP12; TOPSHP13; TOPSHP15;TE('%s'; TOPSHP16; TOPSHP17; TOPSHP18; TOPSHP19; TOPSHP20; TOPSHP21; TOPSHP22; TOPSHP23; TOPSHP24; TOPSHP25; TOPSHP28; TOPSHP29; TOPSHP30; TOPSHP31; TOPSHP32; TOPSHP33; TOPSHP34; TOPSHP35; TOPSHP36; TOPSHP37; TOPSHP38; TOPSHP40; TOPSHP41; TOPSHP42; TOPSHP43; TOPSHP44; TOPSHP47; TOPSHP48; TOPSHP51; TOPSHP52; TOPSHP53; TOPSHP54; TOPSHP55; TOPSHP58; TOPSHP61; TOPSHP62; TOPSHP63; TOPSHP64; TOPSHP65; TOPSHP67; TOPSHP69; TOPSHP70; TOPSHP71; TOPSHP72; TOPSHP73;TE('%s'; TOPSHP74; TOPSHP76; TOPSHP77; TOPSHP78; TOPSHP79; TOPSHP80; TOPSHP81;TE('%s'; TOPSHP82; TOPSHP83; TOPSHP84; TOPSHP85; TOPSHP87; TOPSHP88; TOPSHP89;TE('%s'; TOPSHP90; TOPSHP91; TOPSHP92; TOPSHP93; TOPSHP94; TOPSHP95; TOPSHP96; TOPSHP97; TOPSHP98; TOPSHP99; TOPSHPA0; TOPSHPA1; TOPSHPA2; TOPSHPA3; TOPSHPA4; TOPSHPA5; TOPSHPA6; TOPSHPA7; TOPSHPA8; TOPSHPA9; TOPSHPB0; TOPSHPD1; TOPSHPD2; TOPSHPD3; TOPSHPI1; TOPSHPI2; TOPSHPI3; TOPSHPJ1; TOPSHPJ3; TOPSHPP2; TOPSHPR1; TOPSHPS1; TOPSHPT1; TOPSHPT2; TOPSHPT3; TOPSHPT4; TOPSHPT5; TOPSHPT6; TOPSHPT7; TOPSHPT8;TE('%s'; TOPSHPU1; TOPSHPU2,129,TOPMA100; TOPMA102; TOPMA106; TOPMA107; TOPMA109; TOPMA111; TOPMA113; TOPMA114; TOPMA115; TOPMA116; TOPMA117; TOPMAR01; TOPMAR98; TOPMAR99; TOPSHP00; TOPSHP01; TOPSHP02; TOPSHP03; TOPSHP04; TOPSHP05; TOPSHP07; TOPSHP08; TOPSHP09;TE('%s'; TOPSHP10; TOPSHP11; TOPSHP12; TOPSHP13; TOPSHP15;TE('%s'; TOPSHP16; TOPSHP17; TOPSHP18; TOPSHP19; TOPSHP20; TOPSHP21; TOPSHP22; TOPSHP23; TOPSHP24; TOPSHP25; TOPSHP28; TOPSHP29; TOPSHP30; TOPSHP31; TOPSHP32; TOPSHP33; TOPSHP34; TOPSHP35; TOPSHP36; TOPSHP37; TOPSHP38; TOPSHP40; TOPSHP41; TOPSHP42; TOPSHP43; TOPSHP44; TOPSHP47; TOPSHP48; TOPSHP51; TOPSHP52; TOPSHP53; TOPSHP54; TOPSHP55; TOPSHP58; TOPSHP61; TOPSHP62; TOPSHP63; TOPSHP64; TOPSHP65; TOPSHP67; TOPSHP69; TOPSHP70; TOPSHP71; TOPSHP72; TOPSHP73;TE('%s'; TOPSHP74; TOPSHP76; TOPSHP77; TOPSHP78; TOPSHP79; TOPSHP80; TOPSHP81;TE('%s'; TOPSHP82; TOPSHP83; TOPSHP84; TOPSHP85; TOPSHP87; TOPSHP88; TOPSHP89;TE('%s'; TOPSHP90; TOPSHP91; TOPSHP92; TOPSHP93; TOPSHP94; TOPSHP95; TOPSHP96; TOPSHP97; TOPSHP98; TOPSHP99; TOPSHPA0; TOPSHPA1; TOPSHPA2; TOPSHPA3; TOPSHPA4; TOPSHPA5; TOPSHPA6; TOPSHPA7; TOPSHPA8; TOPSHPA9; TOPSHPB0; TOPSHPD1; TOPSHPD2; TOPSHPD3; TOPSHPI1; TOPSHPI2; TOPSHPI3; TOPSHPJ1; TOPSHPJ3; TOPSHPP2; TOPSHPR1; TOPSHPS1; TOPSHPT1; TOPSHPT2; TOPSHPT3; TOPSHPT4; TOPSHPT5; TOPSHPT6; TOPSHPT7; TOPSHPT8;TE('%s'; TOPSHPU1; TOPSHPU2,135,BCNGEN64; BCNGEN65; BCNSTK78; BCNSTK79; BCNSTK80; BCNSTK81; BOYBAR01; BOYBAR60; BOYBAR61; BOYBAR62; BOYCAN01; BOYCAN60; BOYCAN61; BOYCAN62; BOYCAN63; BOYCAN64; BOYCAN65; BOYCAN68; BOYCAN69; BOYCAN70; BOYCAN71; BOYCAN72; BOYCAN73; BOYCAN74; BOYCAN75; BOYCAN76; BOYCAN77; BOYCAN78; BOYCAN79; BOYCAN80; BOYCAN81; BOYCAN82; BOYCAN83; BOYCAR01; BOYCAR02; BOYCAR03; BOYCAR04; BOYCON01; BOYCON60; BOYCON61; BOYCON62; BOYCON63; BOYCON64; BOYCON65; BOYCON66; BOYCON67; BOYCON68; BOYCON69; BOYCON70; BOYCON71; BOYCON72; BOYCON73; BOYCON74; BOYCON77; BOYCON78; BOYCON79; BOYCON80; BOYCON81; BOYDEF03; BOYGEN03; BOYINB01; BOYISD12; BOYLAT13; BOYLAT14; BOYLAT23; BOYLAT24; BOYLAT25; BOYLAT26; BOYLAT27; BOYLAT50; BOYLAT51; BOYLAT52; BOYLAT53; BOYLAT54; BOYLAT55; BOYLAT56; BOYMOR01; BOYMOR03; BOYMOR11; BOYMOR31; BOYPIL01; BOYPIL59; BOYPIL60; BOYPIL61; BOYPIL62; BOYPIL66; BOYPIL67; BOYPIL68; BOYPIL69; BOYPIL70; BOYPIL71; BOYPIL72; BOYPIL73; BOYPIL74; BOYPIL78; BOYPIL81; BOYSAW12; BOYSPH01; BOYSPH05; BOYSPH60; BOYSPH62; BOYSPH65; BOYSPH66; BOYSPH68; BOYSPH69; BOYSPH70; BOYSPH71; BOYSPH74; BOYSPH75; BOYSPH77; BOYSPH79; BOYSPP11; BOYSPP15; BOYSPP25; BOYSPR01; BOYSPR02; BOYSPR03; BOYSPR04; BOYSPR05; BOYSPR60; BOYSPR61; BOYSPR62; BOYSPR65; BOYSPR68; BOYSPR69; BOYSPR70; BOYSPR71; BOYSPR72; BOYSUP01; BOYSUP02; BOYSUP03; BOYSUP62; BOYSUP65; BOYSUP66; boyspp50,0,0,,official_row_attribute_mapped,name_mapping; s57_object_crosswalk; int1_section_cross_check; semantic_qa,crop_extract_svg; direct_artwork_derivation; canonical_asset_source
Q4,Colour of Buoys and Beacons Topmarks,Multiple colours in horizontal bands,47,BOYXXX.COLPAT.COLOUR; TOPMAR.TOPSH; COLOUR,"{""attributes"": [{""accepted_values"": [], ""attribute"": ""COLPAT"", ""match"": ""attribute_present""}, {""accepted_values"": [], ""attribute"": ""COLOUR"", ""match"": ""attribute_present""}], ""object"": ""BOYXXX"", ""precision"": ""object_and_attributes"", ""source_ref"": ""BOYXXX.COLPAT.COLOUR""}; {""attributes"": [{""accepted_values"": [], ""attribute"": ""TOPSHP"", ""match"": ""attribute_present""}], ""object"": ""TOPMAR"", ""precision"": ""object_and_attributes"", ""source_ref"": ""TOPMAR.TOPSH""}; {""attributes"": [], ""object"": ""COLOUR"", ""precision"": ""object_only_broad"", ""source_ref"": ""COLOUR""}",out/chart1_mappings/reference/rows/icon_refs/Q4.png,out/chart1_mappings/reference/rows/Q4.png,190,BCNSTK78; BCNSTK79; BCNSTK80; BCNSTK81; BOYCAN72; BOYCAN73; BOYCAN75; BOYCAN77; BOYCAN78; BOYCAN80; BOYCAN81; BOYCON65; BOYCON66; BOYCON67; BOYCON73; BOYCON77; BOYCON78; BOYCON80; BOYCON81; BOYPIL66; BOYPIL67; BOYPIL73; BOYPIL74; BOYPIL78; BOYPIL81; BOYSPH65; BOYSPH66; BOYSPH74; BOYSPH75; BOYSPH77; BOYSPH79; BOYSPR04; BOYSPR65; BOYSUP65; BOYSUP66; TOPMA100; TOPMA102; TOPMA106; TOPMA107; TOPMA109; TOPMA111; TOPMA113; TOPMA114; TOPMA115; TOPMA116; TOPMA117; TOPMAR01; TOPMAR87; TOPMAR88; TOPMAR90; TOPMAR93; TOPMAR98; TOPMAR99; TOPSHP00; TOPSHP01; TOPSHP02; TOPSHP03; TOPSHP04; TOPSHP05; TOPSHP07; TOPSHP08; TOPSHP09;TE('%s'; TOPSHP10; TOPSHP11; TOPSHP12; TOPSHP13; TOPSHP15;TE('%s'; TOPSHP16; TOPSHP17; TOPSHP18; TOPSHP19; TOPSHP20; TOPSHP21; TOPSHP22; TOPSHP23; TOPSHP24; TOPSHP25; TOPSHP28; TOPSHP29; TOPSHP30; TOPSHP31; TOPSHP32; TOPSHP33; TOPSHP34; TOPSHP35; TOPSHP36; TOPSHP37; TOPSHP38; TOPSHP40; TOPSHP41; TOPSHP42; TOPSHP43; TOPSHP44; TOPSHP47; TOPSHP48; TOPSHP51; TOPSHP52; TOPSHP53; TOPSHP54; TOPSHP55; TOPSHP58; TOPSHP61; TOPSHP62; TOPSHP63; TOPSHP64; TOPSHP65; TOPSHP67; TOPSHP69; TOPSHP70; TOPSHP71; TOPSHP72; TOPSHP73;TE('%s'; TOPSHP74; TOPSHP76; TOPSHP77; TOPSHP78; TOPSHP79; TOPSHP80; TOPSHP81;TE('%s'; TOPSHP82; TOPSHP83; TOPSHP84; TOPSHP85; TOPSHP87; TOPSHP88; TOPSHP89;TE('%s'; TOPSHP90; TOPSHP91; TOPSHP92; TOPSHP93; TOPSHP94; TOPSHP95; TOPSHP96; TOPSHP97; TOPSHP98; TOPSHP99; TOPSHPA0; TOPSHPA1; TOPSHPA2; TOPSHPA3; TOPSHPA4; TOPSHPA5; TOPSHPA6; TOPSHPA7; TOPSHPA8; TOPSHPA9; TOPSHPB0; TOPSHPD1; TOPSHPD2; TOPSHPD3; TOPSHPI1; TOPSHPI2; TOPSHPI3; TOPSHPJ1; TOPSHPJ3; TOPSHPP2; TOPSHPR1; TOPSHPS1; TOPSHPT1; TOPSHPT2; TOPSHPT3; TOPSHPT4; TOPSHPT5; TOPSHPT6; TOPSHPT7; TOPSHPT8;TE('%s'; TOPSHPU1; TOPSHPU2; TOPSHQ06; TOPSHQ07; TOPSHQ08; TOPSHQ15; TOPSHQ16; TOPSHQ17; TOPSHQ18; TOPSHQ19; TOPSHQ20; TOPSHQ21; TOPSHQ22; TOPSHQ23; TOPSHQ24; TOPSHQ25; TOPSHQ26; TOPSHQ27; TOPSHQ28; TOPSHQ29; TOPSHQ30; TOPSHQ31; TOPSHQ32; ZZZZZZ01,190,BCNSTK78; BCNSTK79; BCNSTK80; BCNSTK81; BOYCAN72; BOYCAN73; BOYCAN75; BOYCAN77; BOYCAN78; BOYCAN80; BOYCAN81; BOYCON65; BOYCON66; BOYCON67; BOYCON73; BOYCON77; BOYCON78; BOYCON80; BOYCON81; BOYPIL66; BOYPIL67; BOYPIL73; BOYPIL74; BOYPIL78; BOYPIL81; BOYSPH65; BOYSPH66; BOYSPH74; BOYSPH75; BOYSPH77; BOYSPH79; BOYSPR04; BOYSPR65; BOYSUP65; BOYSUP66; TOPMA100; TOPMA102; TOPMA106; TOPMA107; TOPMA109; TOPMA111; TOPMA113; TOPMA114; TOPMA115; TOPMA116; TOPMA117; TOPMAR01; TOPMAR87; TOPMAR88; TOPMAR90; TOPMAR93; TOPMAR98; TOPMAR99; TOPSHP00; TOPSHP01; TOPSHP02; TOPSHP03; TOPSHP04; TOPSHP05; TOPSHP07; TOPSHP08; TOPSHP09;TE('%s'; TOPSHP10; TOPSHP11; TOPSHP12; TOPSHP13; TOPSHP15;TE('%s'; TOPSHP16; TOPSHP17; TOPSHP18; TOPSHP19; TOPSHP20; TOPSHP21; TOPSHP22; TOPSHP23; TOPSHP24; TOPSHP25; TOPSHP28; TOPSHP29; TOPSHP30; TOPSHP31; TOPSHP32; TOPSHP33; TOPSHP34; TOPSHP35; TOPSHP36; TOPSHP37; TOPSHP38; TOPSHP40; TOPSHP41; TOPSHP42; TOPSHP43; TOPSHP44; TOPSHP47; TOPSHP48; TOPSHP51; TOPSHP52; TOPSHP53; TOPSHP54; TOPSHP55; TOPSHP58; TOPSHP61; TOPSHP62; TOPSHP63; TOPSHP64; TOPSHP65; TOPSHP67; TOPSHP69; TOPSHP70; TOPSHP71; TOPSHP72; TOPSHP73;TE('%s'; TOPSHP74; TOPSHP76; TOPSHP77; TOPSHP78; TOPSHP79; TOPSHP80; TOPSHP81;TE('%s'; TOPSHP82; TOPSHP83; TOPSHP84; TOPSHP85; TOPSHP87; TOPSHP88; TOPSHP89;TE('%s'; TOPSHP90; TOPSHP91; TOPSHP92; TOPSHP93; TOPSHP94; TOPSHP95; TOPSHP96; TOPSHP97; TOPSHP98; TOPSHP99; TOPSHPA0; TOPSHPA1; TOPSHPA2; TOPSHPA3; TOPSHPA4; TOPSHPA5; TOPSHPA6; TOPSHPA7; TOPSHPA8; TOPSHPA9; TOPSHPB0; TOPSHPD1; TOPSHPD2; TOPSHPD3; TOPSHPI1; TOPSHPI2; TOPSHPI3; TOPSHPJ1; TOPSHPJ3; TOPSHPP2; TOPSHPR1; TOPSHPS1; TOPSHPT1; TOPSHPT2; TOPSHPT3; TOPSHPT4; TOPSHPT5; TOPSHPT6; TOPSHPT7; TOPSHPT8;TE('%s'; TOPSHPU1; TOPSHPU2; TOPSHQ06; TOPSHQ07; TOPSHQ08; TOPSHQ15; TOPSHQ16; TOPSHQ17; TOPSHQ18; TOPSHQ19; TOPSHQ20; TOPSHQ21; TOPSHQ22; TOPSHQ23; TOPSHQ24; TOPSHQ25; TOPSHQ26; TOPSHQ27; TOPSHQ28; TOPSHQ29; TOPSHQ30; TOPSHQ31; TOPSHQ32; ZZZZZZ01,0,,2,0,,official_row_attribute_mapped,name_mapping; s57_object_crosswalk; int1_section_cross_check; semantic_qa,crop_extract_svg; direct_artwork_derivation; canonical_asset_source
Q5,Colour of Buoys and Beacons Topmarks,Multiple colours in vertical or diagonal stripes,47,BOYXXX.COLPAT.COLOUR; TOPMAR.TOPSH,"{""attributes"": [{""accepted_values"": [], ""attribute"": ""COLPAT"", ""match"": ""attribute_present""}, {""accepted_values"": [], ""attribute"": ""COLOUR"", ""match"": ""attribute_present""}], ""object"": ""BOYXXX"", ""precision"": ""object_and_attributes"", ""source_ref"": ""BOYXXX.COLPAT.COLOUR""}; {""attributes"": [{""accepted_values"": [], ""attribute"": ""TOPSHP"", ""match"": ""attribute_present""}], ""object"": ""TOPMAR"", ""precision"": ""object_and_attributes"", ""source_ref"": ""TOPMAR.TOPSH""}",out/chart1_mappings/reference/rows/icon_refs/Q5.png,out/chart1_mappings/reference/rows/Q5.png,190,BCNSTK78; BCNSTK79; BCNSTK80; BCNSTK81; BOYCAN72; BOYCAN73; BOYCAN75; BOYCAN77; BOYCAN78; BOYCAN80; BOYCAN81; BOYCON65; BOYCON66; BOYCON67; BOYCON73; BOYCON77; BOYCON78; BOYCON80; BOYCON81; BOYPIL66; BOYPIL67; BOYPIL73; BOYPIL74; BOYPIL78; BOYPIL81; BOYSPH65; BOYSPH66; BOYSPH74; BOYSPH75; BOYSPH77; BOYSPH79; BOYSPR04; BOYSPR65; BOYSUP65; BOYSUP66; TOPMA100; TOPMA102; TOPMA106; TOPMA107; TOPMA109; TOPMA111; TOPMA113; TOPMA114; TOPMA115; TOPMA116; TOPMA117; TOPMAR01; TOPMAR87; TOPMAR88; TOPMAR90; TOPMAR93; TOPMAR98; TOPMAR99; TOPSHP00; TOPSHP01; TOPSHP02; TOPSHP03; TOPSHP04; TOPSHP05; TOPSHP07; TOPSHP08; TOPSHP09;TE('%s'; TOPSHP10; TOPSHP11; TOPSHP12; TOPSHP13; TOPSHP15;TE('%s'; TOPSHP16; TOPSHP17; TOPSHP18; TOPSHP19; TOPSHP20; TOPSHP21; TOPSHP22; TOPSHP23; TOPSHP24; TOPSHP25; TOPSHP28; TOPSHP29; TOPSHP30; TOPSHP31; TOPSHP32; TOPSHP33; TOPSHP34; TOPSHP35; TOPSHP36; TOPSHP37; TOPSHP38; TOPSHP40; TOPSHP41; TOPSHP42; TOPSHP43; TOPSHP44; TOPSHP47; TOPSHP48; TOPSHP51; TOPSHP52; TOPSHP53; TOPSHP54; TOPSHP55; TOPSHP58; TOPSHP61; TOPSHP62; TOPSHP63; TOPSHP64; TOPSHP65; TOPSHP67; TOPSHP69; TOPSHP70; TOPSHP71; TOPSHP72; TOPSHP73;TE('%s'; TOPSHP74; TOPSHP76; TOPSHP77; TOPSHP78; TOPSHP79; TOPSHP80; TOPSHP81;TE('%s'; TOPSHP82; TOPSHP83; TOPSHP84; TOPSHP85; TOPSHP87; TOPSHP88; TOPSHP89;TE('%s'; TOPSHP90; TOPSHP91; TOPSHP92; TOPSHP93; TOPSHP94; TOPSHP95; TOPSHP96; TOPSHP97; TOPSHP98; TOPSHP99; TOPSHPA0; TOPSHPA1; TOPSHPA2; TOPSHPA3; TOPSHPA4; TOPSHPA5; TOPSHPA6; TOPSHPA7; TOPSHPA8; TOPSHPA9; TOPSHPB0; TOPSHPD1; TOPSHPD2; TOPSHPD3; TOPSHPI1; TOPSHPI2; TOPSHPI3; TOPSHPJ1; TOPSHPJ3; TOPSHPP2; TOPSHPR1; TOPSHPS1; TOPSHPT1; TOPSHPT2; TOPSHPT3; TOPSHPT4; TOPSHPT5; TOPSHPT6; TOPSHPT7; TOPSHPT8;TE('%s'; TOPSHPU1; TOPSHPU2; TOPSHQ06; TOPSHQ07; TOPSHQ08; TOPSHQ15; TOPSHQ16; TOPSHQ17; TOPSHQ18; TOPSHQ19; TOPSHQ20; TOPSHQ21; TOPSHQ22; TOPSHQ23; TOPSHQ24; TOPSHQ25; TOPSHQ26; TOPSHQ27; TOPSHQ28; TOPSHQ29; TOPSHQ30; TOPSHQ31; TOPSHQ32; ZZZZZZ01,190,BCNSTK78; BCNSTK79; BCNSTK80; BCNSTK81; BOYCAN72; BOYCAN73; BOYCAN75; BOYCAN77; BOYCAN78; BOYCAN80; BOYCAN81; BOYCON65; BOYCON66; BOYCON67; BOYCON73; BOYCON77; BOYCON78; BOYCON80; BOYCON81; BOYPIL66; BOYPIL67; BOYPIL73; BOYPIL74; BOYPIL78; BOYPIL81; BOYSPH65; BOYSPH66; BOYSPH74; BOYSPH75; BOYSPH77; BOYSPH79; BOYSPR04; BOYSPR65; BOYSUP65; BOYSUP66; TOPMA100; TOPMA102; TOPMA106; TOPMA107; TOPMA109; TOPMA111; TOPMA113; TOPMA114; TOPMA115; TOPMA116; TOPMA117; TOPMAR01; TOPMAR87; TOPMAR88; TOPMAR90; TOPMAR93; TOPMAR98; TOPMAR99; TOPSHP00; TOPSHP01; TOPSHP02; TOPSHP03; TOPSHP04; TOPSHP05; TOPSHP07; TOPSHP08; TOPSHP09;TE('%s'; TOPSHP10; TOPSHP11; TOPSHP12; TOPSHP13; TOPSHP15;TE('%s'; TOPSHP16; TOPSHP17; TOPSHP18; TOPSHP19; TOPSHP20; TOPSHP21; TOPSHP22; TOPSHP23; TOPSHP24; TOPSHP25; TOPSHP28; TOPSHP29; TOPSHP30; TOPSHP31; TOPSHP32; TOPSHP33; TOPSHP34; TOPSHP35; TOPSHP36; TOPSHP37; TOPSHP38; TOPSHP40; TOPSHP41; TOPSHP42; TOPSHP43; TOPSHP44; TOPSHP47; TOPSHP48; TOPSHP51; TOPSHP52; TOPSHP53; TOPSHP54; TOPSHP55; TOPSHP58; TOPSHP61; TOPSHP62; TOPSHP63; TOPSHP64; TOPSHP65; TOPSHP67; TOPSHP69; TOPSHP70; TOPSHP71; TOPSHP72; TOPSHP73;TE('%s'; TOPSHP74; TOPSHP76; TOPSHP77; TOPSHP78; TOPSHP79; TOPSHP80; TOPSHP81;TE('%s'; TOPSHP82; TOPSHP83; TOPSHP84; TOPSHP85; TOPSHP87; TOPSHP88; TOPSHP89;TE('%s'; TOPSHP90; TOPSHP91; TOPSHP92; TOPSHP93; TOPSHP94; TOPSHP95; TOPSHP96; TOPSHP97; TOPSHP98; TOPSHP99; TOPSHPA0; TOPSHPA1; TOPSHPA2; TOPSHPA3; TOPSHPA4; TOPSHPA5; TOPSHPA6; TOPSHPA7; TOPSHPA8; TOPSHPA9; TOPSHPB0; TOPSHPD1; TOPSHPD2; TOPSHPD3; TOPSHPI1; TOPSHPI2; TOPSHPI3; TOPSHPJ1; TOPSHPJ3; TOPSHPP2; TOPSHPR1; TOPSHPS1; TOPSHPT1; TOPSHPT2; TOPSHPT3; TOPSHPT4; TOPSHPT5; TOPSHPT6; TOPSHPT7; TOPSHPT8;TE('%s'; TOPSHPU1; TOPSHPU2; TOPSHQ06; TOPSHQ07; TOPSHQ08; TOPSHQ15; TOPSHQ16; TOPSHQ17; TOPSHQ18; TOPSHQ19; TOPSHQ20; TOPSHQ21; TOPSHQ22; TOPSHQ23; TOPSHQ24; TOPSHQ25; TOPSHQ26; TOPSHQ27; TOPSHQ28; TOPSHQ29; TOPSHQ30; TOPSHQ31; TOPSHQ32; ZZZZZZ01,0,,2,0,,official_row_attribute_mapped,name_mapping; s57_object_crosswalk; int1_section_cross_check; semantic_qa,crop_extract_svg; direct_artwork_derivation; canonical_asset_source
Q6,Colour of Buoys and Beacons Topmarks,Retroreflecting material,47,,,out/chart1_mappings/reference/rows/icon_refs/Q6.png,out/chart1_mappings/reference/rows/Q6.png,0,,0,,0,,0,0,,official_row_unmatched_to_helm_asset,name_mapping; s57_object_crosswalk; int1_section_cross_check; semantic_qa,crop_extract_svg; direct_artwork_derivation; canonical_asset_source
Q7,Lighted Marks,Lighted marks on standard charts,47,BCNXXX; BOYXXX,"{""attributes"": [], ""object"": ""BCNXXX"", ""precision"": ""object_only_broad"", ""source_ref"": ""BCNXXX""}; {""attributes"": [], ""object"": ""BOYXXX"", ""precision"": ""object_only_broad"", ""source_ref"": ""BOYXXX""}",out/chart1_mappings/reference/rows/icon_refs/Q7.png,out/chart1_mappings/reference/rows/Q7.png,0,,0,,204,BCNCAR01; BCNCAR02; BCNCAR03; BCNCAR04; BCNCON81; BCNDEF13; BCNGEN01; BCNGEN03; BCNGEN05; BCNGEN60; BCNGEN61; BCNGEN64; BCNGEN65; BCNGEN68; BCNGEN69; BCNGEN70; BCNGEN71; BCNGEN76; BCNGEN79; BCNGEN80; BCNISD21; BCNLAT15; BCNLAT16; BCNLAT21; BCNLAT22; BCNLAT23; BCNLAT50; BCNLTC01; BCNSAW13; BCNSAW21; BCNSPP13; BCNSPP21; BCNSPR62; BCNSTK02; BCNSTK03; BCNSTK05; BCNSTK08; BCNSTK60; BCNSTK61; BCNSTK62; BCNSTK77; BCNSTK78; BCNSTK79; BCNSTK80; BCNSTK81; BCNSTK82; BCNSTK83; BCNTOW01; BCNTOW05; BCNTOW60; BCNTOW61; BCNTOW62; BCNTOW63; BCNTOW64; BCNTOW65; BCNTOW66; BCNTOW68; BCNTOW69; BCNTOW70; BCNTOW71; BCNTOW74; BCNTOW76; BCNTOW85; BCNTOW86; BCNTOW87; BCNTOW88; BCNTOW89; BCNTOW90; BCNTOW91; BOYBAR01; BOYBAR60; BOYBAR61; BOYBAR62; BOYCAN01; BOYCAN60; BOYCAN61; BOYCAN62; BOYCAN63; BOYCAN64; BOYCAN65; BOYCAN68; BOYCAN69; BOYCAN70; BOYCAN71; BOYCAN72; BOYCAN73; BOYCAN74; BOYCAN75; BOYCAN76; BOYCAN77; BOYCAN78; BOYCAN79; BOYCAN80; BOYCAN81; BOYCAN82; BOYCAN83; BOYCAR01; BOYCAR02; BOYCAR03; BOYCAR04; BOYCON01; BOYCON60; BOYCON61; BOYCON62; BOYCON63; BOYCON64; BOYCON65; BOYCON66; BOYCON67; BOYCON68; BOYCON69; BOYCON70; BOYCON71; BOYCON72; BOYCON73; BOYCON74; BOYCON77; BOYCON78; BOYCON79; BOYCON80; BOYCON81; BOYDEF03; BOYGEN03; BOYINB01; BOYISD12; BOYLAT13; BOYLAT14; BOYLAT23; BOYLAT24; BOYLAT25; BOYLAT26; BOYLAT27; BOYLAT50; BOYLAT51; BOYLAT52; BOYLAT53; BOYLAT54; BOYLAT55; BOYLAT56; BOYMOR01; BOYMOR03; BOYMOR11; BOYMOR31; BOYPIL01; BOYPIL59; BOYPIL60; BOYPIL61; BOYPIL62; BOYPIL66; BOYPIL67; BOYPIL68; BOYPIL69; BOYPIL70; BOYPIL71; BOYPIL72; BOYPIL73; BOYPIL74; BOYPIL78; BOYPIL81; BOYSAW12; BOYSPH01; BOYSPH05; BOYSPH60; BOYSPH62; BOYSPH65; BOYSPH66; BOYSPH68; BOYSPH69; BOYSPH70; BOYSPH71; BOYSPH74; BOYSPH75; BOYSPH77; BOYSPH79; BOYSPP11; BOYSPP15; BOYSPP25; BOYSPR01; BOYSPR02; BOYSPR03; BOYSPR04; BOYSPR05; BOYSPR60; BOYSPR61; BOYSPR62; BOYSPR65; BOYSPR68; BOYSPR69; BOYSPR70; BOYSPR71; BOYSPR72; BOYSUP01; BOYSUP02; BOYSUP03; BOYSUP62; BOYSUP65; BOYSUP66; CAIRNS01; CAIRNS11; NOTBRD11; NOTBRD12; PRICKE03; PRICKE04; boyspp50,0,0,,official_row_broad_candidate_only,name_mapping; s57_object_crosswalk; int1_section_cross_check; semantic_qa,crop_extract_svg; direct_artwork_derivation; canonical_asset_source
Q8,Lighted Marks,Lighted marks on multicoloured charts,47,BCNXXX; BOYXXX,"{""attributes"": [], ""object"": ""BCNXXX"", ""precision"": ""object_only_broad"", ""source_ref"": ""BCNXXX""}; {""attributes"": [], ""object"": ""BOYXXX"", ""precision"": ""object_only_broad"", ""source_ref"": ""BOYXXX""}",out/chart1_mappings/reference/rows/icon_refs/Q8.png,out/chart1_mappings/reference/rows/Q8.png,0,,0,,204,BCNCAR01; BCNCAR02; BCNCAR03; BCNCAR04; BCNCON81; BCNDEF13; BCNGEN01; BCNGEN03; BCNGEN05; BCNGEN60; BCNGEN61; BCNGEN64; BCNGEN65; BCNGEN68; BCNGEN69; BCNGEN70; BCNGEN71; BCNGEN76; BCNGEN79; BCNGEN80; BCNISD21; BCNLAT15; BCNLAT16; BCNLAT21; BCNLAT22; BCNLAT23; BCNLAT50; BCNLTC01; BCNSAW13; BCNSAW21; BCNSPP13; BCNSPP21; BCNSPR62; BCNSTK02; BCNSTK03; BCNSTK05; BCNSTK08; BCNSTK60; BCNSTK61; BCNSTK62; BCNSTK77; BCNSTK78; BCNSTK79; BCNSTK80; BCNSTK81; BCNSTK82; BCNSTK83; BCNTOW01; BCNTOW05; BCNTOW60; BCNTOW61; BCNTOW62; BCNTOW63; BCNTOW64; BCNTOW65; BCNTOW66; BCNTOW68; BCNTOW69; BCNTOW70; BCNTOW71; BCNTOW74; BCNTOW76; BCNTOW85; BCNTOW86; BCNTOW87; BCNTOW88; BCNTOW89; BCNTOW90; BCNTOW91; BOYBAR01; BOYBAR60; BOYBAR61; BOYBAR62; BOYCAN01; BOYCAN60; BOYCAN61; BOYCAN62; BOYCAN63; BOYCAN64; BOYCAN65; BOYCAN68; BOYCAN69; BOYCAN70; BOYCAN71; BOYCAN72; BOYCAN73; BOYCAN74; BOYCAN75; BOYCAN76; BOYCAN77; BOYCAN78; BOYCAN79; BOYCAN80; BOYCAN81; BOYCAN82; BOYCAN83; BOYCAR01; BOYCAR02; BOYCAR03; BOYCAR04; BOYCON01; BOYCON60; BOYCON61; BOYCON62; BOYCON63; BOYCON64; BOYCON65; BOYCON66; BOYCON67; BOYCON68; BOYCON69; BOYCON70; BOYCON71; BOYCON72; BOYCON73; BOYCON74; BOYCON77; BOYCON78; BOYCON79; BOYCON80; BOYCON81; BOYDEF03; BOYGEN03; BOYINB01; BOYISD12; BOYLAT13; BOYLAT14; BOYLAT23; BOYLAT24; BOYLAT25; BOYLAT26; BOYLAT27; BOYLAT50; BOYLAT51; BOYLAT52; BOYLAT53; BOYLAT54; BOYLAT55; BOYLAT56; BOYMOR01; BOYMOR03; BOYMOR11; BOYMOR31; BOYPIL01; BOYPIL59; BOYPIL60; BOYPIL61; BOYPIL62; BOYPIL66; BOYPIL67; BOYPIL68; BOYPIL69; BOYPIL70; BOYPIL71; BOYPIL72; BOYPIL73; BOYPIL74; BOYPIL78; BOYPIL81; BOYSAW12; BOYSPH01; BOYSPH05; BOYSPH60; BOYSPH62; BOYSPH65; BOYSPH66; BOYSPH68; BOYSPH69; BOYSPH70; BOYSPH71; BOYSPH74; BOYSPH75; BOYSPH77; BOYSPH79; BOYSPP11; BOYSPP15; BOYSPP25; BOYSPR01; BOYSPR02; BOYSPR03; BOYSPR04; BOYSPR05; BOYSPR60; BOYSPR61; BOYSPR62; BOYSPR65; BOYSPR68; BOYSPR69; BOYSPR70; BOYSPR71; BOYSPR72; BOYSUP01; BOYSUP02; BOYSUP03; BOYSUP62; BOYSUP65; BOYSUP66; CAIRNS01; CAIRNS11; NOTBRD11; NOTBRD12; PRICKE03; PRICKE04; boyspp50,0,0,,official_row_broad_candidate_only,name_mapping; s57_object_crosswalk; int1_section_cross_check; semantic_qa,crop_extract_svg; direct_artwork_derivation; canonical_asset_source
Q9,Topmarks and Radar Reflectors,IALA System buoy topmarks,47,TOPMAR.TOPSH,"{""attributes"": [{""accepted_values"": [], ""attribute"": ""TOPSHP"", ""match"": ""attribute_present""}], ""object"": ""TOPMAR"", ""precision"": ""object_and_attributes"", ""source_ref"": ""TOPMAR.TOPSH""}",out/chart1_mappings/reference/rows/icon_refs/Q9.png,out/chart1_mappings/reference/rows/Q9.png,155,TOPMA100; TOPMA102; TOPMA106; TOPMA107; TOPMA109; TOPMA111; TOPMA113; TOPMA114; TOPMA115; TOPMA116; TOPMA117; TOPMAR01; TOPMAR87; TOPMAR88; TOPMAR90; TOPMAR93; TOPMAR98; TOPMAR99; TOPSHP00; TOPSHP01; TOPSHP02; TOPSHP03; TOPSHP04; TOPSHP05; TOPSHP07; TOPSHP08; TOPSHP09;TE('%s'; TOPSHP10; TOPSHP11; TOPSHP12; TOPSHP13; TOPSHP15;TE('%s'; TOPSHP16; TOPSHP17; TOPSHP18; TOPSHP19; TOPSHP20; TOPSHP21; TOPSHP22; TOPSHP23; TOPSHP24; TOPSHP25; TOPSHP28; TOPSHP29; TOPSHP30; TOPSHP31; TOPSHP32; TOPSHP33; TOPSHP34; TOPSHP35; TOPSHP36; TOPSHP37; TOPSHP38; TOPSHP40; TOPSHP41; TOPSHP42; TOPSHP43; TOPSHP44; TOPSHP47; TOPSHP48; TOPSHP51; TOPSHP52; TOPSHP53; TOPSHP54; TOPSHP55; TOPSHP58; TOPSHP61; TOPSHP62; TOPSHP63; TOPSHP64; TOPSHP65; TOPSHP67; TOPSHP69; TOPSHP70; TOPSHP71; TOPSHP72; TOPSHP73;TE('%s'; TOPSHP74; TOPSHP76; TOPSHP77; TOPSHP78; TOPSHP79; TOPSHP80; TOPSHP81;TE('%s'; TOPSHP82; TOPSHP83; TOPSHP84; TOPSHP85; TOPSHP87; TOPSHP88; TOPSHP89;TE('%s'; TOPSHP90; TOPSHP91; TOPSHP92; TOPSHP93; TOPSHP94; TOPSHP95; TOPSHP96; TOPSHP97; TOPSHP98; TOPSHP99; TOPSHPA0; TOPSHPA1; TOPSHPA2; TOPSHPA3; TOPSHPA4; TOPSHPA5; TOPSHPA6; TOPSHPA7; TOPSHPA8; TOPSHPA9; TOPSHPB0; TOPSHPD1; TOPSHPD2; TOPSHPD3; TOPSHPI1; TOPSHPI2; TOPSHPI3; TOPSHPJ1; TOPSHPJ3; TOPSHPP2; TOPSHPR1; TOPSHPS1; TOPSHPT1; TOPSHPT2; TOPSHPT3; TOPSHPT4; TOPSHPT5; TOPSHPT6; TOPSHPT7; TOPSHPT8;TE('%s'; TOPSHPU1; TOPSHPU2; TOPSHQ06; TOPSHQ07; TOPSHQ08; TOPSHQ15; TOPSHQ16; TOPSHQ17; TOPSHQ18; TOPSHQ19; TOPSHQ20; TOPSHQ21; TOPSHQ22; TOPSHQ23; TOPSHQ24; TOPSHQ25; TOPSHQ26; TOPSHQ27; TOPSHQ28; TOPSHQ29; TOPSHQ30; TOPSHQ31; TOPSHQ32; ZZZZZZ01,155,TOPMA100; TOPMA102; TOPMA106; TOPMA107; TOPMA109; TOPMA111; TOPMA113; TOPMA114; TOPMA115; TOPMA116; TOPMA117; TOPMAR01; TOPMAR87; TOPMAR88; TOPMAR90; TOPMAR93; TOPMAR98; TOPMAR99; TOPSHP00; TOPSHP01; TOPSHP02; TOPSHP03; TOPSHP04; TOPSHP05; TOPSHP07; TOPSHP08; TOPSHP09;TE('%s'; TOPSHP10; TOPSHP11; TOPSHP12; TOPSHP13; TOPSHP15;TE('%s'; TOPSHP16; TOPSHP17; TOPSHP18; TOPSHP19; TOPSHP20; TOPSHP21; TOPSHP22; TOPSHP23; TOPSHP24; TOPSHP25; TOPSHP28; TOPSHP29; TOPSHP30; TOPSHP31; TOPSHP32; TOPSHP33; TOPSHP34; TOPSHP35; TOPSHP36; TOPSHP37; TOPSHP38; TOPSHP40; TOPSHP41; TOPSHP42; TOPSHP43; TOPSHP44; TOPSHP47; TOPSHP48; TOPSHP51; TOPSHP52; TOPSHP53; TOPSHP54; TOPSHP55; TOPSHP58; TOPSHP61; TOPSHP62; TOPSHP63; TOPSHP64; TOPSHP65; TOPSHP67; TOPSHP69; TOPSHP70; TOPSHP71; TOPSHP72; TOPSHP73;TE('%s'; TOPSHP74; TOPSHP76; TOPSHP77; TOPSHP78; TOPSHP79; TOPSHP80; TOPSHP81;TE('%s'; TOPSHP82; TOPSHP83; TOPSHP84; TOPSHP85; TOPSHP87; TOPSHP88; TOPSHP89;TE('%s'; TOPSHP90; TOPSHP91; TOPSHP92; TOPSHP93; TOPSHP94; TOPSHP95; TOPSHP96; TOPSHP97; TOPSHP98; TOPSHP99; TOPSHPA0; TOPSHPA1; TOPSHPA2; TOPSHPA3; TOPSHPA4; TOPSHPA5; TOPSHPA6; TOPSHPA7; TOPSHPA8; TOPSHPA9; TOPSHPB0; TOPSHPD1; TOPSHPD2; TOPSHPD3; TOPSHPI1; TOPSHPI2; TOPSHPI3; TOPSHPJ1; TOPSHPJ3; TOPSHPP2; TOPSHPR1; TOPSHPS1; TOPSHPT1; TOPSHPT2; TOPSHPT3; TOPSHPT4; TOPSHPT5; TOPSHPT6; TOPSHPT7; TOPSHPT8;TE('%s'; TOPSHPU1; TOPSHPU2; TOPSHQ06; TOPSHQ07; TOPSHQ08; TOPSHQ15; TOPSHQ16; TOPSHQ17; TOPSHQ18; TOPSHQ19; TOPSHQ20; TOPSHQ21; TOPSHQ22; TOPSHQ23; TOPSHQ24; TOPSHQ25; TOPSHQ26; TOPSHQ27; TOPSHQ28; TOPSHQ29; TOPSHQ30; TOPSHQ31; TOPSHQ32; ZZZZZZ01,0,,2,0,,official_row_attribute_mapped,name_mapping; s57_object_crosswalk; int1_section_cross_check; semantic_qa,crop_extract_svg; direct_artwork_derivation; canonical_asset_source
Q10,Topmarks and Radar Reflectors,"Beacon with topmark, colour, radar reflector and designation",47,COLOUR; BCNSHP; OBJNAM; TOPMAR.TOPSH.COLOUR; CONRAD=3,"{""attributes"": [], ""object"": ""COLOUR"", ""precision"": ""object_only_broad"", ""source_ref"": ""COLOUR""}; {""attributes"": [], ""object"": ""BCNSHP"", ""precision"": ""object_only_broad"", ""source_ref"": ""BCNSHP""}; {""attributes"": [], ""object"": ""OBJNAM"", ""precision"": ""object_only_broad"", ""source_ref"": ""OBJNAM""}; {""attributes"": [{""accepted_values"": [], ""attribute"": ""TOPSHP"", ""match"": ""attribute_present""}, {""accepted_values"": [], ""attribute"": ""COLOUR"", ""match"": ""attribute_present""}], ""object"": ""TOPMAR"", ""precision"": ""object_and_attributes"", ""source_ref"": ""TOPMAR.TOPSH.COLOUR""}; {""attributes"": [], ""object"": ""CONRAD=3"", ""precision"": ""object_only_broad"", ""source_ref"": ""CONRAD=3""}",out/chart1_mappings/reference/rows/icon_refs/Q10.png,out/chart1_mappings/reference/rows/Q10.png,129,TOPMA100; TOPMA102; TOPMA106; TOPMA107; TOPMA109; TOPMA111; TOPMA113; TOPMA114; TOPMA115; TOPMA116; TOPMA117; TOPMAR01; TOPMAR98; TOPMAR99; TOPSHP00; TOPSHP01; TOPSHP02; TOPSHP03; TOPSHP04; TOPSHP05; TOPSHP07; TOPSHP08; TOPSHP09;TE('%s'; TOPSHP10; TOPSHP11; TOPSHP12; TOPSHP13; TOPSHP15;TE('%s'; TOPSHP16; TOPSHP17; TOPSHP18; TOPSHP19; TOPSHP20; TOPSHP21; TOPSHP22; TOPSHP23; TOPSHP24; TOPSHP25; TOPSHP28; TOPSHP29; TOPSHP30; TOPSHP31; TOPSHP32; TOPSHP33; TOPSHP34; TOPSHP35; TOPSHP36; TOPSHP37; TOPSHP38; TOPSHP40; TOPSHP41; TOPSHP42; TOPSHP43; TOPSHP44; TOPSHP47; TOPSHP48; TOPSHP51; TOPSHP52; TOPSHP53; TOPSHP54; TOPSHP55; TOPSHP58; TOPSHP61; TOPSHP62; TOPSHP63; TOPSHP64; TOPSHP65; TOPSHP67; TOPSHP69; TOPSHP70; TOPSHP71; TOPSHP72; TOPSHP73;TE('%s'; TOPSHP74; TOPSHP76; TOPSHP77; TOPSHP78; TOPSHP79; TOPSHP80; TOPSHP81;TE('%s'; TOPSHP82; TOPSHP83; TOPSHP84; TOPSHP85; TOPSHP87; TOPSHP88; TOPSHP89;TE('%s'; TOPSHP90; TOPSHP91; TOPSHP92; TOPSHP93; TOPSHP94; TOPSHP95; TOPSHP96; TOPSHP97; TOPSHP98; TOPSHP99; TOPSHPA0; TOPSHPA1; TOPSHPA2; TOPSHPA3; TOPSHPA4; TOPSHPA5; TOPSHPA6; TOPSHPA7; TOPSHPA8; TOPSHPA9; TOPSHPB0; TOPSHPD1; TOPSHPD2; TOPSHPD3; TOPSHPI1; TOPSHPI2; TOPSHPI3; TOPSHPJ1; TOPSHPJ3; TOPSHPP2; TOPSHPR1; TOPSHPS1; TOPSHPT1; TOPSHPT2; TOPSHPT3; TOPSHPT4; TOPSHPT5; TOPSHPT6; TOPSHPT7; TOPSHPT8;TE('%s'; TOPSHPU1; TOPSHPU2,129,TOPMA100; TOPMA102; TOPMA106; TOPMA107; TOPMA109; TOPMA111; TOPMA113; TOPMA114; TOPMA115; TOPMA116; TOPMA117; TOPMAR01; TOPMAR98; TOPMAR99; TOPSHP00; TOPSHP01; TOPSHP02; TOPSHP03; TOPSHP04; TOPSHP05; TOPSHP07; TOPSHP08; TOPSHP09;TE('%s'; TOPSHP10; TOPSHP11; TOPSHP12; TOPSHP13; TOPSHP15;TE('%s'; TOPSHP16; TOPSHP17; TOPSHP18; TOPSHP19; TOPSHP20; TOPSHP21; TOPSHP22; TOPSHP23; TOPSHP24; TOPSHP25; TOPSHP28; TOPSHP29; TOPSHP30; TOPSHP31; TOPSHP32; TOPSHP33; TOPSHP34; TOPSHP35; TOPSHP36; TOPSHP37; TOPSHP38; TOPSHP40; TOPSHP41; TOPSHP42; TOPSHP43; TOPSHP44; TOPSHP47; TOPSHP48; TOPSHP51; TOPSHP52; TOPSHP53; TOPSHP54; TOPSHP55; TOPSHP58; TOPSHP61; TOPSHP62; TOPSHP63; TOPSHP64; TOPSHP65; TOPSHP67; TOPSHP69; TOPSHP70; TOPSHP71; TOPSHP72; TOPSHP73;TE('%s'; TOPSHP74; TOPSHP76; TOPSHP77; TOPSHP78; TOPSHP79; TOPSHP80; TOPSHP81;TE('%s'; TOPSHP82; TOPSHP83; TOPSHP84; TOPSHP85; TOPSHP87; TOPSHP88; TOPSHP89;TE('%s'; TOPSHP90; TOPSHP91; TOPSHP92; TOPSHP93; TOPSHP94; TOPSHP95; TOPSHP96; TOPSHP97; TOPSHP98; TOPSHP99; TOPSHPA0; TOPSHPA1; TOPSHPA2; TOPSHPA3; TOPSHPA4; TOPSHPA5; TOPSHPA6; TOPSHPA7; TOPSHPA8; TOPSHPA9; TOPSHPB0; TOPSHPD1; TOPSHPD2; TOPSHPD3; TOPSHPI1; TOPSHPI2; TOPSHPI3; TOPSHPJ1; TOPSHPJ3; TOPSHPP2; TOPSHPR1; TOPSHPS1; TOPSHPT1; TOPSHPT2; TOPSHPT3; TOPSHPT4; TOPSHPT5; TOPSHPT6; TOPSHPT7; TOPSHPT8;TE('%s'; TOPSHPU1; TOPSHPU2,0,,0,0,,official_row_attribute_mapped,name_mapping; s57_object_crosswalk; int1_section_cross_check; semantic_qa,crop_extract_svg; direct_artwork_derivation; canonical_asset_source
Q11,Topmarks and Radar Reflectors,"Buoy with topmark, colour, radar reflector and designation",47,BOYXXX.CONRAD=3; COLOUR; BOYSHP; OBJNAM; TOPMAR.TOPSH.COLOUR; CONRAD=3,"{""attributes"": [{""accepted_values"": [""3""], ""attribute"": ""CONRAD"", ""match"": ""value_any""}], ""object"": ""BOYXXX"", ""precision"": ""object_and_attributes"", ""source_ref"": ""BOYXXX.CONRAD=3""}; {""attributes"": [], ""object"": ""COLOUR"", ""precision"": ""object_only_broad"", ""source_ref"": ""COLOUR""}; {""attributes"": [], ""object"": ""BOYSHP"", ""precision"": ""object_only_broad"", ""source_ref"": ""BOYSHP""}; {""attributes"": [], ""object"": ""OBJNAM"", ""precision"": ""object_only_broad"", ""source_ref"": ""OBJNAM""}; {""attributes"": [{""accepted_values"": [], ""attribute"": ""TOPSHP"", ""match"": ""attribute_present""}, {""accepted_values"": [], ""attribute"": ""COLOUR"", ""match"": ""attribute_present""}], ""object"": ""TOPMAR"", ""precision"": ""object_and_attributes"", ""source_ref"": ""TOPMAR.TOPSH.COLOUR""}; {""attributes"": [], ""object"": ""CONRAD=3"", ""precision"": ""object_only_broad"", ""source_ref"": ""CONRAD=3""}",out/chart1_mappings/reference/rows/icon_refs/Q11.png,out/chart1_mappings/reference/rows/Q11.png,129,TOPMA100; TOPMA102; TOPMA106; TOPMA107; TOPMA109; TOPMA111; TOPMA113; TOPMA114; TOPMA115; TOPMA116; TOPMA117; TOPMAR01; TOPMAR98; TOPMAR99; TOPSHP00; TOPSHP01; TOPSHP02; TOPSHP03; TOPSHP04; TOPSHP05; TOPSHP07; TOPSHP08; TOPSHP09;TE('%s'; TOPSHP10; TOPSHP11; TOPSHP12; TOPSHP13; TOPSHP15;TE('%s'; TOPSHP16; TOPSHP17; TOPSHP18; TOPSHP19; TOPSHP20; TOPSHP21; TOPSHP22; TOPSHP23; TOPSHP24; TOPSHP25; TOPSHP28; TOPSHP29; TOPSHP30; TOPSHP31; TOPSHP32; TOPSHP33; TOPSHP34; TOPSHP35; TOPSHP36; TOPSHP37; TOPSHP38; TOPSHP40; TOPSHP41; TOPSHP42; TOPSHP43; TOPSHP44; TOPSHP47; TOPSHP48; TOPSHP51; TOPSHP52; TOPSHP53; TOPSHP54; TOPSHP55; TOPSHP58; TOPSHP61; TOPSHP62; TOPSHP63; TOPSHP64; TOPSHP65; TOPSHP67; TOPSHP69; TOPSHP70; TOPSHP71; TOPSHP72; TOPSHP73;TE('%s'; TOPSHP74; TOPSHP76; TOPSHP77; TOPSHP78; TOPSHP79; TOPSHP80; TOPSHP81;TE('%s'; TOPSHP82; TOPSHP83; TOPSHP84; TOPSHP85; TOPSHP87; TOPSHP88; TOPSHP89;TE('%s'; TOPSHP90; TOPSHP91; TOPSHP92; TOPSHP93; TOPSHP94; TOPSHP95; TOPSHP96; TOPSHP97; TOPSHP98; TOPSHP99; TOPSHPA0; TOPSHPA1; TOPSHPA2; TOPSHPA3; TOPSHPA4; TOPSHPA5; TOPSHPA6; TOPSHPA7; TOPSHPA8; TOPSHPA9; TOPSHPB0; TOPSHPD1; TOPSHPD2; TOPSHPD3; TOPSHPI1; TOPSHPI2; TOPSHPI3; TOPSHPJ1; TOPSHPJ3; TOPSHPP2; TOPSHPR1; TOPSHPS1; TOPSHPT1; TOPSHPT2; TOPSHPT3; TOPSHPT4; TOPSHPT5; TOPSHPT6; TOPSHPT7; TOPSHPT8;TE('%s'; TOPSHPU1; TOPSHPU2,129,TOPMA100; TOPMA102; TOPMA106; TOPMA107; TOPMA109; TOPMA111; TOPMA113; TOPMA114; TOPMA115; TOPMA116; TOPMA117; TOPMAR01; TOPMAR98; TOPMAR99; TOPSHP00; TOPSHP01; TOPSHP02; TOPSHP03; TOPSHP04; TOPSHP05; TOPSHP07; TOPSHP08; TOPSHP09;TE('%s'; TOPSHP10; TOPSHP11; TOPSHP12; TOPSHP13; TOPSHP15;TE('%s'; TOPSHP16; TOPSHP17; TOPSHP18; TOPSHP19; TOPSHP20; TOPSHP21; TOPSHP22; TOPSHP23; TOPSHP24; TOPSHP25; TOPSHP28; TOPSHP29; TOPSHP30; TOPSHP31; TOPSHP32; TOPSHP33; TOPSHP34; TOPSHP35; TOPSHP36; TOPSHP37; TOPSHP38; TOPSHP40; TOPSHP41; TOPSHP42; TOPSHP43; TOPSHP44; TOPSHP47; TOPSHP48; TOPSHP51; TOPSHP52; TOPSHP53; TOPSHP54; TOPSHP55; TOPSHP58; TOPSHP61; TOPSHP62; TOPSHP63; TOPSHP64; TOPSHP65; TOPSHP67; TOPSHP69; TOPSHP70; TOPSHP71; TOPSHP72; TOPSHP73;TE('%s'; TOPSHP74; TOPSHP76; TOPSHP77; TOPSHP78; TOPSHP79; TOPSHP80; TOPSHP81;TE('%s'; TOPSHP82; TOPSHP83; TOPSHP84; TOPSHP85; TOPSHP87; TOPSHP88; TOPSHP89;TE('%s'; TOPSHP90; TOPSHP91; TOPSHP92; TOPSHP93; TOPSHP94; TOPSHP95; TOPSHP96; TOPSHP97; TOPSHP98; TOPSHP99; TOPSHPA0; TOPSHPA1; TOPSHPA2; TOPSHPA3; TOPSHPA4; TOPSHPA5; TOPSHPA6; TOPSHPA7; TOPSHPA8; TOPSHPA9; TOPSHPB0; TOPSHPD1; TOPSHPD2; TOPSHPD3; TOPSHPI1; TOPSHPI2; TOPSHPI3; TOPSHPJ1; TOPSHPJ3; TOPSHPP2; TOPSHPR1; TOPSHPS1; TOPSHPT1; TOPSHPT2; TOPSHPT3; TOPSHPT4; TOPSHPT5; TOPSHPT6; TOPSHPT7; TOPSHPT8;TE('%s'; TOPSHPU1; TOPSHPU2,0,,0,0,,official_row_attribute_mapped,name_mapping; s57_object_crosswalk; int1_section_cross_check; semantic_qa,crop_extract_svg; direct_artwork_derivation; canonical_asset_source
Q20,Shapes,"Conical buoy, nun buoy, ogival buoy",48,BOYXXX.BOYSHP=1,"{""attributes"": [{""accepted_values"": [""1""], ""attribute"": ""BOYSHP"", ""match"": ""value_any""}], ""object"": ""BOYXXX"", ""precision"": ""object_and_attributes"", ""source_ref"": ""BOYXXX.BOYSHP=1""}",out/chart1_mappings/reference/rows/icon_refs/Q20.png,out/chart1_mappings/reference/rows/Q20.png,24,BOYCON01; BOYCON60; BOYCON61; BOYCON62; BOYCON63; BOYCON64; BOYCON65; BOYCON66; BOYCON67; BOYCON68; BOYCON69; BOYCON70; BOYCON71; BOYCON72; BOYCON73; BOYCON74; BOYCON77; BOYCON78; BOYCON80; BOYCON81; BOYLAT13; BOYLAT14; BOYSPH79; BOYSPP15,24,BOYCON01; BOYCON60; BOYCON61; BOYCON62; BOYCON63; BOYCON64; BOYCON65; BOYCON66; BOYCON67; BOYCON68; BOYCON69; BOYCON70; BOYCON71; BOYCON72; BOYCON73; BOYCON74; BOYCON77; BOYCON78; BOYCON80; BOYCON81; BOYLAT13; BOYLAT14; BOYSPH79; BOYSPP15,0,,4,22,File:NChart ECDIS Lateral simple ConicalBuoy Green.svg; File:NChart ECDIS Lateral simple ConicalBuoy Red.svg; File:NChart-Symbol INT ConicalBuoy Green ConicalTM.svg; File:NChart-Symbol INT ConicalBuoy Green CylindricalTM.svg; File:NChart-Symbol INT ConicalBuoy Green SphereTM.svg; File:NChart-Symbol INT ConicalBuoy Green XShapeTM.svg; File:NChart-Symbol INT ConicalBuoy Green.svg; File:NChart-Symbol INT ConicalBuoy Red ConicalTM.svg; File:NChart-Symbol INT ConicalBuoy Red CylindricalTM.svg; File:NChart-Symbol INT ConicalBuoy Red SphereTM.svg; File:NChart-Symbol INT ConicalBuoy Red XShapeTM.svg; File:NChart-Symbol INT ConicalBuoy Red.svg; File:NChart-Symbol INT Lighted ConicalBuoy Green ConicalTM.svg; File:NChart-Symbol INT Lighted ConicalBuoy Green CylindricalTM.svg; File:NChart-Symbol INT Lighted ConicalBuoy Green SphereTM.svg; File:NChart-Symbol INT Lighted ConicalBuoy Green XShapeTM.svg; File:NChart-Symbol INT Lighted ConicalBuoy Green.svg; File:NChart-Symbol INT Lighted ConicalBuoy Red ConicalTM.svg; File:NChart-Symbol INT Lighted ConicalBuoy Red CylindricalTM.svg; File:NChart-Symbol INT Lighted ConicalBuoy Red SphereTM.svg; File:NChart-Symbol INT Lighted ConicalBuoy Red XShapeTM.svg; File:NChart-Symbol INT Lighted ConicalBuoy Red.svg,official_row_attribute_mapped,name_mapping; s57_object_crosswalk; int1_section_cross_check; semantic_qa,crop_extract_svg; direct_artwork_derivation; canonical_asset_source
Q21,Shapes,"Can buoy, cylindrical buoy",48,BOYXXX.BOYSHP=2,"{""attributes"": [{""accepted_values"": [""2""], ""attribute"": ""BOYSHP"", ""match"": ""value_any""}], ""object"": ""BOYXXX"", ""precision"": ""object_and_attributes"", ""source_ref"": ""BOYXXX.BOYSHP=2""}",out/chart1_mappings/reference/rows/icon_refs/Q21.png,out/chart1_mappings/reference/rows/Q21.png,28,BOYCAN01; BOYCAN60; BOYCAN61; BOYCAN62; BOYCAN63; BOYCAN64; BOYCAN65; BOYCAN68; BOYCAN69; BOYCAN70; BOYCAN71; BOYCAN72; BOYCAN73; BOYCAN74; BOYCAN75; BOYCAN76; BOYCAN77; BOYCAN78; BOYCAN79; BOYCAN80; BOYCAN81; BOYCAN82; BOYCAN83; BOYLAT23; BOYLAT24; BOYMOR03; BOYMOR31; BOYSPP25,28,BOYCAN01; BOYCAN60; BOYCAN61; BOYCAN62; BOYCAN63; BOYCAN64; BOYCAN65; BOYCAN68; BOYCAN69; BOYCAN70; BOYCAN71; BOYCAN72; BOYCAN73; BOYCAN74; BOYCAN75; BOYCAN76; BOYCAN77; BOYCAN78; BOYCAN79; BOYCAN80; BOYCAN81; BOYCAN82; BOYCAN83; BOYLAT23; BOYLAT24; BOYMOR03; BOYMOR31; BOYSPP25,0,,5,22,File:NChart ECDIS Lateral simple CanBuoy Green.svg; File:NChart ECDIS Lateral simple CanBuoy Red.svg; File:NChart-Symbol INT CanBuoy Green ConicalTM.svg; File:NChart-Symbol INT CanBuoy Green CylindricalTM.svg; File:NChart-Symbol INT CanBuoy Green SphereTM.svg; File:NChart-Symbol INT CanBuoy Green XShapeTM.svg; File:NChart-Symbol INT CanBuoy Green.svg; File:NChart-Symbol INT CanBuoy Red ConicalTM.svg; File:NChart-Symbol INT CanBuoy Red CylindricalTM.svg; File:NChart-Symbol INT CanBuoy Red SphereTM.svg; File:NChart-Symbol INT CanBuoy Red XShapeTM.svg; File:NChart-Symbol INT CanBuoy Red.svg; File:NChart-Symbol INT Lighted CanBuoy Green ConicalTM.svg; File:NChart-Symbol INT Lighted CanBuoy Green CylindricalTM.svg; File:NChart-Symbol INT Lighted CanBuoy Green SphereTM.svg; File:NChart-Symbol INT Lighted CanBuoy Green XShapeTM.svg; File:NChart-Symbol INT Lighted CanBuoy Green.svg; File:NChart-Symbol INT Lighted CanBuoy Red ConicalTM.svg; File:NChart-Symbol INT Lighted CanBuoy Red CylindricalTM.svg; File:NChart-Symbol INT Lighted CanBuoy Red SphereTM.svg; File:NChart-Symbol INT Lighted CanBuoy Red XShapeTM.svg; File:NChart-Symbol INT Lighted CanBuoy Red.svg,official_row_attribute_mapped,name_mapping; s57_object_crosswalk; int1_section_cross_check; semantic_qa,crop_extract_svg; direct_artwork_derivation; canonical_asset_source
Q22,Shapes,Spherical buoy,48,BOYXXX.BOYSHP=3,"{""attributes"": [{""accepted_values"": [""3""], ""attribute"": ""BOYSHP"", ""match"": ""value_any""}], ""object"": ""BOYXXX"", ""precision"": ""object_and_attributes"", ""source_ref"": ""BOYXXX.BOYSHP=3""}",out/chart1_mappings/reference/rows/icon_refs/Q22.png,out/chart1_mappings/reference/rows/Q22.png,14,BOYMOR01; BOYSPH01; BOYSPH05; BOYSPH60; BOYSPH62; BOYSPH65; BOYSPH66; BOYSPH68; BOYSPH69; BOYSPH70; BOYSPH71; BOYSPH74; BOYSPH75; BOYSPH77,14,BOYMOR01; BOYSPH01; BOYSPH05; BOYSPH60; BOYSPH62; BOYSPH65; BOYSPH66; BOYSPH68; BOYSPH69; BOYSPH70; BOYSPH71; BOYSPH74; BOYSPH75; BOYSPH77,0,,3,36,File:NChart-Symbol INT CanBuoy Green SphereTM.svg; File:NChart-Symbol INT CanBuoy Red SphereTM.svg; File:NChart-Symbol INT ConicalBuoy Green SphereTM.svg; File:NChart-Symbol INT ConicalBuoy Red SphereTM.svg; File:NChart-Symbol INT Lighted CanBuoy Green SphereTM.svg; File:NChart-Symbol INT Lighted CanBuoy Red SphereTM.svg; File:NChart-Symbol INT Lighted ConicalBuoy Green SphereTM.svg; File:NChart-Symbol INT Lighted ConicalBuoy Red SphereTM.svg; File:NChart-Symbol INT Lighted PillarBuoy Green SphereTM.svg; File:NChart-Symbol INT Lighted PillarBuoy Red SphereTM.svg; File:NChart-Symbol INT Lighted SparBuoy Green SphereTM.svg; File:NChart-Symbol INT Lighted SparBuoy Red SphereTM.svg; File:NChart-Symbol INT Lighted SphereBuoy Green ConicalTM.svg; File:NChart-Symbol INT Lighted SphereBuoy Green CylindricalTM.svg; File:NChart-Symbol INT Lighted SphereBuoy Green.svg; File:NChart-Symbol INT Lighted SphereBuoy Red ConicalTM.svg; File:NChart-Symbol INT Lighted SphereBuoy Red CylindricalTM.svg; File:NChart-Symbol INT Lighted SphereBuoy Red.svg; File:NChart-Symbol INT Lighted SphericalBuoy Green SphereTM.svg; File:NChart-Symbol INT Lighted SphericalBuoy Green XShapeTM.svg; File:NChart-Symbol INT Lighted SphericalBuoy Red SphereTM.svg; File:NChart-Symbol INT Lighted SphericalBuoy Red XShapeTM.svg; File:NChart-Symbol INT PillarBuoy Green SphereTM.svg; File:NChart-Symbol INT PillarBuoy Red SphereTM.svg; File:NChart-Symbol INT SparBuoy Green SphereTM.svg; File:NChart-Symbol INT SparBuoy Red SphereTM.svg; File:NChart-Symbol INT SphereBuoy Green ConicalTM.svg; File:NChart-Symbol INT SphereBuoy Green CylindricalTM.svg; File:NChart-Symbol INT SphereBuoy Green.svg; File:NChart-Symbol INT SphereBuoy Red ConicalTM.svg; File:NChart-Symbol INT SphereBuoy Red CylindricalTM.svg; File:NChart-Symbol INT SphereBuoy Red.svg; File:NChart-Symbol INT SphericalBuoy Green SphereTM.svg; File:NChart-Symbol INT SphericalBuoy Green XShapeTM.svg; File:NChart-Symbol INT SphericalBuoy Red SphereTM.svg; File:NChart-Symbol INT SphericalBuoy Red XShapeTM.svg,official_row_attribute_mapped,name_mapping; s57_object_crosswalk; int1_section_cross_check; semantic_qa,crop_extract_svg; direct_artwork_derivation; canonical_asset_source
Q23,Shapes,Pillar buoy,48,BOYXXX.BOYSHP=4,"{""attributes"": [{""accepted_values"": [""4""], ""attribute"": ""BOYSHP"", ""match"": ""value_any""}], ""object"": ""BOYXXX"", ""precision"": ""object_and_attributes"", ""source_ref"": ""BOYXXX.BOYSHP=4""}",out/chart1_mappings/reference/rows/icon_refs/Q23.png,out/chart1_mappings/reference/rows/Q23.png,17,BOYPIL01; BOYPIL59; BOYPIL60; BOYPIL61; BOYPIL62; BOYPIL66; BOYPIL67; BOYPIL68; BOYPIL69; BOYPIL70; BOYPIL71; BOYPIL72; BOYPIL73; BOYPIL74; BOYPIL78; BOYPIL81; BOYSPP11,17,BOYPIL01; BOYPIL59; BOYPIL60; BOYPIL61; BOYPIL62; BOYPIL66; BOYPIL67; BOYPIL68; BOYPIL69; BOYPIL70; BOYPIL71; BOYPIL72; BOYPIL73; BOYPIL74; BOYPIL78; BOYPIL81; BOYSPP11,0,,3,26,File:NChart-Symbol INT Cardinal LightedMark Pillar E.svg; File:NChart-Symbol INT Cardinal LightedMark Pillar N.svg; File:NChart-Symbol INT Cardinal LightedMark Pillar S.svg; File:NChart-Symbol INT Cardinal LightedMark Pillar W.svg; File:NChart-Symbol INT Cardinal Mark Pillar E.svg; File:NChart-Symbol INT Cardinal Mark Pillar N.svg; File:NChart-Symbol INT Cardinal Mark Pillar S.svg; File:NChart-Symbol INT Cardinal Mark Pillar W.svg; File:NChart-Symbol INT IsolatedDanger LightedMark Pillar.svg; File:NChart-Symbol INT IsolatedDanger Mark Pillar.svg; File:NChart-Symbol INT Lighted Pillar Green ConicalTM.svg; File:NChart-Symbol INT Lighted Pillar Green CylindricalTM.svg; File:NChart-Symbol INT Lighted Pillar Red ConicalTM.svg; File:NChart-Symbol INT Lighted Pillar Red CylindricalTM.svg; File:NChart-Symbol INT Lighted PillarBuoy Green SphereTM.svg; File:NChart-Symbol INT Lighted PillarBuoy Green XShapeTM.svg; File:NChart-Symbol INT Lighted PillarBuoy Red SphereTM.svg; File:NChart-Symbol INT Lighted PillarBuoy Red XShapeTM.svg; File:NChart-Symbol INT Pillar Green ConicalTM.svg; File:NChart-Symbol INT Pillar Green CylindricalTM.svg; File:NChart-Symbol INT Pillar Red ConicalTM.svg; File:NChart-Symbol INT Pillar Red CylindricalTM.svg; File:NChart-Symbol INT PillarBuoy Green SphereTM.svg; File:NChart-Symbol INT PillarBuoy Green XShapeTM.svg; File:NChart-Symbol INT PillarBuoy Red SphereTM.svg; File:NChart-Symbol INT PillarBuoy Red XShapeTM.svg,official_row_attribute_mapped,name_mapping; s57_object_crosswalk; int1_section_cross_check; semantic_qa,crop_extract_svg; direct_artwork_derivation; canonical_asset_source
Q24,Shapes,"Spar buoy, spindle buoy",48,BOYXXX.BOYSHP=5,"{""attributes"": [{""accepted_values"": [""5""], ""attribute"": ""BOYSHP"", ""match"": ""value_any""}], ""object"": ""BOYXXX"", ""precision"": ""object_and_attributes"", ""source_ref"": ""BOYXXX.BOYSHP=5""}",out/chart1_mappings/reference/rows/icon_refs/Q24.png,out/chart1_mappings/reference/rows/Q24.png,19,BCNGEN64; BCNGEN65; BCNSTK78; BCNSTK79; BCNSTK80; BCNSTK81; BOYSPR01; BOYSPR02; BOYSPR03; BOYSPR04; BOYSPR05; BOYSPR60; BOYSPR61; BOYSPR62; BOYSPR68; BOYSPR69; BOYSPR70; BOYSPR71; BOYSPR72,19,BCNGEN64; BCNGEN65; BCNSTK78; BCNSTK79; BCNSTK80; BCNSTK81; BOYSPR01; BOYSPR02; BOYSPR03; BOYSPR04; BOYSPR05; BOYSPR60; BOYSPR61; BOYSPR62; BOYSPR68; BOYSPR69; BOYSPR70; BOYSPR71; BOYSPR72,0,,2,24,File:NChart-Symbol INT Cardinal LightedMark Spar E.svg; File:NChart-Symbol INT Cardinal LightedMark Spar N.svg; File:NChart-Symbol INT Cardinal LightedMark Spar S.svg; File:NChart-Symbol INT Cardinal LightedMark Spar W.svg; File:NChart-Symbol INT Cardinal Mark Spar E.svg; File:NChart-Symbol INT Cardinal Mark Spar N.svg; File:NChart-Symbol INT Cardinal Mark Spar S.svg; File:NChart-Symbol INT Cardinal Mark Spar W.svg; File:NChart-Symbol INT IsolatedDanger LightedMark Spar.svg; File:NChart-Symbol INT IsolatedDanger Mark Spar.svg; File:NChart-Symbol INT Lighted Spar Green ConicalTM.svg; File:NChart-Symbol INT Lighted Spar Green CylindricalTM.svg; File:NChart-Symbol INT Lighted Spar Red ConicalTM.svg; File:NChart-Symbol INT Lighted Spar Red CylindricalTM.svg; File:NChart-Symbol INT Lighted SparBuoy Green SphereTM.svg; File:NChart-Symbol INT Lighted SparBuoy Red SphereTM.svg; File:NChart-Symbol INT Lighted SparBuoy XShapeTM.svg; File:NChart-Symbol INT Spar Green ConicalTM.svg; File:NChart-Symbol INT Spar Green CylindricalTM.svg; File:NChart-Symbol INT Spar Red ConicalTM.svg; File:NChart-Symbol INT Spar Red CylindricalTM.svg; File:NChart-Symbol INT SparBuoy Green SphereTM.svg; File:NChart-Symbol INT SparBuoy Red SphereTM.svg; File:NChart-Symbol INT SparBuoy XShapeTM.svg,official_row_attribute_mapped,name_mapping; s57_object_crosswalk; int1_section_cross_check; semantic_qa,crop_extract_svg; direct_artwork_derivation; canonical_asset_source
Q25,Shapes,"Barrel buoy, tun buoy",48,BOYXXX.BOYSHP=6,"{""attributes"": [{""accepted_values"": [""6""], ""attribute"": ""BOYSHP"", ""match"": ""value_any""}], ""object"": ""BOYXXX"", ""precision"": ""object_and_attributes"", ""source_ref"": ""BOYXXX.BOYSHP=6""}",out/chart1_mappings/reference/rows/icon_refs/Q25.png,out/chart1_mappings/reference/rows/Q25.png,4,BOYBAR01; BOYBAR60; BOYBAR61; BOYBAR62,4,BOYBAR01; BOYBAR60; BOYBAR61; BOYBAR62,0,,1,4,File:NChart-Symbol INT BarrelBuoy Green.svg; File:NChart-Symbol INT BarrelBuoy Red.svg; File:NChart-Symbol INT Lighted BarrelBuoy Green.svg; File:NChart-Symbol INT Lighted BarrelBuoy Red.svg,official_row_attribute_mapped,name_mapping; s57_object_crosswalk; int1_section_cross_check; semantic_qa,crop_extract_svg; direct_artwork_derivation; canonical_asset_source
Q26,Shapes,Superbuoy,48,BOYXXX.BOYSHP=7,"{""attributes"": [{""accepted_values"": [""7""], ""attribute"": ""BOYSHP"", ""match"": ""value_any""}], ""object"": ""BOYXXX"", ""precision"": ""object_and_attributes"", ""source_ref"": ""BOYXXX.BOYSHP=7""}",out/chart1_mappings/reference/rows/icon_refs/Q26.png,out/chart1_mappings/reference/rows/Q26.png,5,BOYSUP01; BOYSUP02; BOYSUP62; BOYSUP65; BOYSUP66,5,BOYSUP01; BOYSUP02; BOYSUP62; BOYSUP65; BOYSUP66,0,,2,0,,official_row_attribute_mapped,name_mapping; s57_object_crosswalk; int1_section_cross_check; semantic_qa,crop_extract_svg; direct_artwork_derivation; canonical_asset_source
Q30,Minor Light Floats,Light float as part of IALA System,48,LITFLT.COLOUR,"{""attributes"": [{""accepted_values"": [], ""attribute"": ""COLOUR"", ""match"": ""attribute_present""}], ""object"": ""LITFLT"", ""precision"": ""object_and_attributes"", ""source_ref"": ""LITFLT.COLOUR""}",out/chart1_mappings/reference/rows/icon_refs/Q30.png,out/chart1_mappings/reference/rows/Q30.png,2,LITFLT10; LITFLT61,2,LITFLT10; LITFLT61,0,,0,0,,official_row_attribute_mapped,name_mapping; s57_object_crosswalk; int1_section_cross_check; semantic_qa,crop_extract_svg; direct_artwork_derivation; canonical_asset_source
Q31,Minor Light Floats,Light float not part of IALA System,48,LITFLT.MARSYS=9,"{""attributes"": [{""accepted_values"": [""9""], ""attribute"": ""MARSYS"", ""match"": ""value_any""}], ""object"": ""LITFLT"", ""precision"": ""object_and_attributes"", ""source_ref"": ""LITFLT.MARSYS=9""}",out/chart1_mappings/reference/rows/icon_refs/Q31.png,out/chart1_mappings/reference/rows/Q31.png,0,,0,,0,,0,0,,official_row_unmatched_to_helm_asset,name_mapping; s57_object_crosswalk; int1_section_cross_check; semantic_qa,crop_extract_svg; direct_artwork_derivation; canonical_asset_source
Q40,Mooring Buoys,Mooring buoy,48,MORFAC.CATMOR=7.BOYSHP,"{""attributes"": [{""accepted_values"": [""7""], ""attribute"": ""CATMOR"", ""match"": ""value_any""}, {""accepted_values"": [], ""attribute"": ""BOYSHP"", ""match"": ""attribute_present""}], ""object"": ""MORFAC"", ""precision"": ""object_and_attributes"", ""source_ref"": ""MORFAC.CATMOR=7.BOYSHP""}",out/chart1_mappings/reference/rows/icon_refs/Q40.png,out/chart1_mappings/reference/rows/Q40.png,1,BOYMOR01,1,BOYMOR01,0,,1,0,,official_row_attribute_mapped,name_mapping; s57_object_crosswalk; int1_section_cross_check; semantic_qa,crop_extract_svg; direct_artwork_derivation; canonical_asset_source
Q41,Mooring Buoys,Lighted mooring buoy,48,MORFAC.CATMOR=7; BOYSHP=6; LIGHTS.LITCHR.COLOUR; SIGPER.SIGGRP,"{""attributes"": [{""accepted_values"": [""7""], ""attribute"": ""CATMOR"", ""match"": ""value_any""}], ""object"": ""MORFAC"", ""precision"": ""object_and_attributes"", ""source_ref"": ""MORFAC.CATMOR=7""}; {""attributes"": [], ""object"": ""BOYSHP=6"", ""precision"": ""object_only_broad"", ""source_ref"": ""BOYSHP=6""}; {""attributes"": [{""accepted_values"": [], ""attribute"": ""LITCHR"", ""match"": ""attribute_present""}, {""accepted_values"": [], ""attribute"": ""COLOUR"", ""match"": ""attribute_present""}], ""object"": ""LIGHTS"", ""precision"": ""object_and_attributes"", ""source_ref"": ""LIGHTS.LITCHR.COLOUR""}; {""attributes"": [{""accepted_values"": [], ""attribute"": ""SIGGRP"", ""match"": ""attribute_present""}], ""object"": ""SIGPER"", ""precision"": ""object_and_attributes"", ""source_ref"": ""SIGPER.SIGGRP""}",out/chart1_mappings/reference/rows/icon_refs/Q41.png,out/chart1_mappings/reference/rows/Q41.png,2,BOYMOR01; BOYMOR11,2,BOYMOR01; BOYMOR11,0,,2,0,,official_row_attribute_mapped,name_mapping; s57_object_crosswalk; int1_section_cross_check; semantic_qa,crop_extract_svg; direct_artwork_derivation; canonical_asset_source
Q42,Mooring Buoys,Trot mooring buoys with ground tackle and berth numbers,48,MORFAC(X3).CATMOR=7; BOYSHP=6; OBSTRN.CATOBS=9.WATLEV; CBLSUB(X6).CATCBL=6; BERTHS(X2),"{""attributes"": [{""accepted_values"": [""7""], ""attribute"": ""CATMOR"", ""match"": ""value_any""}], ""object"": ""MORFAC(X3)"", ""precision"": ""object_and_attributes"", ""source_ref"": ""MORFAC(X3).CATMOR=7""}; {""attributes"": [], ""object"": ""BOYSHP=6"", ""precision"": ""object_only_broad"", ""source_ref"": ""BOYSHP=6""}; {""attributes"": [{""accepted_values"": [""9""], ""attribute"": ""CATOBS"", ""match"": ""value_any""}, {""accepted_values"": [], ""attribute"": ""WATLEV"", ""match"": ""attribute_present""}], ""object"": ""OBSTRN"", ""precision"": ""object_and_attributes"", ""source_ref"": ""OBSTRN.CATOBS=9.WATLEV""}; {""attributes"": [{""accepted_values"": [""6""], ""attribute"": ""CATCBL"", ""match"": ""value_any""}], ""object"": ""CBLSUB(X6)"", ""precision"": ""object_and_attributes"", ""source_ref"": ""CBLSUB(X6).CATCBL=6""}; {""attributes"": [], ""object"": ""BERTHS(X2)"", ""precision"": ""object_only_broad"", ""source_ref"": ""BERTHS(X2)""}",out/chart1_mappings/reference/rows/icon_refs/Q42.png,out/chart1_mappings/reference/rows/Q42.png,0,,0,,0,,0,0,,official_row_unmatched_to_helm_asset,name_mapping; s57_object_crosswalk; int1_section_cross_check; semantic_qa,crop_extract_svg; direct_artwork_derivation; canonical_asset_source
Q43,Mooring Buoys,Mooring buoy with telegraphic or telephonic communications,48,MORFAC.CATMOR=7; CBLSUB.CATCBL=4.5,"{""attributes"": [{""accepted_values"": [""7""], ""attribute"": ""CATMOR"", ""match"": ""value_any""}], ""object"": ""MORFAC"", ""precision"": ""object_and_attributes"", ""source_ref"": ""MORFAC.CATMOR=7""}; {""attributes"": [{""accepted_values"": [""4""], ""attribute"": ""CATCBL"", ""match"": ""value_any""}, {""accepted_values"": [], ""attribute"": ""5"", ""match"": ""attribute_present""}], ""object"": ""CBLSUB"", ""precision"": ""object_and_attributes"", ""source_ref"": ""CBLSUB.CATCBL=4.5""}",out/chart1_mappings/reference/rows/icon_refs/Q43.png,out/chart1_mappings/reference/rows/Q43.png,2,BOYMOR01; BOYMOR11,2,BOYMOR01; BOYMOR11,0,,2,0,,official_row_attribute_mapped,name_mapping; s57_object_crosswalk; int1_section_cross_check; semantic_qa,crop_extract_svg; direct_artwork_derivation; canonical_asset_source
Q44,Mooring Buoys,Numerous moorings,48,ACHARE.CATACH=8,"{""attributes"": [{""accepted_values"": [""8""], ""attribute"": ""CATACH"", ""match"": ""value_any""}], ""object"": ""ACHARE"", ""precision"": ""object_and_attributes"", ""source_ref"": ""ACHARE.CATACH=8""}",out/chart1_mappings/reference/rows/icon_refs/Q44.png,out/chart1_mappings/reference/rows/Q44.png,0,,0,,0,,0,0,,official_row_unmatched_to_helm_asset,name_mapping; s57_object_crosswalk; int1_section_cross_check; semantic_qa,crop_extract_svg; direct_artwork_derivation; canonical_asset_source
Q45,Mooring Buoys,Visitors' mooring,48,SMCFAC.CATSCF=29,"{""attributes"": [{""accepted_values"": [""29""], ""attribute"": ""CATSCF"", ""match"": ""value_any""}], ""object"": ""SMCFAC"", ""precision"": ""object_and_attributes"", ""source_ref"": ""SMCFAC.CATSCF=29""}",out/chart1_mappings/reference/rows/icon_refs/Q45.png,out/chart1_mappings/reference/rows/Q45.png,0,,0,,0,,0,0,,official_row_unmatched_to_helm_asset,name_mapping; s57_object_crosswalk; int1_section_cross_check; semantic_qa,crop_extract_svg; direct_artwork_derivation; canonical_asset_source
Q50,Special Purposes Buoys,Firing danger area buoy,49,BOYSPP.CATSPM=1.BOYSHP=3; COLOUR=6; TOPMAR.TOPSH=7,"{""attributes"": [{""accepted_values"": [""1""], ""attribute"": ""CATSPM"", ""match"": ""value_any""}, {""accepted_values"": [""3""], ""attribute"": ""BOYSHP"", ""match"": ""value_any""}], ""object"": ""BOYSPP"", ""precision"": ""object_and_attributes"", ""source_ref"": ""BOYSPP.CATSPM=1.BOYSHP=3""}; {""attributes"": [], ""object"": ""COLOUR=6"", ""precision"": ""object_only_broad"", ""source_ref"": ""COLOUR=6""}; {""attributes"": [{""accepted_values"": [""7""], ""attribute"": ""TOPSHP"", ""match"": ""value_any""}], ""object"": ""TOPMAR"", ""precision"": ""object_and_attributes"", ""source_ref"": ""TOPMAR.TOPSH=7""}",out/chart1_mappings/reference/rows/icon_refs/Q50.png,out/chart1_mappings/reference/rows/Q50.png,5,TOPMA113; TOPSHPI1; TOPSHPI2; TOPSHPI3; TOPSHQ07,5,TOPMA113; TOPSHPI1; TOPSHPI2; TOPSHPI3; TOPSHQ07,0,,0,0,,official_row_attribute_mapped,name_mapping; s57_object_crosswalk; int1_section_cross_check; semantic_qa,crop_extract_svg; direct_artwork_derivation; canonical_asset_source
Q51,Special Purposes Buoys,Target,49,BOYSPP.CATSPM=2.BOYSHP=3; COLOUR=6; TOPMAR.TOPSH=7,"{""attributes"": [{""accepted_values"": [""2""], ""attribute"": ""CATSPM"", ""match"": ""value_any""}, {""accepted_values"": [""3""], ""attribute"": ""BOYSHP"", ""match"": ""value_any""}], ""object"": ""BOYSPP"", ""precision"": ""object_and_attributes"", ""source_ref"": ""BOYSPP.CATSPM=2.BOYSHP=3""}; {""attributes"": [], ""object"": ""COLOUR=6"", ""precision"": ""object_only_broad"", ""source_ref"": ""COLOUR=6""}; {""attributes"": [{""accepted_values"": [""7""], ""attribute"": ""TOPSHP"", ""match"": ""value_any""}], ""object"": ""TOPMAR"", ""precision"": ""object_and_attributes"", ""source_ref"": ""TOPMAR.TOPSH=7""}",out/chart1_mappings/reference/rows/icon_refs/Q51.png,out/chart1_mappings/reference/rows/Q51.png,5,TOPMA113; TOPSHPI1; TOPSHPI2; TOPSHPI3; TOPSHQ07,5,TOPMA113; TOPSHPI1; TOPSHPI2; TOPSHPI3; TOPSHQ07,0,,0,0,,official_row_attribute_mapped,name_mapping; s57_object_crosswalk; int1_section_cross_check; semantic_qa,crop_extract_svg; direct_artwork_derivation; canonical_asset_source
Q52,Special Purposes Buoys,Marker Ship,49,BOYSPP.CATSPM=3.BOYSHP=3; COLOUR=6; TOPMAR.TOPSH=7,"{""attributes"": [{""accepted_values"": [""3""], ""attribute"": ""CATSPM"", ""match"": ""value_any""}, {""accepted_values"": [""3""], ""attribute"": ""BOYSHP"", ""match"": ""value_any""}], ""object"": ""BOYSPP"", ""precision"": ""object_and_attributes"", ""source_ref"": ""BOYSPP.CATSPM=3.BOYSHP=3""}; {""attributes"": [], ""object"": ""COLOUR=6"", ""precision"": ""object_only_broad"", ""source_ref"": ""COLOUR=6""}; {""attributes"": [{""accepted_values"": [""7""], ""attribute"": ""TOPSHP"", ""match"": ""value_any""}], ""object"": ""TOPMAR"", ""precision"": ""object_and_attributes"", ""source_ref"": ""TOPMAR.TOPSH=7""}",out/chart1_mappings/reference/rows/icon_refs/Q52.png,out/chart1_mappings/reference/rows/Q52.png,5,TOPMA113; TOPSHPI1; TOPSHPI2; TOPSHPI3; TOPSHQ07,5,TOPMA113; TOPSHPI1; TOPSHPI2; TOPSHPI3; TOPSHQ07,0,,0,0,,official_row_attribute_mapped,name_mapping; s57_object_crosswalk; int1_section_cross_check; semantic_qa,crop_extract_svg; direct_artwork_derivation; canonical_asset_source
Q53,Special Purposes Buoys,Barge,49,BOYSPP.CATSPM=5.BOYSHP=3; COLOUR=6; TOPMAR.TOPSH=7,"{""attributes"": [{""accepted_values"": [""5""], ""attribute"": ""CATSPM"", ""match"": ""value_any""}, {""accepted_values"": [""3""], ""attribute"": ""BOYSHP"", ""match"": ""value_any""}], ""object"": ""BOYSPP"", ""precision"": ""object_and_attributes"", ""source_ref"": ""BOYSPP.CATSPM=5.BOYSHP=3""}; {""attributes"": [], ""object"": ""COLOUR=6"", ""precision"": ""object_only_broad"", ""source_ref"": ""COLOUR=6""}; {""attributes"": [{""accepted_values"": [""7""], ""attribute"": ""TOPSHP"", ""match"": ""value_any""}], ""object"": ""TOPMAR"", ""precision"": ""object_and_attributes"", ""source_ref"": ""TOPMAR.TOPSH=7""}",out/chart1_mappings/reference/rows/icon_refs/Q53.png,out/chart1_mappings/reference/rows/Q53.png,5,TOPMA113; TOPSHPI1; TOPSHPI2; TOPSHPI3; TOPSHQ07,5,TOPMA113; TOPSHPI1; TOPSHPI2; TOPSHPI3; TOPSHQ07,0,,0,0,,official_row_attribute_mapped,name_mapping; s57_object_crosswalk; int1_section_cross_check; semantic_qa,crop_extract_svg; direct_artwork_derivation; canonical_asset_source
Q54,Special Purposes Buoys,Degaussing Range buoy,49,BOYSPP.CATSPM=4.BOYSHP=3; COLOUR=6; TOPMAR.TOPSH=7,"{""attributes"": [{""accepted_values"": [""4""], ""attribute"": ""CATSPM"", ""match"": ""value_any""}, {""accepted_values"": [""3""], ""attribute"": ""BOYSHP"", ""match"": ""value_any""}], ""object"": ""BOYSPP"", ""precision"": ""object_and_attributes"", ""source_ref"": ""BOYSPP.CATSPM=4.BOYSHP=3""}; {""attributes"": [], ""object"": ""COLOUR=6"", ""precision"": ""object_only_broad"", ""source_ref"": ""COLOUR=6""}; {""attributes"": [{""accepted_values"": [""7""], ""attribute"": ""TOPSHP"", ""match"": ""value_any""}], ""object"": ""TOPMAR"", ""precision"": ""object_and_attributes"", ""source_ref"": ""TOPMAR.TOPSH=7""}",out/chart1_mappings/reference/rows/icon_refs/Q54.png,out/chart1_mappings/reference/rows/Q54.png,5,TOPMA113; TOPSHPI1; TOPSHPI2; TOPSHPI3; TOPSHQ07,5,TOPMA113; TOPSHPI1; TOPSHPI2; TOPSHPI3; TOPSHQ07,0,,0,0,,official_row_attribute_mapped,name_mapping; s57_object_crosswalk; int1_section_cross_check; semantic_qa,crop_extract_svg; direct_artwork_derivation; canonical_asset_source
Q55,Special Purposes Buoys,Cable buoy,49,BOYSPP.CATSPM=6.BOYSHP=3; COLOUR=6; TOPMAR.TOPSH=7,"{""attributes"": [{""accepted_values"": [""6""], ""attribute"": ""CATSPM"", ""match"": ""value_any""}, {""accepted_values"": [""3""], ""attribute"": ""BOYSHP"", ""match"": ""value_any""}], ""object"": ""BOYSPP"", ""precision"": ""object_and_attributes"", ""source_ref"": ""BOYSPP.CATSPM=6.BOYSHP=3""}; {""attributes"": [], ""object"": ""COLOUR=6"", ""precision"": ""object_only_broad"", ""source_ref"": ""COLOUR=6""}; {""attributes"": [{""accepted_values"": [""7""], ""attribute"": ""TOPSHP"", ""match"": ""value_any""}], ""object"": ""TOPMAR"", ""precision"": ""object_and_attributes"", ""source_ref"": ""TOPMAR.TOPSH=7""}",out/chart1_mappings/reference/rows/icon_refs/Q55.png,out/chart1_mappings/reference/rows/Q55.png,5,TOPMA113; TOPSHPI1; TOPSHPI2; TOPSHPI3; TOPSHQ07,5,TOPMA113; TOPSHPI1; TOPSHPI2; TOPSHPI3; TOPSHQ07,0,,0,0,,official_row_attribute_mapped,name_mapping; s57_object_crosswalk; int1_section_cross_check; semantic_qa,crop_extract_svg; direct_artwork_derivation; canonical_asset_source
Q56,Special Purposes Buoys,Spoil ground buoy,49,BOYSPP.CATSPM=7.BOYSHP=3; COLOUR=6; TOPMAR.TOPSH=7,"{""attributes"": [{""accepted_values"": [""7""], ""attribute"": ""CATSPM"", ""match"": ""value_any""}, {""accepted_values"": [""3""], ""attribute"": ""BOYSHP"", ""match"": ""value_any""}], ""object"": ""BOYSPP"", ""precision"": ""object_and_attributes"", ""source_ref"": ""BOYSPP.CATSPM=7.BOYSHP=3""}; {""attributes"": [], ""object"": ""COLOUR=6"", ""precision"": ""object_only_broad"", ""source_ref"": ""COLOUR=6""}; {""attributes"": [{""accepted_values"": [""7""], ""attribute"": ""TOPSHP"", ""match"": ""value_any""}], ""object"": ""TOPMAR"", ""precision"": ""object_and_attributes"", ""source_ref"": ""TOPMAR.TOPSH=7""}",out/chart1_mappings/reference/rows/icon_refs/Q56.png,out/chart1_mappings/reference/rows/Q56.png,5,TOPMA113; TOPSHPI1; TOPSHPI2; TOPSHPI3; TOPSHQ07,5,TOPMA113; TOPSHPI1; TOPSHPI2; TOPSHPI3; TOPSHQ07,0,,0,0,,official_row_attribute_mapped,name_mapping; s57_object_crosswalk; int1_section_cross_check; semantic_qa,crop_extract_svg; direct_artwork_derivation; canonical_asset_source
Q57,Special Purposes Buoys,Buoy marking outfall,49,BOYSPP.CATSPM=8.BOYSHP=3; COLOUR=6; TOPMAR.TOPSH=7,"{""attributes"": [{""accepted_values"": [""8""], ""attribute"": ""CATSPM"", ""match"": ""value_any""}, {""accepted_values"": [""3""], ""attribute"": ""BOYSHP"", ""match"": ""value_any""}], ""object"": ""BOYSPP"", ""precision"": ""object_and_attributes"", ""source_ref"": ""BOYSPP.CATSPM=8.BOYSHP=3""}; {""attributes"": [], ""object"": ""COLOUR=6"", ""precision"": ""object_only_broad"", ""source_ref"": ""COLOUR=6""}; {""attributes"": [{""accepted_values"": [""7""], ""attribute"": ""TOPSHP"", ""match"": ""value_any""}], ""object"": ""TOPMAR"", ""precision"": ""object_and_attributes"", ""source_ref"": ""TOPMAR.TOPSH=7""}",out/chart1_mappings/reference/rows/icon_refs/Q57.png,out/chart1_mappings/reference/rows/Q57.png,5,TOPMA113; TOPSHPI1; TOPSHPI2; TOPSHPI3; TOPSHQ07,5,TOPMA113; TOPSHPI1; TOPSHPI2; TOPSHPI3; TOPSHQ07,0,,0,0,,official_row_attribute_mapped,name_mapping; s57_object_crosswalk; int1_section_cross_check; semantic_qa,crop_extract_svg; direct_artwork_derivation; canonical_asset_source
Q58,Special Purposes Buoys,Data collection buoy (Ocean Data Acquisition System) of superbuoy size,49,BOYSPP.CATSPM=9.BOYSHP=7,"{""attributes"": [{""accepted_values"": [""9""], ""attribute"": ""CATSPM"", ""match"": ""value_any""}, {""accepted_values"": [""7""], ""attribute"": ""BOYSHP"", ""match"": ""value_any""}], ""object"": ""BOYSPP"", ""precision"": ""object_and_attributes"", ""source_ref"": ""BOYSPP.CATSPM=9.BOYSHP=7""}",out/chart1_mappings/reference/rows/icon_refs/Q58.png,out/chart1_mappings/reference/rows/Q58.png,0,,0,,0,,0,0,,official_row_unmatched_to_helm_asset,name_mapping; s57_object_crosswalk; int1_section_cross_check; semantic_qa,crop_extract_svg; direct_artwork_derivation; canonical_asset_source
Q59,Special Purposes Buoys,Buoy marking wave recorder or current meter,49,BOYSPP.CATSPM=10.BOYSHP=3; COLOUR=6; TOPMAR.TOPSH=7,"{""attributes"": [{""accepted_values"": [""10""], ""attribute"": ""CATSPM"", ""match"": ""value_any""}, {""accepted_values"": [""3""], ""attribute"": ""BOYSHP"", ""match"": ""value_any""}], ""object"": ""BOYSPP"", ""precision"": ""object_and_attributes"", ""source_ref"": ""BOYSPP.CATSPM=10.BOYSHP=3""}; {""attributes"": [], ""object"": ""COLOUR=6"", ""precision"": ""object_only_broad"", ""source_ref"": ""COLOUR=6""}; {""attributes"": [{""accepted_values"": [""7""], ""attribute"": ""TOPSHP"", ""match"": ""value_any""}], ""object"": ""TOPMAR"", ""precision"": ""object_and_attributes"", ""source_ref"": ""TOPMAR.TOPSH=7""}",out/chart1_mappings/reference/rows/icon_refs/Q59.png,out/chart1_mappings/reference/rows/Q59.png,5,TOPMA113; TOPSHPI1; TOPSHPI2; TOPSHPI3; TOPSHQ07,5,TOPMA113; TOPSHPI1; TOPSHPI2; TOPSHPI3; TOPSHQ07,0,,0,0,,official_row_attribute_mapped,name_mapping; s57_object_crosswalk; int1_section_cross_check; semantic_qa,crop_extract_svg; direct_artwork_derivation; canonical_asset_source
Q60,Special Purposes Buoys,Seaplane anchorage buoy,49,BOYSPP.CATSPM=11.BOYSHP,"{""attributes"": [{""accepted_values"": [""11""], ""attribute"": ""CATSPM"", ""match"": ""value_any""}, {""accepted_values"": [], ""attribute"": ""BOYSHP"", ""match"": ""attribute_present""}], ""object"": ""BOYSPP"", ""precision"": ""object_and_attributes"", ""source_ref"": ""BOYSPP.CATSPM=11.BOYSHP""}",out/chart1_mappings/reference/rows/icon_refs/Q60.png,out/chart1_mappings/reference/rows/Q60.png,0,,0,,0,,0,0,,official_row_unmatched_to_helm_asset,name_mapping; s57_object_crosswalk; int1_section_cross_check; semantic_qa,crop_extract_svg; direct_artwork_derivation; canonical_asset_source
Q61,Special Purposes Buoys,Buoy marking traffic separation scheme,49,BOYSPP.CATSPM=19.BOYSHP,"{""attributes"": [{""accepted_values"": [""19""], ""attribute"": ""CATSPM"", ""match"": ""value_any""}, {""accepted_values"": [], ""attribute"": ""BOYSHP"", ""match"": ""attribute_present""}], ""object"": ""BOYSPP"", ""precision"": ""object_and_attributes"", ""source_ref"": ""BOYSPP.CATSPM=19.BOYSHP""}",out/chart1_mappings/reference/rows/icon_refs/Q61.png,out/chart1_mappings/reference/rows/Q61.png,2,BOYSPP15; BOYSPP25,2,BOYSPP15; BOYSPP25,0,,2,0,,official_row_attribute_mapped,name_mapping; s57_object_crosswalk; int1_section_cross_check; semantic_qa,crop_extract_svg; direct_artwork_derivation; canonical_asset_source
Q62,Special Purposes Buoys,Buoy marking recreation zone,49,BOYSPP.CATSPM=12.BOYSHP=3; COLOUR=6; TOPMAR.TOPSH=7,"{""attributes"": [{""accepted_values"": [""12""], ""attribute"": ""CATSPM"", ""match"": ""value_any""}, {""accepted_values"": [""3""], ""attribute"": ""BOYSHP"", ""match"": ""value_any""}], ""object"": ""BOYSPP"", ""precision"": ""object_and_attributes"", ""source_ref"": ""BOYSPP.CATSPM=12.BOYSHP=3""}; {""attributes"": [], ""object"": ""COLOUR=6"", ""precision"": ""object_only_broad"", ""source_ref"": ""COLOUR=6""}; {""attributes"": [{""accepted_values"": [""7""], ""attribute"": ""TOPSHP"", ""match"": ""value_any""}], ""object"": ""TOPMAR"", ""precision"": ""object_and_attributes"", ""source_ref"": ""TOPMAR.TOPSH=7""}",out/chart1_mappings/reference/rows/icon_refs/Q62.png,out/chart1_mappings/reference/rows/Q62.png,5,TOPMA113; TOPSHPI1; TOPSHPI2; TOPSHPI3; TOPSHQ07,5,TOPMA113; TOPSHPI1; TOPSHPI2; TOPSHPI3; TOPSHQ07,0,,0,0,,official_row_attribute_mapped,name_mapping; s57_object_crosswalk; int1_section_cross_check; semantic_qa,crop_extract_svg; direct_artwork_derivation; canonical_asset_source
Q70,Seasonal Buoys,Buoy privately maintained,49,BOYSPP.STATUS=8.BOYSHP=3; COLOUR=6; TOPMAR.TOPSH=7,"{""attributes"": [{""accepted_values"": [""8""], ""attribute"": ""STATUS"", ""match"": ""value_any""}, {""accepted_values"": [""3""], ""attribute"": ""BOYSHP"", ""match"": ""value_any""}], ""object"": ""BOYSPP"", ""precision"": ""object_and_attributes"", ""source_ref"": ""BOYSPP.STATUS=8.BOYSHP=3""}; {""attributes"": [], ""object"": ""COLOUR=6"", ""precision"": ""object_only_broad"", ""source_ref"": ""COLOUR=6""}; {""attributes"": [{""accepted_values"": [""7""], ""attribute"": ""TOPSHP"", ""match"": ""value_any""}], ""object"": ""TOPMAR"", ""precision"": ""object_and_attributes"", ""source_ref"": ""TOPMAR.TOPSH=7""}",out/chart1_mappings/reference/rows/icon_refs/Q70.png,out/chart1_mappings/reference/rows/Q70.png,5,TOPMA113; TOPSHPI1; TOPSHPI2; TOPSHPI3; TOPSHQ07,5,TOPMA113; TOPSHPI1; TOPSHPI2; TOPSHPI3; TOPSHQ07,0,,0,0,,official_row_attribute_mapped,name_mapping; s57_object_crosswalk; int1_section_cross_check; semantic_qa,crop_extract_svg; direct_artwork_derivation; canonical_asset_source
Q71,Seasonal Buoys,Seasonal buoy,49,BOYSPP.PRESTA.PEREND; BOYSHP=3.COLOUR=6; TOPMAR.TOPSH=7; STATUS=5,"{""attributes"": [{""accepted_values"": [], ""attribute"": ""PRESTA"", ""match"": ""attribute_present""}, {""accepted_values"": [], ""attribute"": ""PEREND"", ""match"": ""attribute_present""}], ""object"": ""BOYSPP"", ""precision"": ""object_and_attributes"", ""source_ref"": ""BOYSPP.PRESTA.PEREND""}; {""attributes"": [{""accepted_values"": [""6""], ""attribute"": ""COLOUR"", ""match"": ""value_any""}], ""object"": ""BOYSHP=3"", ""precision"": ""object_and_attributes"", ""source_ref"": ""BOYSHP=3.COLOUR=6""}; {""attributes"": [{""accepted_values"": [""7""], ""attribute"": ""TOPSHP"", ""match"": ""value_any""}], ""object"": ""TOPMAR"", ""precision"": ""object_and_attributes"", ""source_ref"": ""TOPMAR.TOPSH=7""}; {""attributes"": [], ""object"": ""STATUS=5"", ""precision"": ""object_only_broad"", ""source_ref"": ""STATUS=5""}",out/chart1_mappings/reference/rows/icon_refs/Q71.png,out/chart1_mappings/reference/rows/Q71.png,5,TOPMA113; TOPSHPI1; TOPSHPI2; TOPSHPI3; TOPSHQ07,5,TOPMA113; TOPSHPI1; TOPSHPI2; TOPSHPI3; TOPSHQ07,0,,0,0,,official_row_attribute_mapped,name_mapping; s57_object_crosswalk; int1_section_cross_check; semantic_qa,crop_extract_svg; direct_artwork_derivation; canonical_asset_source
Q80,Beacons,"Beacon in general, characteristics unknown or chart scale too small to show",50,BCNXXX.BCNSHP.COLOUR,"{""attributes"": [{""accepted_values"": [], ""attribute"": ""BCNSHP"", ""match"": ""attribute_present""}, {""accepted_values"": [], ""attribute"": ""COLOUR"", ""match"": ""attribute_present""}], ""object"": ""BCNXXX"", ""precision"": ""object_and_attributes"", ""source_ref"": ""BCNXXX.BCNSHP.COLOUR""}",out/chart1_mappings/reference/rows/icon_refs/Q80.png,out/chart1_mappings/reference/rows/Q80.png,34,BCNGEN60; BCNGEN61; BCNLAT15; BCNLAT16; BCNLAT21; BCNLAT22; BCNSTK05; BCNSTK08; BCNSTK60; BCNSTK61; BCNSTK62; BCNSTK77; BCNTOW05; BCNTOW60; BCNTOW61; BCNTOW62; BCNTOW63; BCNTOW64; BCNTOW65; BCNTOW66; BCNTOW68; BCNTOW69; BCNTOW70; BCNTOW71; BCNTOW74; BCNTOW76; BCNTOW85; BCNTOW86; BCNTOW87; BCNTOW88; BCNTOW89; BCNTOW90; BCNTOW91; BOYCON79,34,BCNGEN60; BCNGEN61; BCNLAT15; BCNLAT16; BCNLAT21; BCNLAT22; BCNSTK05; BCNSTK08; BCNSTK60; BCNSTK61; BCNSTK62; BCNSTK77; BCNTOW05; BCNTOW60; BCNTOW61; BCNTOW62; BCNTOW63; BCNTOW64; BCNTOW65; BCNTOW66; BCNTOW68; BCNTOW69; BCNTOW70; BCNTOW71; BCNTOW74; BCNTOW76; BCNTOW85; BCNTOW86; BCNTOW87; BCNTOW88; BCNTOW89; BCNTOW90; BCNTOW91; BOYCON79,0,,4,26,File:NChart ECDIS Lateral simple MajorBeacon Green.svg; File:NChart ECDIS Lateral simple MajorBeacon Red.svg; File:NChart ECDIS Lateral simple MinorBeacon Green.svg; File:NChart ECDIS Lateral simple MinorBeacon Red.svg; File:NChart-Symbol INT Beacon Green ConicalTM.svg; File:NChart-Symbol INT Beacon Green CylindricalTM.svg; File:NChart-Symbol INT Beacon Red ConicalTM.svg; File:NChart-Symbol INT Beacon Red CylindricalTM.svg; File:NChart-Symbol INT Beacon.svg; File:NChart-Symbol INT Lighted Beacon Green ConicalTM.svg; File:NChart-Symbol INT Lighted Beacon Green CylindricalTM.svg; File:NChart-Symbol INT Lighted Beacon Red ConicalTM.svg; File:NChart-Symbol INT Lighted Beacon Red CylindricalTM.svg; File:NChart-Symbol INT Lighted Beacon.svg; File:NChart-Symbol INT Lighted TowerBeacon Green ConicalTM.svg; File:NChart-Symbol INT Lighted TowerBeacon Green CylindricalTM.svg; File:NChart-Symbol INT Lighted TowerBeacon Green.svg; File:NChart-Symbol INT Lighted TowerBeacon Red ConicalTM.svg; File:NChart-Symbol INT Lighted TowerBeacon Red CylindricalTM.svg; File:NChart-Symbol INT Lighted TowerBeacon Red.svg; File:NChart-Symbol INT TowerBeacon Green ConicalTM.svg; File:NChart-Symbol INT TowerBeacon Green CylindricalTM.svg; File:NChart-Symbol INT TowerBeacon Green.svg; File:NChart-Symbol INT TowerBeacon Red ConicalTM.svg; File:NChart-Symbol INT TowerBeacon Red CylindricalTM.svg; File:NChart-Symbol INT TowerBeacon Red.svg,official_row_attribute_mapped,name_mapping; s57_object_crosswalk; int1_section_cross_check; semantic_qa,crop_extract_svg; direct_artwork_derivation; canonical_asset_source
Q81,Beacons,"Beacon with colour, no distinctive topmark",50,BCNXXX.BCNSHP.COLOUR,"{""attributes"": [{""accepted_values"": [], ""attribute"": ""BCNSHP"", ""match"": ""attribute_present""}, {""accepted_values"": [], ""attribute"": ""COLOUR"", ""match"": ""attribute_present""}], ""object"": ""BCNXXX"", ""precision"": ""object_and_attributes"", ""source_ref"": ""BCNXXX.BCNSHP.COLOUR""}",out/chart1_mappings/reference/rows/icon_refs/Q81.png,out/chart1_mappings/reference/rows/Q81.png,34,BCNGEN60; BCNGEN61; BCNLAT15; BCNLAT16; BCNLAT21; BCNLAT22; BCNSTK05; BCNSTK08; BCNSTK60; BCNSTK61; BCNSTK62; BCNSTK77; BCNTOW05; BCNTOW60; BCNTOW61; BCNTOW62; BCNTOW63; BCNTOW64; BCNTOW65; BCNTOW66; BCNTOW68; BCNTOW69; BCNTOW70; BCNTOW71; BCNTOW74; BCNTOW76; BCNTOW85; BCNTOW86; BCNTOW87; BCNTOW88; BCNTOW89; BCNTOW90; BCNTOW91; BOYCON79,34,BCNGEN60; BCNGEN61; BCNLAT15; BCNLAT16; BCNLAT21; BCNLAT22; BCNSTK05; BCNSTK08; BCNSTK60; BCNSTK61; BCNSTK62; BCNSTK77; BCNTOW05; BCNTOW60; BCNTOW61; BCNTOW62; BCNTOW63; BCNTOW64; BCNTOW65; BCNTOW66; BCNTOW68; BCNTOW69; BCNTOW70; BCNTOW71; BCNTOW74; BCNTOW76; BCNTOW85; BCNTOW86; BCNTOW87; BCNTOW88; BCNTOW89; BCNTOW90; BCNTOW91; BOYCON79,0,,4,0,,official_row_attribute_mapped,name_mapping; s57_object_crosswalk; int1_section_cross_check; semantic_qa,crop_extract_svg; direct_artwork_derivation; canonical_asset_source
Q82,Beacons,Beacon with colour and topmark,50,BCNXXX.BCNSHP.COLOUR; TOPMAR.TOPSH.COLOUR,"{""attributes"": [{""accepted_values"": [], ""attribute"": ""BCNSHP"", ""match"": ""attribute_present""}, {""accepted_values"": [], ""attribute"": ""COLOUR"", ""match"": ""attribute_present""}], ""object"": ""BCNXXX"", ""precision"": ""object_and_attributes"", ""source_ref"": ""BCNXXX.BCNSHP.COLOUR""}; {""attributes"": [{""accepted_values"": [], ""attribute"": ""TOPSHP"", ""match"": ""attribute_present""}, {""accepted_values"": [], ""attribute"": ""COLOUR"", ""match"": ""attribute_present""}], ""object"": ""TOPMAR"", ""precision"": ""object_and_attributes"", ""source_ref"": ""TOPMAR.TOPSH.COLOUR""}",out/chart1_mappings/reference/rows/icon_refs/Q82.png,out/chart1_mappings/reference/rows/Q82.png,163,BCNGEN60; BCNGEN61; BCNLAT15; BCNLAT16; BCNLAT21; BCNLAT22; BCNSTK05; BCNSTK08; BCNSTK60; BCNSTK61; BCNSTK62; BCNSTK77; BCNTOW05; BCNTOW60; BCNTOW61; BCNTOW62; BCNTOW63; BCNTOW64; BCNTOW65; BCNTOW66; BCNTOW68; BCNTOW69; BCNTOW70; BCNTOW71; BCNTOW74; BCNTOW76; BCNTOW85; BCNTOW86; BCNTOW87; BCNTOW88; BCNTOW89; BCNTOW90; BCNTOW91; BOYCON79; TOPMA100; TOPMA102; TOPMA106; TOPMA107; TOPMA109; TOPMA111; TOPMA113; TOPMA114; TOPMA115; TOPMA116; TOPMA117; TOPMAR01; TOPMAR98; TOPMAR99; TOPSHP00; TOPSHP01; TOPSHP02; TOPSHP03; TOPSHP04; TOPSHP05; TOPSHP07; TOPSHP08; TOPSHP09;TE('%s'; TOPSHP10; TOPSHP11; TOPSHP12; TOPSHP13; TOPSHP15;TE('%s'; TOPSHP16; TOPSHP17; TOPSHP18; TOPSHP19; TOPSHP20; TOPSHP21; TOPSHP22; TOPSHP23; TOPSHP24; TOPSHP25; TOPSHP28; TOPSHP29; TOPSHP30; TOPSHP31; TOPSHP32; TOPSHP33; TOPSHP34; TOPSHP35; TOPSHP36; TOPSHP37; TOPSHP38; TOPSHP40; TOPSHP41; TOPSHP42; TOPSHP43; TOPSHP44; TOPSHP47; TOPSHP48; TOPSHP51; TOPSHP52; TOPSHP53; TOPSHP54; TOPSHP55; TOPSHP58; TOPSHP61; TOPSHP62; TOPSHP63; TOPSHP64; TOPSHP65; TOPSHP67; TOPSHP69; TOPSHP70; TOPSHP71; TOPSHP72; TOPSHP73;TE('%s'; TOPSHP74; TOPSHP76; TOPSHP77; TOPSHP78; TOPSHP79; TOPSHP80; TOPSHP81;TE('%s'; TOPSHP82; TOPSHP83; TOPSHP84; TOPSHP85; TOPSHP87; TOPSHP88; TOPSHP89;TE('%s'; TOPSHP90; TOPSHP91; TOPSHP92; TOPSHP93; TOPSHP94; TOPSHP95; TOPSHP96; TOPSHP97; TOPSHP98; TOPSHP99; TOPSHPA0; TOPSHPA1; TOPSHPA2; TOPSHPA3; TOPSHPA4; TOPSHPA5; TOPSHPA6; TOPSHPA7; TOPSHPA8; TOPSHPA9; TOPSHPB0; TOPSHPD1; TOPSHPD2; TOPSHPD3; TOPSHPI1; TOPSHPI2; TOPSHPI3; TOPSHPJ1; TOPSHPJ3; TOPSHPP2; TOPSHPR1; TOPSHPS1; TOPSHPT1; TOPSHPT2; TOPSHPT3; TOPSHPT4; TOPSHPT5; TOPSHPT6; TOPSHPT7; TOPSHPT8;TE('%s'; TOPSHPU1; TOPSHPU2,163,BCNGEN60; BCNGEN61; BCNLAT15; BCNLAT16; BCNLAT21; BCNLAT22; BCNSTK05; BCNSTK08; BCNSTK60; BCNSTK61; BCNSTK62; BCNSTK77; BCNTOW05; BCNTOW60; BCNTOW61; BCNTOW62; BCNTOW63; BCNTOW64; BCNTOW65; BCNTOW66; BCNTOW68; BCNTOW69; BCNTOW70; BCNTOW71; BCNTOW74; BCNTOW76; BCNTOW85; BCNTOW86; BCNTOW87; BCNTOW88; BCNTOW89; BCNTOW90; BCNTOW91; BOYCON79; TOPMA100; TOPMA102; TOPMA106; TOPMA107; TOPMA109; TOPMA111; TOPMA113; TOPMA114; TOPMA115; TOPMA116; TOPMA117; TOPMAR01; TOPMAR98; TOPMAR99; TOPSHP00; TOPSHP01; TOPSHP02; TOPSHP03; TOPSHP04; TOPSHP05; TOPSHP07; TOPSHP08; TOPSHP09;TE('%s'; TOPSHP10; TOPSHP11; TOPSHP12; TOPSHP13; TOPSHP15;TE('%s'; TOPSHP16; TOPSHP17; TOPSHP18; TOPSHP19; TOPSHP20; TOPSHP21; TOPSHP22; TOPSHP23; TOPSHP24; TOPSHP25; TOPSHP28; TOPSHP29; TOPSHP30; TOPSHP31; TOPSHP32; TOPSHP33; TOPSHP34; TOPSHP35; TOPSHP36; TOPSHP37; TOPSHP38; TOPSHP40; TOPSHP41; TOPSHP42; TOPSHP43; TOPSHP44; TOPSHP47; TOPSHP48; TOPSHP51; TOPSHP52; TOPSHP53; TOPSHP54; TOPSHP55; TOPSHP58; TOPSHP61; TOPSHP62; TOPSHP63; TOPSHP64; TOPSHP65; TOPSHP67; TOPSHP69; TOPSHP70; TOPSHP71; TOPSHP72; TOPSHP73;TE('%s'; TOPSHP74; TOPSHP76; TOPSHP77; TOPSHP78; TOPSHP79; TOPSHP80; TOPSHP81;TE('%s'; TOPSHP82; TOPSHP83; TOPSHP84; TOPSHP85; TOPSHP87; TOPSHP88; TOPSHP89;TE('%s'; TOPSHP90; TOPSHP91; TOPSHP92; TOPSHP93; TOPSHP94; TOPSHP95; TOPSHP96; TOPSHP97; TOPSHP98; TOPSHP99; TOPSHPA0; TOPSHPA1; TOPSHPA2; TOPSHPA3; TOPSHPA4; TOPSHPA5; TOPSHPA6; TOPSHPA7; TOPSHPA8; TOPSHPA9; TOPSHPB0; TOPSHPD1; TOPSHPD2; TOPSHPD3; TOPSHPI1; TOPSHPI2; TOPSHPI3; TOPSHPJ1; TOPSHPJ3; TOPSHPP2; TOPSHPR1; TOPSHPS1; TOPSHPT1; TOPSHPT2; TOPSHPT3; TOPSHPT4; TOPSHPT5; TOPSHPT6; TOPSHPT7; TOPSHPT8;TE('%s'; TOPSHPU1; TOPSHPU2,0,,4,0,,official_row_attribute_mapped,name_mapping; s57_object_crosswalk; int1_section_cross_check; semantic_qa,crop_extract_svg; direct_artwork_derivation; canonical_asset_source
Q83,Beacons,Beacon on submerged rock,50,BCNISD.BCNSHP.COLOUR,"{""attributes"": [{""accepted_values"": [], ""attribute"": ""BCNSHP"", ""match"": ""attribute_present""}, {""accepted_values"": [], ""attribute"": ""COLOUR"", ""match"": ""attribute_present""}], ""object"": ""BCNISD"", ""precision"": ""object_and_attributes"", ""source_ref"": ""BCNISD.BCNSHP.COLOUR""}",out/chart1_mappings/reference/rows/icon_refs/Q83.png,out/chart1_mappings/reference/rows/Q83.png,1,BCNTOW76,1,BCNTOW76,0,,0,0,,official_row_attribute_mapped,name_mapping; s57_object_crosswalk; int1_section_cross_check; semantic_qa,crop_extract_svg; direct_artwork_derivation; canonical_asset_source
Qe,Beacons,Beacon which does not conform with the IALA system,50,BCNXXX.MARSYS=10,"{""attributes"": [{""accepted_values"": [""10""], ""attribute"": ""MARSYS"", ""match"": ""value_any""}], ""object"": ""BCNXXX"", ""precision"": ""object_and_attributes"", ""source_ref"": ""BCNXXX.MARSYS=10""}",out/chart1_mappings/reference/rows/icon_refs/Qe.png,out/chart1_mappings/reference/rows/Qe.png,0,,0,,0,,0,0,,official_row_unmatched_to_helm_asset,name_mapping; s57_object_crosswalk; int1_section_cross_check; semantic_qa,crop_extract_svg; direct_artwork_derivation; canonical_asset_source
Q90,Minor Impermanent Marks usually in Drying Areas,"Stake, pole",50,BCNXXX.BCNSHP=1,"{""attributes"": [{""accepted_values"": [""1""], ""attribute"": ""BCNSHP"", ""match"": ""value_any""}], ""object"": ""BCNXXX"", ""precision"": ""object_and_attributes"", ""source_ref"": ""BCNXXX.BCNSHP=1""}",out/chart1_mappings/reference/rows/icon_refs/Q90.png,out/chart1_mappings/reference/rows/Q90.png,10,BCNLAT21; BCNLAT22; BCNSAW21; BCNSPP21; BCNSTK02; BCNSTK03; BCNSTK05; BCNSTK08; BCNSTK77; BOYCON79,10,BCNLAT21; BCNLAT22; BCNSAW21; BCNSPP21; BCNSTK02; BCNSTK03; BCNSTK05; BCNSTK08; BCNSTK77; BOYCON79,0,,5,1,File:NChart-Symbol INT Stake.svg,official_row_attribute_mapped,name_mapping; s57_object_crosswalk; int1_section_cross_check; semantic_qa,crop_extract_svg; direct_artwork_derivation; canonical_asset_source
Q91,Minor Impermanent Marks usually in Drying Areas,"Perch, stake",50,BCNLAT.BCNSHP=1; CATLAM=1/2,"{""attributes"": [{""accepted_values"": [""1""], ""attribute"": ""BCNSHP"", ""match"": ""value_any""}], ""object"": ""BCNLAT"", ""precision"": ""object_and_attributes"", ""source_ref"": ""BCNLAT.BCNSHP=1""}; {""attributes"": [], ""object"": ""CATLAM=1/2"", ""precision"": ""object_only_broad"", ""source_ref"": ""CATLAM=1/2""}",out/chart1_mappings/reference/rows/icon_refs/Q91.png,out/chart1_mappings/reference/rows/Q91.png,5,BCNLAT21; BCNLAT22; BCNSTK03; BCNSTK77; BOYCON79,5,BCNLAT21; BCNLAT22; BCNSTK03; BCNSTK77; BOYCON79,0,,2,2,File:NChart-Symbol INT Perch Port.svg; File:NChart-Symbol INT Perch Starboard.svg,official_row_attribute_mapped,name_mapping; s57_object_crosswalk; int1_section_cross_check; semantic_qa,crop_extract_svg; direct_artwork_derivation; canonical_asset_source
Q92,Minor Impermanent Marks usually in Drying Areas,Withy,50,BCNLAT.BCNSHP=2; CATLAM=1/2,"{""attributes"": [{""accepted_values"": [""2""], ""attribute"": ""BCNSHP"", ""match"": ""value_any""}], ""object"": ""BCNLAT"", ""precision"": ""object_and_attributes"", ""source_ref"": ""BCNLAT.BCNSHP=2""}; {""attributes"": [], ""object"": ""CATLAM=1/2"", ""precision"": ""object_only_broad"", ""source_ref"": ""CATLAM=1/2""}",out/chart1_mappings/reference/rows/icon_refs/Q92.png,out/chart1_mappings/reference/rows/Q92.png,2,PRICKE03; PRICKE04,2,PRICKE03; PRICKE04,0,,2,2,File:NChart-Symbol INT Withy Port.svg; File:NChart-Symbol INT Withy Starboard.svg,official_row_attribute_mapped,name_mapping; s57_object_crosswalk; int1_section_cross_check; semantic_qa,crop_extract_svg; direct_artwork_derivation; canonical_asset_source
Q100,"Minor Marks, usually on Land",Cairn,50,BCNSPP.BCNSHP=6.CATSPM; LNDMRK.CATLMK=1.CONVIS,"{""attributes"": [{""accepted_values"": [""6""], ""attribute"": ""BCNSHP"", ""match"": ""value_any""}, {""accepted_values"": [], ""attribute"": ""CATSPM"", ""match"": ""attribute_present""}], ""object"": ""BCNSPP"", ""precision"": ""object_and_attributes"", ""source_ref"": ""BCNSPP.BCNSHP=6.CATSPM""}; {""attributes"": [{""accepted_values"": [""1""], ""attribute"": ""CATLMK"", ""match"": ""value_any""}, {""accepted_values"": [], ""attribute"": ""CONVIS"", ""match"": ""attribute_present""}], ""object"": ""LNDMRK"", ""precision"": ""object_and_attributes"", ""source_ref"": ""LNDMRK.CATLMK=1.CONVIS""}",out/chart1_mappings/reference/rows/icon_refs/Q100.png,out/chart1_mappings/reference/rows/Q100.png,0,,0,,0,,0,0,,official_row_unmatched_to_helm_asset,name_mapping; s57_object_crosswalk; int1_section_cross_check; semantic_qa,crop_extract_svg; direct_artwork_derivation; canonical_asset_source
Q101,"Minor Marks, usually on Land",Coloured or white mark,50,DAYMAR.TOPSH.COLOUR,"{""attributes"": [{""accepted_values"": [], ""attribute"": ""TOPSHP"", ""match"": ""attribute_present""}, {""accepted_values"": [], ""attribute"": ""COLOUR"", ""match"": ""attribute_present""}], ""object"": ""DAYMAR"", ""precision"": ""object_and_attributes"", ""source_ref"": ""DAYMAR.TOPSH.COLOUR""}",out/chart1_mappings/reference/rows/icon_refs/Q101.png,out/chart1_mappings/reference/rows/Q101.png,102,TOPMA100; TOPMA102; TOPMA107; TOPMA109; TOPMA111; TOPMA113; TOPSHP00; TOPSHP01; TOPSHP02; TOPSHP03; TOPSHP04; TOPSHP05; TOPSHP08; TOPSHP09;TE('%s'; TOPSHP10; TOPSHP11; TOPSHP12; TOPSHP13; TOPSHP15;TE('%s'; TOPSHP16; TOPSHP17; TOPSHP18; TOPSHP19; TOPSHP20; TOPSHP21; TOPSHP22; TOPSHP23; TOPSHP24; TOPSHP25; TOPSHP28; TOPSHP29; TOPSHP30; TOPSHP31; TOPSHP32; TOPSHP33; TOPSHP34; TOPSHP35; TOPSHP36; TOPSHP37; TOPSHP38; TOPSHP40; TOPSHP41; TOPSHP42; TOPSHP43; TOPSHP44; TOPSHP47; TOPSHP48; TOPSHP55; TOPSHP58; TOPSHP61; TOPSHP62; TOPSHP63; TOPSHP64; TOPSHP65; TOPSHP67; TOPSHP69; TOPSHP70; TOPSHP71; TOPSHP72; TOPSHP73;TE('%s'; TOPSHP74; TOPSHP76; TOPSHP77; TOPSHP78; TOPSHP79; TOPSHP80; TOPSHP81;TE('%s'; TOPSHP82; TOPSHP83; TOPSHP84; TOPSHP85; TOPSHP87; TOPSHP88; TOPSHP89;TE('%s'; TOPSHP90; TOPSHP91; TOPSHP92; TOPSHP93; TOPSHP94; TOPSHP95; TOPSHP96; TOPSHP97; TOPSHP98; TOPSHP99; TOPSHPA0; TOPSHPA1; TOPSHPA2; TOPSHPA3; TOPSHPA4; TOPSHPA5; TOPSHPA6; TOPSHPA7; TOPSHPA8; TOPSHPA9; TOPSHPB0; TOPSHPD1; TOPSHPD2; TOPSHPD3; TOPSHPI2; TOPSHPS1; TOPSHPT8;TE('%s'; TOPSHPU1,102,TOPMA100; TOPMA102; TOPMA107; TOPMA109; TOPMA111; TOPMA113; TOPSHP00; TOPSHP01; TOPSHP02; TOPSHP03; TOPSHP04; TOPSHP05; TOPSHP08; TOPSHP09;TE('%s'; TOPSHP10; TOPSHP11; TOPSHP12; TOPSHP13; TOPSHP15;TE('%s'; TOPSHP16; TOPSHP17; TOPSHP18; TOPSHP19; TOPSHP20; TOPSHP21; TOPSHP22; TOPSHP23; TOPSHP24; TOPSHP25; TOPSHP28; TOPSHP29; TOPSHP30; TOPSHP31; TOPSHP32; TOPSHP33; TOPSHP34; TOPSHP35; TOPSHP36; TOPSHP37; TOPSHP38; TOPSHP40; TOPSHP41; TOPSHP42; TOPSHP43; TOPSHP44; TOPSHP47; TOPSHP48; TOPSHP55; TOPSHP58; TOPSHP61; TOPSHP62; TOPSHP63; TOPSHP64; TOPSHP65; TOPSHP67; TOPSHP69; TOPSHP70; TOPSHP71; TOPSHP72; TOPSHP73;TE('%s'; TOPSHP74; TOPSHP76; TOPSHP77; TOPSHP78; TOPSHP79; TOPSHP80; TOPSHP81;TE('%s'; TOPSHP82; TOPSHP83; TOPSHP84; TOPSHP85; TOPSHP87; TOPSHP88; TOPSHP89;TE('%s'; TOPSHP90; TOPSHP91; TOPSHP92; TOPSHP93; TOPSHP94; TOPSHP95; TOPSHP96; TOPSHP97; TOPSHP98; TOPSHP99; TOPSHPA0; TOPSHPA1; TOPSHPA2; TOPSHPA3; TOPSHPA4; TOPSHPA5; TOPSHPA6; TOPSHPA7; TOPSHPA8; TOPSHPA9; TOPSHPB0; TOPSHPD1; TOPSHPD2; TOPSHPD3; TOPSHPI2; TOPSHPS1; TOPSHPT8;TE('%s'; TOPSHPU1,0,,0,0,,official_row_attribute_mapped,name_mapping; s57_object_crosswalk; int1_section_cross_check; semantic_qa,crop_extract_svg; direct_artwork_derivation; canonical_asset_source
Q102.1,"Minor Marks, usually on Land",Coloured topmark with function of a beacon,50,DAYMAR.TOPSH=1.24.CATSPM; COLOUR,"{""attributes"": [{""accepted_values"": [""1""], ""attribute"": ""TOPSHP"", ""match"": ""value_any""}, {""accepted_values"": [], ""attribute"": ""24"", ""match"": ""attribute_present""}, {""accepted_values"": [], ""attribute"": ""CATSPM"", ""match"": ""attribute_present""}], ""object"": ""DAYMAR"", ""precision"": ""object_and_attributes"", ""source_ref"": ""DAYMAR.TOPSH=1.24.CATSPM""}; {""attributes"": [], ""object"": ""COLOUR"", ""precision"": ""object_only_broad"", ""source_ref"": ""COLOUR""}",out/chart1_mappings/reference/rows/icon_refs/Q102.1.png,out/chart1_mappings/reference/rows/Q102.1.png,0,,0,,0,,0,0,,official_row_unmatched_to_helm_asset,name_mapping; s57_object_crosswalk; int1_section_cross_check; semantic_qa,crop_extract_svg; direct_artwork_derivation; canonical_asset_source
Q102.2,"Minor Marks, usually on Land",Painted boards with function of leading beacons,50,DAYMAR.TOPSH=5.CATSPM=16; COLOUR.COLPAT,"{""attributes"": [{""accepted_values"": [""5""], ""attribute"": ""TOPSHP"", ""match"": ""value_any""}, {""accepted_values"": [""16""], ""attribute"": ""CATSPM"", ""match"": ""value_any""}], ""object"": ""DAYMAR"", ""precision"": ""object_and_attributes"", ""source_ref"": ""DAYMAR.TOPSH=5.CATSPM=16""}; {""attributes"": [{""accepted_values"": [], ""attribute"": ""COLPAT"", ""match"": ""attribute_present""}], ""object"": ""COLOUR"", ""precision"": ""object_and_attributes"", ""source_ref"": ""COLOUR.COLPAT""}",out/chart1_mappings/reference/rows/icon_refs/Q102.2.png,out/chart1_mappings/reference/rows/Q102.2.png,0,,0,,0,,0,0,,official_row_unmatched_to_helm_asset,name_mapping; s57_object_crosswalk; int1_section_cross_check; semantic_qa,crop_extract_svg; direct_artwork_derivation; canonical_asset_source
Q110,Beacon Towers,Beacon towers with out and with topmarks and colours,50,BCNXXX.BCNSHP=3.COLOUR,"{""attributes"": [{""accepted_values"": [""3""], ""attribute"": ""BCNSHP"", ""match"": ""value_any""}, {""accepted_values"": [], ""attribute"": ""COLOUR"", ""match"": ""attribute_present""}], ""object"": ""BCNXXX"", ""precision"": ""object_and_attributes"", ""source_ref"": ""BCNXXX.BCNSHP=3.COLOUR""}",out/chart1_mappings/reference/rows/icon_refs/Q110.png,out/chart1_mappings/reference/rows/Q110.png,18,BCNLAT15; BCNLAT16; BCNTOW60; BCNTOW61; BCNTOW62; BCNTOW63; BCNTOW64; BCNTOW65; BCNTOW66; BCNTOW68; BCNTOW69; BCNTOW70; BCNTOW71; BCNTOW74; BCNTOW76; BCNTOW85; BCNTOW87; BCNTOW89,18,BCNLAT15; BCNLAT16; BCNTOW60; BCNTOW61; BCNTOW62; BCNTOW63; BCNTOW64; BCNTOW65; BCNTOW66; BCNTOW68; BCNTOW69; BCNTOW70; BCNTOW71; BCNTOW74; BCNTOW76; BCNTOW85; BCNTOW87; BCNTOW89,0,,2,0,,official_row_attribute_mapped,name_mapping; s57_object_crosswalk; int1_section_cross_check; semantic_qa,crop_extract_svg; direct_artwork_derivation; canonical_asset_source
Q111,Beacon Towers,Lattice beacon,50,BCNXXX.BCNSHP=4,"{""attributes"": [{""accepted_values"": [""4""], ""attribute"": ""BCNSHP"", ""match"": ""value_any""}], ""object"": ""BCNXXX"", ""precision"": ""object_and_attributes"", ""source_ref"": ""BCNXXX.BCNSHP=4""}",out/chart1_mappings/reference/rows/icon_refs/Q111.png,out/chart1_mappings/reference/rows/Q111.png,5,BCNLTC01; BCNTOW86; BCNTOW88; BCNTOW90; BCNTOW91,5,BCNLTC01; BCNTOW86; BCNTOW88; BCNTOW90; BCNTOW91,0,,1,0,,official_row_attribute_mapped,name_mapping; s57_object_crosswalk; int1_section_cross_check; semantic_qa,crop_extract_svg; direct_artwork_derivation; canonical_asset_source
Q120,Special Purpose Beacons,Leading beacons,51,BCNSPP.BCNSHP; CATSPM=16,"{""attributes"": [{""accepted_values"": [], ""attribute"": ""BCNSHP"", ""match"": ""attribute_present""}], ""object"": ""BCNSPP"", ""precision"": ""object_and_attributes"", ""source_ref"": ""BCNSPP.BCNSHP""}; {""attributes"": [], ""object"": ""CATSPM=16"", ""precision"": ""object_only_broad"", ""source_ref"": ""CATSPM=16""}",out/chart1_mappings/reference/rows/icon_refs/Q120.png,out/chart1_mappings/reference/rows/Q120.png,13,BCNSPP13; BCNSPP21; BCNSTK05; BCNSTK08; BCNSTK62; BCNTOW62; BCNTOW85; BCNTOW86; BCNTOW87; BCNTOW88; BCNTOW89; BCNTOW90; BCNTOW91,13,BCNSPP13; BCNSPP21; BCNSTK05; BCNSTK08; BCNSTK62; BCNTOW62; BCNTOW85; BCNTOW86; BCNTOW87; BCNTOW88; BCNTOW89; BCNTOW90; BCNTOW91,0,,2,0,,official_row_attribute_mapped,name_mapping; s57_object_crosswalk; int1_section_cross_check; semantic_qa,crop_extract_svg; direct_artwork_derivation; canonical_asset_source
Q121,Special Purpose Beacons,Beacons marking a clearing line or transit,51,BCNSPP.BCNSHP; CATSPM=41,"{""attributes"": [{""accepted_values"": [], ""attribute"": ""BCNSHP"", ""match"": ""attribute_present""}], ""object"": ""BCNSPP"", ""precision"": ""object_and_attributes"", ""source_ref"": ""BCNSPP.BCNSHP""}; {""attributes"": [], ""object"": ""CATSPM=41"", ""precision"": ""object_only_broad"", ""source_ref"": ""CATSPM=41""}",out/chart1_mappings/reference/rows/icon_refs/Q121.png,out/chart1_mappings/reference/rows/Q121.png,13,BCNSPP13; BCNSPP21; BCNSTK05; BCNSTK08; BCNSTK62; BCNTOW62; BCNTOW85; BCNTOW86; BCNTOW87; BCNTOW88; BCNTOW89; BCNTOW90; BCNTOW91,13,BCNSPP13; BCNSPP21; BCNSTK05; BCNSTK08; BCNSTK62; BCNTOW62; BCNTOW85; BCNTOW86; BCNTOW87; BCNTOW88; BCNTOW89; BCNTOW90; BCNTOW91,0,,2,0,,official_row_attribute_mapped,name_mapping; s57_object_crosswalk; int1_section_cross_check; semantic_qa,crop_extract_svg; direct_artwork_derivation; canonical_asset_source
Q122,Special Purpose Beacons,Beacons marking measured distance with quoted bearings,51,BCNSPP.BCNSHP; CATSPM=17,"{""attributes"": [{""accepted_values"": [], ""attribute"": ""BCNSHP"", ""match"": ""attribute_present""}], ""object"": ""BCNSPP"", ""precision"": ""object_and_attributes"", ""source_ref"": ""BCNSPP.BCNSHP""}; {""attributes"": [], ""object"": ""CATSPM=17"", ""precision"": ""object_only_broad"", ""source_ref"": ""CATSPM=17""}",out/chart1_mappings/reference/rows/icon_refs/Q122.png,out/chart1_mappings/reference/rows/Q122.png,13,BCNSPP13; BCNSPP21; BCNSTK05; BCNSTK08; BCNSTK62; BCNTOW62; BCNTOW85; BCNTOW86; BCNTOW87; BCNTOW88; BCNTOW89; BCNTOW90; BCNTOW91,13,BCNSPP13; BCNSPP21; BCNSTK05; BCNSTK08; BCNSTK62; BCNTOW62; BCNTOW85; BCNTOW86; BCNTOW87; BCNTOW88; BCNTOW89; BCNTOW90; BCNTOW91,0,,2,0,,official_row_attribute_mapped,name_mapping; s57_object_crosswalk; int1_section_cross_check; semantic_qa,crop_extract_svg; direct_artwork_derivation; canonical_asset_source
Q123,Special Purpose Beacons,Cable landing beacon,51,BCNSPP.BCNSHP; CATSPM=6.COLOUR,"{""attributes"": [{""accepted_values"": [], ""attribute"": ""BCNSHP"", ""match"": ""attribute_present""}], ""object"": ""BCNSPP"", ""precision"": ""object_and_attributes"", ""source_ref"": ""BCNSPP.BCNSHP""}; {""attributes"": [{""accepted_values"": [], ""attribute"": ""COLOUR"", ""match"": ""attribute_present""}], ""object"": ""CATSPM=6"", ""precision"": ""object_and_attributes"", ""source_ref"": ""CATSPM=6.COLOUR""}",out/chart1_mappings/reference/rows/icon_refs/Q123.png,out/chart1_mappings/reference/rows/Q123.png,13,BCNSPP13; BCNSPP21; BCNSTK05; BCNSTK08; BCNSTK62; BCNTOW62; BCNTOW85; BCNTOW86; BCNTOW87; BCNTOW88; BCNTOW89; BCNTOW90; BCNTOW91,13,BCNSPP13; BCNSPP21; BCNSTK05; BCNSTK08; BCNSTK62; BCNTOW62; BCNTOW85; BCNTOW86; BCNTOW87; BCNTOW88; BCNTOW89; BCNTOW90; BCNTOW91,0,,2,0,,official_row_attribute_mapped,name_mapping; s57_object_crosswalk; int1_section_cross_check; semantic_qa,crop_extract_svg; direct_artwork_derivation; canonical_asset_source
Q124,Special Purpose Beacons,Refuge beacon,51,BCNSPP.BCNSHP; CATSPM=44,"{""attributes"": [{""accepted_values"": [], ""attribute"": ""BCNSHP"", ""match"": ""attribute_present""}], ""object"": ""BCNSPP"", ""precision"": ""object_and_attributes"", ""source_ref"": ""BCNSPP.BCNSHP""}; {""attributes"": [], ""object"": ""CATSPM=44"", ""precision"": ""object_only_broad"", ""source_ref"": ""CATSPM=44""}",out/chart1_mappings/reference/rows/icon_refs/Q124.png,out/chart1_mappings/reference/rows/Q124.png,13,BCNSPP13; BCNSPP21; BCNSTK05; BCNSTK08; BCNSTK62; BCNTOW62; BCNTOW85; BCNTOW86; BCNTOW87; BCNTOW88; BCNTOW89; BCNTOW90; BCNTOW91,13,BCNSPP13; BCNSPP21; BCNSTK05; BCNSTK08; BCNSTK62; BCNTOW62; BCNTOW85; BCNTOW86; BCNTOW87; BCNTOW88; BCNTOW89; BCNTOW90; BCNTOW91,0,,2,0,,official_row_attribute_mapped,name_mapping; s57_object_crosswalk; int1_section_cross_check; semantic_qa,crop_extract_svg; direct_artwork_derivation; canonical_asset_source
Q125,Special Purpose Beacons,Firing practice area beacons,51,BCNSPP.BCNSHP; CATSPM=1.COLOUR,"{""attributes"": [{""accepted_values"": [], ""attribute"": ""BCNSHP"", ""match"": ""attribute_present""}], ""object"": ""BCNSPP"", ""precision"": ""object_and_attributes"", ""source_ref"": ""BCNSPP.BCNSHP""}; {""attributes"": [{""accepted_values"": [], ""attribute"": ""COLOUR"", ""match"": ""attribute_present""}], ""object"": ""CATSPM=1"", ""precision"": ""object_and_attributes"", ""source_ref"": ""CATSPM=1.COLOUR""}",out/chart1_mappings/reference/rows/icon_refs/Q125.png,out/chart1_mappings/reference/rows/Q125.png,13,BCNSPP13; BCNSPP21; BCNSTK05; BCNSTK08; BCNSTK62; BCNTOW62; BCNTOW85; BCNTOW86; BCNTOW87; BCNTOW88; BCNTOW89; BCNTOW90; BCNTOW91,13,BCNSPP13; BCNSPP21; BCNSTK05; BCNSTK08; BCNSTK62; BCNTOW62; BCNTOW85; BCNTOW86; BCNTOW87; BCNTOW88; BCNTOW89; BCNTOW90; BCNTOW91,0,,2,0,,official_row_attribute_mapped,name_mapping; s57_object_crosswalk; int1_section_cross_check; semantic_qa,crop_extract_svg; direct_artwork_derivation; canonical_asset_source
Q126,Special Purpose Beacons,Notice board,51,BCNSPP.BCNSHP; CATSPM=18,"{""attributes"": [{""accepted_values"": [], ""attribute"": ""BCNSHP"", ""match"": ""attribute_present""}], ""object"": ""BCNSPP"", ""precision"": ""object_and_attributes"", ""source_ref"": ""BCNSPP.BCNSHP""}; {""attributes"": [], ""object"": ""CATSPM=18"", ""precision"": ""object_only_broad"", ""source_ref"": ""CATSPM=18""}",out/chart1_mappings/reference/rows/icon_refs/Q126.png,out/chart1_mappings/reference/rows/Q126.png,13,BCNSPP13; BCNSPP21; BCNSTK05; BCNSTK08; BCNSTK62; BCNTOW62; BCNTOW85; BCNTOW86; BCNTOW87; BCNTOW88; BCNTOW89; BCNTOW90; BCNTOW91,13,BCNSPP13; BCNSPP21; BCNSTK05; BCNSTK08; BCNSTK62; BCNTOW62; BCNTOW85; BCNTOW86; BCNTOW87; BCNTOW88; BCNTOW89; BCNTOW90; BCNTOW91,0,,2,0,,official_row_attribute_mapped,name_mapping; s57_object_crosswalk; int1_section_cross_check; semantic_qa,crop_extract_svg; direct_artwork_derivation; canonical_asset_source
