asset,status,blockers,reference_count,helm_count,style_status,craft_status
ARCSLN01,recognition_blocked,no_reference_images,0,2,style_pass,craft_pass
BCNCON81,recognition_blocked,no_reference_images,0,2,style_pass,craft_pass
BOYLAT52,recognition_blocked,no_reference_images,0,2,style_pass,craft_pass
BOYLAT53,recognition_blocked,no_reference_images,0,2,style_pass,craft_pass
BOYLAT54,recognition_blocked,no_reference_images,0,2,style_pass,craft_pass
BOYLAT55,recognition_blocked,no_reference_images,0,2,style_pass,craft_pass
BOYLAT56,recognition_blocked,no_reference_images,0,2,style_pass,craft_pass
BOYSPH79,recognition_blocked,no_reference_images,0,2,style_pass,craft_pass
BOYSPR02,recognition_blocked,no_reference_images,0,2,style_pass,craft_pass
BOYSPR03,recognition_blocked,no_reference_images,0,2,style_pass,craft_pass
DANGER53,recognition_blocked,no_reference_images;style_blocked;craft_blocked,0,2,style_blocked,craft_blocked
DASH,recognition_blocked,no_reference_images,0,2,style_pass,craft_review
DATCVR01,recognition_blocked,no_reference_images,0,2,style_pass,craft_pass
DEPARE01,recognition_blocked,no_reference_images,0,2,style_pass,craft_pass
DEPARE02,recognition_blocked,no_reference_images,0,2,style_pass,craft_pass
DEPCNT02,recognition_blocked,no_reference_images,0,2,style_pass,craft_pass
DGPS01DRFSTA01,recognition_blocked,no_reference_images;style_blocked;craft_blocked,0,2,style_blocked,craft_blocked
DOTT,recognition_blocked,no_reference_images,0,2,style_pass,craft_review
LEGLIN02,recognition_blocked,no_reference_images,0,2,style_pass,craft_pass
NEWOBJ 01,recognition_blocked,no_reference_images;style_blocked;craft_blocked,0,1,style_blocked,craft_blocked
NEWOBJ01,recognition_blocked,no_reference_images;style_blocked;craft_blocked,0,2,style_blocked,craft_blocked
OWNSHP02,recognition_blocked,no_reference_images,0,2,style_pass,craft_pass
QUAPOS01;TX(OBJNAM,recognition_blocked,no_reference_images,0,1,style_pass,craft_pass
RESARE01,recognition_blocked,no_reference_images,0,2,style_pass,craft_pass
RESARE02,recognition_blocked,no_reference_images,0,2,style_pass,craft_pass
RESTRN01,recognition_blocked,no_reference_images,0,2,style_pass,craft_pass
SLCONS03,recognition_blocked,no_reference_images,0,2,style_pass,craft_pass
SOLD,recognition_blocked,no_reference_images,0,2,style_pass,craft_review
SYMINS01,recognition_blocked,no_reference_images,0,2,style_pass,craft_pass
TOPMARI1,recognition_blocked,no_reference_images,0,2,style_pass,craft_pass
TOPSHP09;TE('%s',recognition_blocked,no_reference_images,0,1,style_pass,craft_pass
TOPSHP15;TE('%s',recognition_blocked,no_reference_images,0,1,style_pass,craft_pass
TOPSHP33,recognition_blocked,no_reference_images,0,2,style_pass,craft_pass
TOPSHP73;TE('%s',recognition_blocked,no_reference_images,0,1,style_pass,craft_pass
TOPSHP81;TE('%s',recognition_blocked,no_reference_images,0,1,style_pass,craft_pass
TOPSHP89;TE('%s',recognition_blocked,no_reference_images,0,1,style_pass,craft_pass
TOPSHPT8;TE('%s',recognition_blocked,no_reference_images,0,1,style_pass,craft_pass
VEHTRF01,recognition_blocked,no_reference_images,0,2,style_pass,craft_pass
VESSEL01,recognition_blocked,no_reference_images,0,2,style_pass,craft_pass
VRMEBL01,recognition_blocked,no_reference_images,0,2,style_pass,craft_pass
boyspp50,recognition_blocked,no_reference_images,0,2,style_review,craft_pass
ACHARE02,recognition_ready,,5,2,style_pass,craft_pass
ACHARE51,recognition_ready,,5,2,style_pass,craft_pass
ACHBRT07,recognition_ready,,5,2,style_pass,craft_pass
ACHPNT01,recognition_ready,,4,2,style_pass,craft_pass
ACHRES61,recognition_ready,,5,2,style_pass,craft_pass
ACHRES71,recognition_ready,,5,2,style_pass,craft_pass
ADDMRK01,recognition_ready,,3,2,style_pass,craft_pass
ADDMRK02,recognition_ready,,3,2,style_pass,craft_pass
AIRARE02,recognition_ready,,4,2,style_pass,craft_pass
AISDEF01,recognition_ready,,3,2,style_pass,craft_pass
AISONE01,recognition_ready,,3,2,style_pass,craft_pass
AISSIX01,recognition_ready,,3,2,style_pass,craft_pass
AISSLP01,recognition_ready,,3,2,style_pass,craft_pass
AISVES01,recognition_ready,,3,2,style_pass,craft_pass
ARPATG01,recognition_ready,,3,2,style_pass,craft_pass
BCNCAR01,recognition_ready,,8,2,style_pass,craft_pass
BCNCAR02,recognition_ready,,8,2,style_pass,craft_pass
BCNCAR03,recognition_ready,,8,2,style_pass,craft_pass
BCNCAR04,recognition_ready,,8,2,style_pass,craft_pass
BCNDEF13,recognition_ready,,4,2,style_pass,craft_pass
BCNGEN64,recognition_ready,,3,2,style_pass,craft_pass
BCNGEN68,recognition_ready,,3,2,style_pass,craft_pass
BCNGEN69,recognition_ready,,3,2,style_pass,craft_pass
BCNGEN79,recognition_ready,,3,2,style_pass,craft_pass
BCNGEN80,recognition_ready,,3,2,style_pass,craft_pass
BCNISD21,recognition_ready,,5,2,style_pass,craft_pass
BCNSAW13,recognition_ready,,6,2,style_pass,craft_pass
BCNSPP13,recognition_ready,,6,2,style_pass,craft_pass
BCNSTK05,recognition_ready,,3,2,style_pass,craft_pass
BCNSTK08,recognition_ready,,3,2,style_pass,craft_pass
BCNSTK60,recognition_ready,,3,2,style_pass,craft_pass
BCNSTK61,recognition_ready,,3,2,style_pass,craft_pass
BCNSTK62,recognition_ready,,3,2,style_pass,craft_pass
BCNSTK78,recognition_ready,,3,2,style_pass,craft_pass
BCNSTK81,recognition_ready,,3,2,style_pass,craft_pass
BCNSTK82,recognition_ready,,3,2,style_pass,craft_pass
BCNSTK83,recognition_ready,,3,2,style_pass,craft_pass
BCNTOW05,recognition_ready,,3,2,style_pass,craft_pass
BCNTOW60,recognition_ready,,3,2,style_pass,craft_pass
BCNTOW61,recognition_ready,,3,2,style_pass,craft_pass
BCNTOW62,recognition_ready,,3,2,style_pass,craft_pass
BCNTOW63,recognition_ready,,3,2,style_pass,craft_pass
BCNTOW64,recognition_ready,,3,2,style_pass,craft_pass
BCNTOW65,recognition_ready,,3,2,style_pass,craft_pass
BCNTOW66,recognition_ready,,3,2,style_pass,craft_pass
BCNTOW68,recognition_ready,,3,2,style_pass,craft_pass
BCNTOW69,recognition_ready,,3,2,style_pass,craft_pass
BCNTOW70,recognition_ready,,3,2,style_pass,craft_pass
BCNTOW71,recognition_ready,,3,2,style_pass,craft_pass
BCNTOW74,recognition_ready,,3,2,style_pass,craft_pass
BCNTOW76,recognition_ready,,3,2,style_pass,craft_pass
BCNTOW85,recognition_ready,,3,2,style_pass,craft_pass
BCNTOW86,recognition_ready,,3,2,style_pass,craft_pass
BCNTOW87,recognition_ready,,3,2,style_pass,craft_pass
BCNTOW88,recognition_ready,,3,2,style_pass,craft_pass
BCNTOW89,recognition_ready,,3,2,style_pass,craft_pass
BCNTOW90,recognition_ready,,3,2,style_pass,craft_pass
BCNTOW91,recognition_ready,,3,2,style_pass,craft_pass
BLKADJ01,recognition_ready,,4,2,style_pass,craft_pass
BOYBAR01,recognition_ready,,4,2,style_pass,craft_pass
BOYBAR60,recognition_ready,,3,2,style_pass,craft_pass
BOYBAR61,recognition_ready,,3,2,style_pass,craft_pass
BOYBAR62,recognition_ready,,3,2,style_pass,craft_pass
BOYCAN01,recognition_ready,,4,2,style_pass,craft_pass
BOYCAN60,recognition_ready,,3,2,style_pass,craft_pass
BOYCAN61,recognition_ready,,3,2,style_pass,craft_pass
BOYCAN62,recognition_ready,,3,2,style_pass,craft_pass
BOYCAN63,recognition_ready,,3,2,style_pass,craft_pass
BOYCAN64,recognition_ready,,3,2,style_pass,craft_pass
BOYCAN65,recognition_ready,,3,2,style_pass,craft_pass
BOYCAN68,recognition_ready,,3,2,style_pass,craft_pass
BOYCAN69,recognition_ready,,3,2,style_pass,craft_pass
BOYCAN70,recognition_ready,,3,2,style_pass,craft_pass
BOYCAN71,recognition_ready,,3,2,style_pass,craft_pass
BOYCAN72,recognition_ready,,3,2,style_pass,craft_pass
BOYCAN73,recognition_ready,,3,2,style_pass,craft_pass
BOYCAN74,recognition_ready,,3,2,style_pass,craft_pass
BOYCAN75,recognition_ready,,3,2,style_pass,craft_pass
BOYCAN76,recognition_ready,,3,2,style_pass,craft_pass
BOYCAN77,recognition_ready,,3,2,style_pass,craft_pass
BOYCAN78,recognition_ready,,3,2,style_pass,craft_pass
BOYCAN79,recognition_ready,,3,2,style_pass,craft_pass
BOYCAN80,recognition_ready,,3,2,style_pass,craft_pass
BOYCAN81,recognition_ready,,3,2,style_pass,craft_pass
BOYCAN82,recognition_ready,,3,2,style_pass,craft_pass
BOYCAN83,recognition_ready,,3,2,style_pass,craft_pass
BOYCAR01,recognition_ready,,8,2,style_pass,craft_pass
BOYCAR02,recognition_ready,,8,2,style_pass,craft_pass
BOYCAR03,recognition_ready,,8,2,style_pass,craft_pass
BOYCAR04,recognition_ready,,8,2,style_pass,craft_pass
BOYCON01,recognition_ready,,4,2,style_pass,craft_pass
BOYCON60,recognition_ready,,3,2,style_pass,craft_pass
BOYCON61,recognition_ready,,3,2,style_pass,craft_pass
BOYCON62,recognition_ready,,3,2,style_pass,craft_pass
BOYCON63,recognition_ready,,3,2,style_pass,craft_pass
BOYCON64,recognition_ready,,3,2,style_pass,craft_pass
BOYCON65,recognition_ready,,3,2,style_pass,craft_pass
BOYCON66,recognition_ready,,3,2,style_pass,craft_pass
BOYCON67,recognition_ready,,3,2,style_pass,craft_pass
BOYCON68,recognition_ready,,3,2,style_pass,craft_pass
BOYCON69,recognition_ready,,3,2,style_pass,craft_pass
BOYCON70,recognition_ready,,3,2,style_pass,craft_pass
BOYCON71,recognition_ready,,3,2,style_pass,craft_pass
BOYCON72,recognition_ready,,3,2,style_pass,craft_pass
BOYCON73,recognition_ready,,3,2,style_pass,craft_pass
BOYCON74,recognition_ready,,3,2,style_pass,craft_pass
BOYCON77,recognition_ready,,3,2,style_pass,craft_pass
BOYCON78,recognition_ready,,3,2,style_pass,craft_pass
BOYCON79,recognition_ready,,3,2,style_pass,craft_pass
BOYCON80,recognition_ready,,3,2,style_pass,craft_pass
BOYCON81,recognition_ready,,3,2,style_pass,craft_pass
BOYDEF03,recognition_ready,,4,2,style_pass,craft_pass
BOYGEN03,recognition_ready,,4,2,style_pass,craft_pass
BOYINB01,recognition_ready,,4,2,style_pass,craft_pass
BOYLAT13,recognition_ready,,4,2,style_pass,craft_pass
BOYLAT14,recognition_ready,,4,2,style_pass,craft_pass
BOYLAT23,recognition_ready,,4,2,style_pass,craft_pass
BOYLAT24,recognition_ready,,4,2,style_pass,craft_pass
BOYLAT25,recognition_ready,,3,2,style_pass,craft_pass
BOYLAT26,recognition_ready,,3,2,style_pass,craft_pass
BOYLAT27,recognition_ready,,3,2,style_pass,craft_pass
BOYLAT50,recognition_ready,,3,2,style_pass,craft_pass
BOYLAT51,recognition_ready,,3,2,style_pass,craft_pass
BOYMOR01,recognition_ready,,6,2,style_pass,craft_pass
BOYMOR03,recognition_ready,,6,2,style_pass,craft_pass
BOYMOR31,recognition_ready,,5,2,style_pass,craft_pass
BOYPIL01,recognition_ready,,4,2,style_pass,craft_pass
BOYPIL59,recognition_ready,,3,2,style_pass,craft_pass
BOYPIL60,recognition_ready,,4,2,style_pass,craft_pass
BOYPIL61,recognition_ready,,3,2,style_pass,craft_pass
BOYPIL62,recognition_ready,,3,2,style_pass,craft_pass
BOYPIL66,recognition_ready,,3,2,style_pass,craft_pass
BOYPIL67,recognition_ready,,3,2,style_pass,craft_pass
BOYPIL68,recognition_ready,,3,2,style_pass,craft_pass
BOYPIL69,recognition_ready,,3,2,style_pass,craft_pass
BOYPIL70,recognition_ready,,3,2,style_pass,craft_pass
BOYPIL71,recognition_ready,,3,2,style_pass,craft_pass
BOYPIL72,recognition_ready,,3,2,style_pass,craft_pass
BOYPIL73,recognition_ready,,3,2,style_pass,craft_pass
BOYPIL74,recognition_ready,,3,2,style_pass,craft_pass
BOYPIL81,recognition_ready,,3,2,style_pass,craft_pass
BOYSPH01,recognition_ready,,4,2,style_pass,craft_pass
BOYSPH05,recognition_ready,,3,2,style_pass,craft_pass
BOYSPH60,recognition_ready,,4,2,style_pass,craft_pass
BOYSPH62,recognition_ready,,3,2,style_pass,craft_pass
BOYSPH65,recognition_ready,,3,2,style_pass,craft_pass
BOYSPH66,recognition_ready,,3,2,style_pass,craft_pass
BOYSPH68,recognition_ready,,3,2,style_pass,craft_pass
BOYSPH69,recognition_ready,,3,2,style_pass,craft_pass
BOYSPH70,recognition_ready,,3,2,style_pass,craft_pass
BOYSPH71,recognition_ready,,3,2,style_pass,craft_pass
BOYSPH74,recognition_ready,,3,2,style_pass,craft_pass
BOYSPH75,recognition_ready,,3,2,style_pass,craft_pass
BOYSPH77,recognition_ready,,3,2,style_pass,craft_pass
BOYSPP15,recognition_ready,,6,2,style_pass,craft_pass
BOYSPP25,recognition_ready,,6,2,style_pass,craft_pass
BOYSPR04,recognition_ready,,3,2,style_pass,craft_pass
BOYSPR05,recognition_ready,,3,2,style_pass,craft_pass
BOYSPR60,recognition_ready,,4,2,style_pass,craft_pass
BOYSPR61,recognition_ready,,3,2,style_pass,craft_pass
BOYSPR62,recognition_ready,,3,2,style_pass,craft_pass
BOYSPR65,recognition_ready,,3,2,style_pass,craft_pass
BOYSPR68,recognition_ready,,3,2,style_pass,craft_pass
BOYSPR69,recognition_ready,,3,2,style_pass,craft_pass
BOYSUP01,recognition_ready,,4,2,style_pass,craft_pass
BOYSUP02,recognition_ready,,4,2,style_pass,craft_pass
BOYSUP03,recognition_ready,,4,2,style_pass,craft_pass
BOYSUP62,recognition_ready,,3,2,style_pass,craft_pass
BOYSUP65,recognition_ready,,3,2,style_pass,craft_pass
BOYSUP66,recognition_ready,,3,2,style_pass,craft_pass
BRIDGE01,recognition_ready,,4,2,style_pass,craft_pass
BRTHNO01,recognition_ready,,4,2,style_pass,craft_pass
BUAARE02,recognition_ready,,4,2,style_pass,craft_pass
BUIREL01,recognition_ready,,4,2,style_pass,craft_pass
BUIREL04,recognition_ready,,4,2,style_pass,craft_pass
BUIREL05,recognition_ready,,4,2,style_pass,craft_pass
BUIREL13,recognition_ready,,4,2,style_pass,craft_pass
BUIREL14,recognition_ready,,4,2,style_pass,craft_pass
BUIREL15,recognition_ready,,4,2,style_pass,craft_pass
BUISGL01,recognition_ready,,4,2,style_pass,craft_pass
BUISGL11,recognition_ready,,4,2,style_pass,craft_pass
BUNSTA01,recognition_ready,,3,2,style_pass,craft_pass
BUNSTA02,recognition_ready,,3,2,style_pass,craft_pass
BUNSTA03,recognition_ready,,3,2,style_pass,craft_pass
CAIRNS01,recognition_ready,,4,2,style_pass,craft_pass
CAIRNS11,recognition_ready,,4,2,style_pass,craft_pass
CBLARE51,recognition_ready,,4,2,style_pass,craft_pass
CGUSTA02,recognition_ready,,4,2,style_pass,craft_pass
CHIMNY01,recognition_ready,,5,2,style_pass,craft_pass
CHIMNY11,recognition_ready,,5,2,style_pass,craft_pass
CHINFO06,recognition_ready,,4,2,style_pass,craft_pass
CHINFO07,recognition_ready,,4,2,style_pass,craft_pass
CHINFO08,recognition_ready,,4,2,style_pass,craft_pass
CHINFO09,recognition_ready,,4,2,style_pass,craft_pass
CHINFO10,recognition_ready,,4,2,style_pass,craft_pass
CHINFO11,recognition_ready,,4,2,style_pass,craft_pass
CHKSYM01,recognition_ready,,4,2,style_pass,craft_pass
CLRLIN01,recognition_ready,,3,2,style_pass,craft_pass
CRANES01,recognition_ready,,5,2,style_pass,craft_pass
CTNARE51,recognition_ready,,4,2,style_pass,craft_pass
CTYARE51,recognition_ready,,4,2,style_pass,craft_pass
CURDEF01,recognition_ready,,4,2,style_pass,craft_pass
CURENT01,recognition_ready,,4,2,style_pass,craft_pass
CURSRA01,recognition_ready,,4,2,style_pass,craft_pass
CUSTOM01,recognition_ready,,3,2,style_pass,craft_pass
DANGER51,recognition_ready,,3,2,style_pass,craft_pass
DANGER52,recognition_ready,,3,2,style_pass,craft_pass
DAYSQR01,recognition_ready,,4,2,style_pass,craft_pass
DAYSQR21,recognition_ready,,4,2,style_pass,craft_pass
DAYTRI01,recognition_ready,,4,2,style_pass,craft_pass
DAYTRI05,recognition_ready,,4,2,style_pass,craft_pass
DIAMOND1,recognition_ready,,3,2,style_pass,craft_pass
DIRBOY01,recognition_ready,,4,2,style_pass,craft_pass
DIRBOYA1,recognition_ready,,4,2,style_pass,craft_pass
DIRBOYB1,recognition_ready,,4,2,style_pass,craft_pass
DISMAR05,recognition_ready,,3,2,style_pass,craft_pass
DISMAR06,recognition_ready,,4,2,style_pass,craft_pass
DNGHILIT,recognition_ready,,4,2,style_pass,craft_pass
DOMES001,recognition_ready,,4,2,style_pass,craft_pass
DOMES011,recognition_ready,,4,2,style_pass,craft_pass
DSHAER01,recognition_ready,,4,2,style_pass,craft_pass
DSHAER11,recognition_ready,,4,2,style_pass,craft_pass
DWRTPT51,recognition_ready,,4,2,style_pass,craft_pass
DWRUTE51,recognition_ready,,4,2,style_pass,craft_pass
EBBSTR01,recognition_ready,,4,2,style_pass,craft_pass
EBLVRM11,recognition_ready,,4,2,style_pass,craft_pass
ERBLTIK1,recognition_ready,,4,2,style_pass,craft_pass
ESSARE01,recognition_ready,,4,2,style_pass,craft_pass
FAIRWY51,recognition_ready,,4,2,style_pass,craft_pass
FAIRWY52,recognition_ready,,4,2,style_pass,craft_pass
FLASTK01,recognition_ready,,4,2,style_pass,craft_pass
FLASTK11,recognition_ready,,4,2,style_pass,craft_pass
FLDSTR01,recognition_ready,,4,2,style_pass,craft_pass
FLGSTF01,recognition_ready,,4,2,style_pass,craft_pass
FLTHAZ02,recognition_ready,,1,2,style_pass,craft_pass
FOGSIG01,recognition_ready,,5,2,style_pass,craft_pass
FORSTC01,recognition_ready,,4,2,style_pass,craft_pass
FORSTC11,recognition_ready,,4,2,style_pass,craft_pass
FOULAR01,recognition_ready,,3,2,style_pass,craft_pass
FOULGND1,recognition_ready,,4,2,style_pass,craft_pass
FRYARE52,recognition_ready,,4,2,style_pass,craft_pass
FSHFAC02,recognition_ready,,4,2,style_pass,craft_pass
FSHFAC03,recognition_ready,,4,2,style_pass,craft_pass
FSHGRD01,recognition_ready,,4,2,style_pass,craft_pass
FSHHAV01,recognition_ready,,4,2,style_pass,craft_pass
GATCON03,recognition_ready,,4,2,style_pass,craft_pass
GATCON04,recognition_ready,,4,2,style_pass,craft_pass
HGWTMK01,recognition_ready,,3,2,style_pass,craft_pass
HILTOP01,recognition_ready,,4,2,style_pass,craft_pass
HILTOP11,recognition_ready,,4,2,style_pass,craft_pass
HODATA01,recognition_ready,,3,2,style_pass,craft_pass
HRBFAC09,recognition_ready,,4,2,style_pass,craft_pass
HRBFAC10,recognition_ready,,3,2,style_pass,craft_pass
HRBFAC11,recognition_ready,,3,2,style_pass,craft_pass
HRBFAC12,recognition_ready,,3,2,style_pass,craft_pass
HRBFAC13,recognition_ready,,3,2,style_pass,craft_pass
HRBFAC14,recognition_ready,,3,2,style_pass,craft_pass
HRBFAC15,recognition_ready,,3,2,style_pass,craft_pass
HRBFAC16,recognition_ready,,3,2,style_pass,craft_pass
HRBFAC17,recognition_ready,,3,2,style_pass,craft_pass
HRBFAC18,recognition_ready,,3,2,style_pass,craft_pass
INFARE51,recognition_ready,,4,2,style_pass,craft_pass
INFORM01,recognition_ready,,4,2,style_pass,craft_pass
ISODGR51,recognition_ready,,3,2,style_pass,craft_pass
ITZARE51,recognition_ready,,4,2,style_pass,craft_pass
LIGHTS05,recognition_ready,,6,2,style_pass,craft_pass
LITFLT02,recognition_ready,,4,2,style_pass,craft_pass
LITFLT10,recognition_ready,,3,2,style_pass,craft_pass
LITFLT61,recognition_ready,,3,2,style_pass,craft_pass
LITVES01,recognition_ready,,4,2,style_pass,craft_pass
LITVES02,recognition_ready,,4,2,style_pass,craft_pass
LITVES60,recognition_ready,,3,2,style_pass,craft_pass
LITVES61,recognition_ready,,3,2,style_pass,craft_pass
LOWACC01,recognition_ready,,4,2,style_pass,craft_pass
LOWACC41,recognition_ready,,3,2,style_pass,craft_pass
MARCUL02,recognition_ready,,4,2,style_pass,craft_pass
MONUMT02,recognition_ready,,4,2,style_pass,craft_pass
MONUMT12,recognition_ready,,4,2,style_pass,craft_pass
MORFAC03,recognition_ready,,6,2,style_pass,craft_pass
MORFAC04,recognition_ready,,6,2,style_pass,craft_pass
MSTCON04,recognition_ready,,4,2,style_pass,craft_pass
MSTCON14,recognition_ready,,4,2,style_pass,craft_pass
NMKINF02,recognition_ready,,3,2,style_pass,craft_pass
NMKINF03,recognition_ready,,3,2,style_pass,craft_pass
NMKINF04,recognition_ready,,3,2,style_pass,craft_pass
NMKINF05,recognition_ready,,3,2,style_pass,craft_pass
NMKINF06,recognition_ready,,3,2,style_pass,craft_pass
NMKINF19,recognition_ready,,3,2,style_pass,craft_pass
NMKINF20,recognition_ready,,3,2,style_pass,craft_pass
NMKINF21,recognition_ready,,3,2,style_pass,craft_pass
NMKINF22,recognition_ready,,3,2,style_pass,craft_pass
NMKINF38,recognition_ready,,3,2,style_pass,craft_pass
NMKINF40,recognition_ready,,3,2,style_pass,craft_pass
NMKINF43,recognition_ready,,3,2,style_pass,craft_pass
NMKINF44,recognition_ready,,3,2,style_pass,craft_pass
NMKINF45,recognition_ready,,3,2,style_pass,craft_pass
NMKINF46,recognition_ready,,3,2,style_pass,craft_pass
NMKINF47,recognition_ready,,3,2,style_pass,craft_pass
NMKINF48,recognition_ready,,3,2,style_pass,craft_pass
NMKINF49,recognition_ready,,3,2,style_pass,craft_pass
NMKINF50,recognition_ready,,3,2,style_pass,craft_pass
NMKINF53,recognition_ready,,3,2,style_pass,craft_pass
NMKPRH06,recognition_ready,,3,2,style_pass,craft_pass
NMKPRH07,recognition_ready,,3,2,style_pass,craft_pass
NMKPRH08,recognition_ready,,3,2,style_pass,craft_pass
NMKPRH10,recognition_ready,,3,2,style_pass,craft_pass
NMKPRH11,recognition_ready,,3,2,style_pass,craft_pass
NMKPRH12,recognition_ready,,3,2,style_pass,craft_pass
NMKPRH13,recognition_ready,,3,2,style_pass,craft_pass
NMKPRH14,recognition_ready,,3,2,style_pass,craft_pass
NMKRCD01,recognition_ready,,3,2,style_pass,craft_pass
NMKRCD02,recognition_ready,,3,2,style_pass,craft_pass
NMKRCD03,recognition_ready,,3,2,style_pass,craft_pass
NMKRCD04,recognition_ready,,3,2,style_pass,craft_pass
NMKRCD05,recognition_ready,,3,2,style_pass,craft_pass
NMKRCD06,recognition_ready,,3,2,style_pass,craft_pass
NMKREG01,recognition_ready,,3,2,style_pass,craft_pass
NMKREG02,recognition_ready,,3,2,style_pass,craft_pass
NMKREG03,recognition_ready,,3,2,style_pass,craft_pass
NMKREG11,recognition_ready,,3,2,style_pass,craft_pass
NMKREG15,recognition_ready,,3,2,style_pass,craft_pass
NMKREG16,recognition_ready,,3,2,style_pass,craft_pass
NMKREG17,recognition_ready,,3,2,style_pass,craft_pass
NMKREG19,recognition_ready,,3,2,style_pass,craft_pass
NMKREG20,recognition_ready,,3,2,style_pass,craft_pass
NORTHAR1,recognition_ready,,4,2,style_pass,craft_pass
NOTBRD11,recognition_ready,,4,2,style_pass,craft_pass
NOTBRD12,recognition_ready,,3,2,style_pass,craft_pass
NOTMRK01,recognition_ready,,3,2,style_pass,craft_pass
NOTMRK02,recognition_ready,,3,2,style_pass,craft_pass
NOTMRK03,recognition_ready,,3,2,style_pass,craft_pass
OBSTRN01,recognition_ready,,5,2,style_pass,craft_pass
OBSTRN02,recognition_ready,,5,2,style_pass,craft_pass
OBSTRN03,recognition_ready,,5,2,style_pass,craft_pass
OBSTRN04,recognition_ready,,1,2,style_pass,craft_pass
OFSPLF01,recognition_ready,,4,2,style_pass,craft_pass
OWNSHP01,recognition_ready,,3,2,style_pass,craft_pass
OWNSHP05,recognition_ready,,3,2,style_pass,craft_pass
PIER0001,recognition_ready,,3,2,style_pass,craft_pass
PILBOP02,recognition_ready,,4,2,style_pass,craft_pass
PILPNT02,recognition_ready,,4,2,style_pass,craft_pass
PIPSOL05,recognition_ready,,3,2,style_pass,craft_pass
PLNPOS01,recognition_ready,,3,2,style_pass,craft_pass
PLNRTE03,recognition_ready,,3,2,style_pass,craft_pass
PLNSPD03,recognition_ready,,3,2,style_pass,craft_pass
PLNSPD04,recognition_ready,,3,2,style_pass,craft_pass
POSGEN01,recognition_ready,,4,2,style_pass,craft_pass
POSGEN03,recognition_ready,,4,2,style_pass,craft_pass
POSGEN04,recognition_ready,,4,2,style_pass,craft_pass
POSITN02,recognition_ready,,3,2,style_pass,craft_pass
PRCARE12,recognition_ready,,4,2,style_pass,craft_pass
PRCARE51,recognition_ready,,4,2,style_pass,craft_pass
PRICKE03,recognition_ready,,4,2,style_pass,craft_pass
PRICKE04,recognition_ready,,4,2,style_pass,craft_pass
PSSARE01,recognition_ready,,1,2,style_pass,craft_pass
QUAPOS01,recognition_ready,,4,2,style_pass,craft_pass
QUESMRK1,recognition_ready,,4,2,style_pass,craft_pass
RACNSP01,recognition_ready,,4,2,style_pass,craft_pass
RADRFL03,recognition_ready,,5,2,style_pass,craft_pass
RASCAN01,recognition_ready,,4,2,style_pass,craft_pass
RASCAN11,recognition_ready,,4,2,style_pass,craft_pass
RCLDEF01,recognition_ready,,4,2,style_pass,craft_pass
RCTLPT52,recognition_ready,,4,2,style_pass,craft_pass
RDOCAL02,recognition_ready,,6,2,style_pass,craft_pass
RDOCAL03,recognition_ready,,6,2,style_pass,craft_pass
RDOSTA02,recognition_ready,,6,2,style_pass,craft_pass
RECDEF51,recognition_ready,,4,2,style_pass,craft_pass
RECTRC55,recognition_ready,,4,2,style_pass,craft_pass
RECTRC56,recognition_ready,,4,2,style_pass,craft_pass
RECTRC57,recognition_ready,,4,2,style_pass,craft_pass
RECTRC58,recognition_ready,,4,2,style_pass,craft_pass
REFDMP01,recognition_ready,,3,2,style_pass,craft_pass
REFPNT02,recognition_ready,,4,2,style_pass,craft_pass
RESARE51,recognition_ready,,3,2,style_pass,craft_pass
RETRFL01,recognition_ready,,4,2,style_pass,craft_pass
RETRFL02,recognition_ready,,4,2,style_pass,craft_pass
RFNERY01,recognition_ready,,4,2,style_pass,craft_pass
RFNERY11,recognition_ready,,4,2,style_pass,craft_pass
ROLROL01,recognition_ready,,4,2,style_pass,craft_pass
RSCSTA02,recognition_ready,,4,2,style_pass,craft_pass
RTLDEF51,recognition_ready,,4,2,style_pass,craft_pass
RTPBCN02,recognition_ready,,4,2,style_pass,craft_pass
SISTAT02,recognition_ready,,3,2,style_pass,craft_pass
SOUNDG02,recognition_ready,,4,2,style_pass,craft_pass
SPRING02,recognition_ready,,4,2,style_pass,craft_pass
SSENTR01,recognition_ready,,3,2,style_pass,craft_pass
SSLOCK01,recognition_ready,,3,2,style_pass,craft_pass
SSWARS01,recognition_ready,,3,2,style_pass,craft_pass
STARPT01,recognition_ready,,3,2,style_pass,craft_pass
SWPARE51,recognition_ready,,4,2,style_pass,craft_pass
TERMNL01,recognition_ready,,3,2,style_pass,craft_pass
TERMNL02,recognition_ready,,3,2,style_pass,craft_pass
TERMNL03,recognition_ready,,3,2,style_pass,craft_pass
TERMNL04,recognition_ready,,3,2,style_pass,craft_pass
TERMNL05,recognition_ready,,3,2,style_pass,craft_pass
TERMNL06,recognition_ready,,3,2,style_pass,craft_pass
TERMNL07,recognition_ready,,3,2,style_pass,craft_pass
TERMNL08,recognition_ready,,3,2,style_pass,craft_pass
TERMNL09,recognition_ready,,3,2,style_pass,craft_pass
TERMNL10,recognition_ready,,3,2,style_pass,craft_pass
TERMNL11,recognition_ready,,3,2,style_pass,craft_pass
TERMNL12,recognition_ready,,3,2,style_pass,craft_pass
TERMNL13,recognition_ready,,3,2,style_pass,craft_pass
TIDCUR01,recognition_ready,,4,2,style_pass,craft_pass
TIDCUR02,recognition_ready,,4,2,style_pass,craft_pass
TIDCUR03,recognition_ready,,4,2,style_pass,craft_pass
TIDEHT01,recognition_ready,,4,2,style_pass,craft_pass
TIDSTR01,recognition_ready,,4,2,style_pass,craft_pass
TMBYRD01,recognition_ready,,4,2,style_pass,craft_pass
TNKCON02,recognition_ready,,4,2,style_pass,craft_pass
TNKCON12,recognition_ready,,4,2,style_pass,craft_pass
TNKFRM01,recognition_ready,,4,2,style_pass,craft_pass
TNKFRM11,recognition_ready,,4,2,style_pass,craft_pass
TOPMA100,recognition_ready,,3,2,style_pass,craft_pass
TOPMA102,recognition_ready,,3,2,style_pass,craft_pass
TOPMA106,recognition_ready,,3,2,style_pass,craft_pass
TOPMA107,recognition_ready,,3,2,style_pass,craft_pass
TOPMA109,recognition_ready,,3,2,style_pass,craft_pass
TOPMA115,recognition_ready,,3,2,style_pass,craft_pass
TOPMA116,recognition_ready,,3,2,style_pass,craft_pass
TOPMA117,recognition_ready,,3,2,style_pass,craft_pass
TOPMAR01,recognition_ready,,3,2,style_pass,craft_pass
TOPMAR87,recognition_ready,,4,2,style_pass,craft_pass
TOPMAR88,recognition_ready,,4,2,style_pass,craft_pass
TOPMAR90,recognition_ready,,3,2,style_pass,craft_pass
TOPMAR93,recognition_ready,,3,2,style_pass,craft_pass
TOPMAR98,recognition_ready,,3,2,style_pass,craft_pass
TOPMAR99,recognition_ready,,3,2,style_pass,craft_pass
TOPSHP05,recognition_ready,,3,2,style_pass,craft_pass
TOPSHP07,recognition_ready,,3,2,style_pass,craft_pass
TOPSHP10,recognition_ready,,3,2,style_pass,craft_pass
TOPSHP11,recognition_ready,,3,2,style_pass,craft_pass
TOPSHP12,recognition_ready,,3,2,style_pass,craft_pass
TOPSHP13,recognition_ready,,3,2,style_pass,craft_pass
TOPSHP22,recognition_ready,,3,2,style_pass,craft_pass
TOPSHP23,recognition_ready,,3,2,style_pass,craft_pass
TOPSHP24,recognition_ready,,3,2,style_pass,craft_pass
TOPSHP25,recognition_ready,,3,2,style_pass,craft_pass
TOPSHP28,recognition_ready,,3,2,style_pass,craft_pass
TOPSHP29,recognition_ready,,3,2,style_pass,craft_pass
TOPSHP30,recognition_ready,,3,2,style_pass,craft_pass
TOPSHP31,recognition_ready,,3,2,style_pass,craft_pass
TOPSHP32,recognition_ready,,3,2,style_pass,craft_pass
TOPSHP34,recognition_ready,,3,2,style_pass,craft_pass
TOPSHP35,recognition_ready,,3,2,style_pass,craft_pass
TOPSHP36,recognition_ready,,3,2,style_pass,craft_pass
TOPSHP37,recognition_ready,,3,2,style_pass,craft_pass
TOPSHP38,recognition_ready,,3,2,style_pass,craft_pass
TOPSHP40,recognition_ready,,3,2,style_pass,craft_pass
TOPSHP41,recognition_ready,,3,2,style_pass,craft_pass
TOPSHP42,recognition_ready,,3,2,style_pass,craft_pass
TOPSHP43,recognition_ready,,3,2,style_pass,craft_pass
TOPSHP44,recognition_ready,,3,2,style_pass,craft_pass
TOPSHP47,recognition_ready,,3,2,style_pass,craft_pass
TOPSHP48,recognition_ready,,3,2,style_pass,craft_pass
TOPSHP51,recognition_ready,,3,2,style_pass,craft_pass
TOPSHP52,recognition_ready,,3,2,style_pass,craft_pass
TOPSHP53,recognition_ready,,3,2,style_pass,craft_pass
TOPSHP54,recognition_ready,,3,2,style_pass,craft_pass
TOPSHP55,recognition_ready,,3,2,style_pass,craft_pass
TOPSHP58,recognition_ready,,3,2,style_pass,craft_pass
TOPSHP61,recognition_ready,,3,2,style_pass,craft_pass
TOPSHP62,recognition_ready,,3,2,style_pass,craft_pass
TOPSHP63,recognition_ready,,3,2,style_pass,craft_pass
TOPSHP64,recognition_ready,,3,2,style_pass,craft_pass
TOPSHP65,recognition_ready,,3,2,style_pass,craft_pass
TOPSHP67,recognition_ready,,3,2,style_pass,craft_pass
TOPSHP69,recognition_ready,,3,2,style_pass,craft_pass
TOPSHP70,recognition_ready,,3,2,style_pass,craft_pass
TOPSHP71,recognition_ready,,3,2,style_pass,craft_pass
TOPSHP72,recognition_ready,,3,2,style_pass,craft_pass
TOPSHP74,recognition_ready,,3,2,style_pass,craft_pass
TOPSHP76,recognition_ready,,3,2,style_pass,craft_pass
TOPSHP77,recognition_ready,,3,2,style_pass,craft_pass
TOPSHP78,recognition_ready,,3,2,style_pass,craft_pass
TOPSHP79,recognition_ready,,3,2,style_pass,craft_pass
TOPSHP80,recognition_ready,,3,2,style_pass,craft_pass
TOPSHP82,recognition_ready,,3,2,style_pass,craft_pass
TOPSHP83,recognition_ready,,3,2,style_pass,craft_pass
TOPSHP84,recognition_ready,,3,2,style_pass,craft_pass
TOPSHP85,recognition_ready,,3,2,style_pass,craft_pass
TOPSHP87,recognition_ready,,3,2,style_pass,craft_pass
TOPSHP88,recognition_ready,,3,2,style_pass,craft_pass
TOPSHP90,recognition_ready,,3,2,style_pass,craft_pass
TOPSHP91,recognition_ready,,3,2,style_pass,craft_pass
TOPSHP92,recognition_ready,,3,2,style_pass,craft_pass
TOPSHP93,recognition_ready,,3,2,style_pass,craft_pass
TOPSHP94,recognition_ready,,3,2,style_pass,craft_pass
TOPSHP95,recognition_ready,,3,2,style_pass,craft_pass
TOPSHP96,recognition_ready,,3,2,style_pass,craft_pass
TOPSHP97,recognition_ready,,3,2,style_pass,craft_pass
TOPSHP98,recognition_ready,,3,2,style_pass,craft_pass
TOPSHP99,recognition_ready,,3,2,style_pass,craft_pass
TOPSHPA0,recognition_ready,,3,2,style_pass,craft_pass
TOPSHPA1,recognition_ready,,3,2,style_pass,craft_pass
TOPSHPA2,recognition_ready,,3,2,style_pass,craft_pass
TOPSHPA3,recognition_ready,,3,2,style_pass,craft_pass
TOPSHPA4,recognition_ready,,3,2,style_pass,craft_pass
TOPSHPA5,recognition_ready,,3,2,style_pass,craft_pass
TOPSHPA6,recognition_ready,,3,2,style_pass,craft_pass
TOPSHPA7,recognition_ready,,3,2,style_pass,craft_pass
TOPSHPA8,recognition_ready,,3,2,style_pass,craft_pass
TOPSHPA9,recognition_ready,,3,2,style_pass,craft_pass
TOPSHPB0,recognition_ready,,3,2,style_pass,craft_pass
TOPSHPD1,recognition_ready,,3,2,style_pass,craft_pass
TOPSHPD2,recognition_ready,,3,2,style_pass,craft_pass
TOPSHPD3,recognition_ready,,3,2,style_pass,craft_pass
TOPSHPD5,recognition_ready,,3,2,style_pass,craft_pass
TOPSHPJ1,recognition_ready,,3,2,style_pass,craft_pass
TOPSHPJ3,recognition_ready,,3,2,style_pass,craft_pass
TOPSHPR1,recognition_ready,,3,2,style_pass,craft_pass
TOPSHPS1,recognition_ready,,3,2,style_pass,craft_pass
TOPSHPT1,recognition_ready,,3,2,style_pass,craft_pass
TOPSHPT2,recognition_ready,,3,2,style_pass,craft_pass
TOPSHPT3,recognition_ready,,3,2,style_pass,craft_pass
TOPSHPT4,recognition_ready,,3,2,style_pass,craft_pass
TOPSHPT5,recognition_ready,,3,2,style_pass,craft_pass
TOPSHPT6,recognition_ready,,3,2,style_pass,craft_pass
TOPSHPT7,recognition_ready,,3,2,style_pass,craft_pass
TOPSHPU1,recognition_ready,,3,2,style_pass,craft_pass
TOPSHPU2,recognition_ready,,3,2,style_pass,craft_pass
TOPSHQ06,recognition_ready,,3,2,style_pass,craft_pass
TOPSHQ07,recognition_ready,,3,2,style_pass,craft_pass
TOPSHQ08,recognition_ready,,3,2,style_pass,craft_pass
TOPSHQ15,recognition_ready,,3,2,style_pass,craft_pass
TOPSHQ16,recognition_ready,,3,2,style_pass,craft_pass
TOPSHQ17,recognition_ready,,3,2,style_pass,craft_pass
TOPSHQ18,recognition_ready,,3,2,style_pass,craft_pass
TOPSHQ19,recognition_ready,,3,2,style_pass,craft_pass
TOPSHQ20,recognition_ready,,3,2,style_pass,craft_pass
TOPSHQ21,recognition_ready,,3,2,style_pass,craft_pass
TOPSHQ22,recognition_ready,,3,2,style_pass,craft_pass
TOPSHQ23,recognition_ready,,3,2,style_pass,craft_pass
TOPSHQ24,recognition_ready,,3,2,style_pass,craft_pass
TOPSHQ25,recognition_ready,,3,2,style_pass,craft_pass
TOPSHQ26,recognition_ready,,3,2,style_pass,craft_pass
TOPSHQ27,recognition_ready,,3,2,style_pass,craft_pass
TOPSHQ28,recognition_ready,,3,2,style_pass,craft_pass
TOPSHQ29,recognition_ready,,3,2,style_pass,craft_pass
TOPSHQ30,recognition_ready,,3,2,style_pass,craft_pass
TOPSHQ31,recognition_ready,,3,2,style_pass,craft_pass
TOPSHQ32,recognition_ready,,3,2,style_pass,craft_pass
TOWERS01,recognition_ready,,7,2,style_pass,craft_pass
TOWERS02,recognition_ready,,7,2,style_pass,craft_pass
TOWERS03,recognition_ready,,7,2,style_pass,craft_pass
TOWERS05,recognition_ready,,7,2,style_pass,craft_pass
TOWERS12,recognition_ready,,7,2,style_pass,craft_pass
TOWERS15,recognition_ready,,7,2,style_pass,craft_pass
TOWERS48,recognition_ready,,6,2,style_pass,craft_pass
TOWERS49,recognition_ready,,6,2,style_pass,craft_pass
TOWERS50,recognition_ready,,6,2,style_pass,craft_pass
TOWERS51,recognition_ready,,6,2,style_pass,craft_pass
TOWERS52,recognition_ready,,6,2,style_pass,craft_pass
TOWERS53,recognition_ready,,6,2,style_pass,craft_pass
TOWERS54,recognition_ready,,6,2,style_pass,craft_pass
TOWERS55,recognition_ready,,6,2,style_pass,craft_pass
TOWERS57,recognition_ready,,6,2,style_pass,craft_pass
TOWERS58,recognition_ready,,6,2,style_pass,craft_pass
TOWERS59,recognition_ready,,6,2,style_pass,craft_pass
TOWERS60,recognition_ready,,6,2,style_pass,craft_pass
TOWERS61,recognition_ready,,6,2,style_pass,craft_pass
TOWERS62,recognition_ready,,6,2,style_pass,craft_pass
TOWERS63,recognition_ready,,6,2,style_pass,craft_pass
TOWERS64,recognition_ready,,6,2,style_pass,craft_pass
TOWERS65,recognition_ready,,6,2,style_pass,craft_pass
TOWERS66,recognition_ready,,6,2,style_pass,craft_pass
TOWERS67,recognition_ready,,6,2,style_pass,craft_pass
TOWERS68,recognition_ready,,6,2,style_pass,craft_pass
TOWERS69,recognition_ready,,6,2,style_pass,craft_pass
TOWERS70,recognition_ready,,6,2,style_pass,craft_pass
TOWERS71,recognition_ready,,6,2,style_pass,craft_pass
TOWERS72,recognition_ready,,6,2,style_pass,craft_pass
TOWERS73,recognition_ready,,6,2,style_pass,craft_pass
TOWERS74|;TX(OBJNAM,recognition_ready,,3,1,style_pass,craft_pass
TOWERS75,recognition_ready,,6,2,style_pass,craft_pass
TOWERS76,recognition_ready,,6,2,style_pass,craft_pass
TOWERS77,recognition_ready,,6,2,style_pass,craft_pass
TOWERS78,recognition_ready,,6,2,style_pass,craft_pass
TOWERS79,recognition_ready,,6,2,style_pass,craft_pass
TOWERS80,recognition_ready,,6,2,style_pass,craft_pass
TOWERS81,recognition_ready,,6,2,style_pass,craft_pass
TOWERS82,recognition_ready,,6,2,style_pass,craft_pass
TOWERS83,recognition_ready,,6,2,style_pass,craft_pass
TOWERS84,recognition_ready,,6,2,style_pass,craft_pass
TOWERS85,recognition_ready,,6,2,style_pass,craft_pass
TOWERS86,recognition_ready,,6,2,style_pass,craft_pass
TOWERS87,recognition_ready,,6,2,style_pass,craft_pass
TOWERS88,recognition_ready,,6,2,style_pass,craft_pass
TOWERS89,recognition_ready,,6,2,style_pass,craft_pass
TOWERS90,recognition_ready,,6,2,style_pass,craft_pass
TOWERS91,recognition_ready,,6,2,style_pass,craft_pass
TOWERS92,recognition_ready,,6,2,style_pass,craft_pass
TOWERS93,recognition_ready,,6,2,style_pass,craft_pass
TOWERS94,recognition_ready,,6,2,style_pass,craft_pass
TOWERS95,recognition_ready,,6,2,style_pass,craft_pass
TOWERS96,recognition_ready,,6,2,style_pass,craft_pass
TOWERS97,recognition_ready,,6,2,style_pass,craft_pass
TREPNT04,recognition_ready,,4,2,style_pass,craft_pass
TRNBSN01,recognition_ready,,3,2,style_pass,craft_pass
TSSCRS51,recognition_ready,,4,2,style_pass,craft_pass
TSSJCT02,recognition_ready,,3,2,style_pass,craft_pass
TSSLPT51,recognition_ready,,4,2,style_pass,craft_pass
TSSRON51,recognition_ready,,4,2,style_pass,craft_pass
TWRDEF51,recognition_ready,,4,2,style_pass,craft_pass
TWRTPT52,recognition_ready,,4,2,style_pass,craft_pass
TWRTPT53,recognition_ready,,4,2,style_pass,craft_pass
UNITMTR1,recognition_ready,,3,2,style_pass,craft_pass
VECGND01,recognition_ready,,3,2,style_pass,craft_pass
VECGND21,recognition_ready,,3,2,style_pass,craft_pass
WAYPNT01,recognition_ready,,3,2,style_pass,craft_pass
WAYPNT03,recognition_ready,,3,2,style_pass,craft_pass
WAYPNT11,recognition_ready,,3,2,style_pass,craft_pass
WEDKLP03,recognition_ready,,4,2,style_pass,craft_pass
WIMCON01,recognition_ready,,4,2,style_pass,craft_pass
WIMCON11,recognition_ready,,4,2,style_pass,craft_pass
WNDFRM51,recognition_ready,,4,2,style_pass,craft_pass
WNDFRM61,recognition_ready,,4,2,style_pass,craft_pass
WNDMIL02,recognition_ready,,4,2,style_pass,craft_pass
WNDMIL12,recognition_ready,,4,2,style_pass,craft_pass
WRECKS02,recognition_ready,,3,2,style_pass,craft_pass
WRECKS04,recognition_ready,,7,2,style_pass,craft_pass
WRECKS05,recognition_ready,,7,2,style_pass,craft_pass
WTLVGG01,recognition_ready,,3,2,style_pass,craft_pass
ZZZZZZ01,recognition_ready,,3,2,style_pass,craft_pass
ADDMRK05,recognition_ready_with_style_notes,,3,2,style_pass,craft_review
ARPONE01,recognition_ready_with_style_notes,,3,2,style_pass,craft_review
ARPSIX01,recognition_ready_with_style_notes,,3,2,style_pass,craft_review
BCNGEN01,recognition_ready_with_style_notes,,4,2,style_review,craft_pass
BCNGEN03,recognition_ready_with_style_notes,,4,2,style_review,craft_pass
BCNGEN05,recognition_ready_with_style_notes,,3,2,style_pass,craft_review
BCNGEN60,recognition_ready_with_style_notes,,3,2,style_pass,craft_review
BCNGEN61,recognition_ready_with_style_notes,,3,2,style_pass,craft_review
BCNGEN65,recognition_ready_with_style_notes,,3,2,style_pass,craft_review
BCNGEN70,recognition_ready_with_style_notes,,3,2,style_pass,craft_review
BCNGEN71,recognition_ready_with_style_notes,,3,2,style_pass,craft_review
BCNGEN76,recognition_ready_with_style_notes,,3,2,style_pass,craft_review
BCNLAT15,recognition_ready_with_style_notes,,4,2,style_pass,craft_review
BCNLAT16,recognition_ready_with_style_notes,,4,2,style_pass,craft_review
BCNLAT21,recognition_ready_with_style_notes,,4,2,style_pass,craft_review
BCNLAT22,recognition_ready_with_style_notes,,4,2,style_pass,craft_review
BCNLAT23,recognition_ready_with_style_notes,,3,2,style_pass,craft_review
BCNLAT50,recognition_ready_with_style_notes,,3,2,style_pass,craft_review
BCNLTC01,recognition_ready_with_style_notes,,4,2,style_review,craft_pass
BCNSAW21,recognition_ready_with_style_notes,,5,2,style_pass,craft_review
BCNSPP21,recognition_ready_with_style_notes,,6,2,style_pass,craft_review
BCNSPR62,recognition_ready_with_style_notes,,3,2,style_pass,craft_review
BCNSTK02,recognition_ready_with_style_notes,,4,2,style_review,craft_pass
BCNSTK03,recognition_ready_with_style_notes,,3,2,style_pass,craft_review
BCNSTK77,recognition_ready_with_style_notes,,3,2,style_pass,craft_review
BCNSTK79,recognition_ready_with_style_notes,,3,2,style_pass,craft_review
BCNSTK80,recognition_ready_with_style_notes,,3,2,style_pass,craft_review
BCNTOW01,recognition_ready_with_style_notes,,4,2,style_review,craft_pass
BORDER01,recognition_ready_with_style_notes,,3,2,style_review,craft_pass
BOYISD12,recognition_ready_with_style_notes,,5,2,style_pass,craft_review
BOYMOR11,recognition_ready_with_style_notes,,6,2,style_pass,craft_review
BOYPIL78,recognition_ready_with_style_notes,,3,2,style_review,craft_review
BOYSAW12,recognition_ready_with_style_notes,,5,2,style_pass,craft_review
BOYSPP11,recognition_ready_with_style_notes,,6,2,style_pass,craft_review
BOYSPR01,recognition_ready_with_style_notes,,4,2,style_review,craft_pass
BOYSPR70,recognition_ready_with_style_notes,,3,2,style_review,craft_pass
BOYSPR71,recognition_ready_with_style_notes,,3,2,style_review,craft_pass
BOYSPR72,recognition_ready_with_style_notes,,3,2,style_review,craft_pass
CBLSUB06,recognition_ready_with_style_notes,,3,2,style_pass,craft_review
CHCRDEL1,recognition_ready_with_style_notes,,4,2,style_review,craft_pass
CHCRID01,recognition_ready_with_style_notes,,4,2,style_review,craft_pass
CROSSX02,recognition_ready_with_style_notes,,3,2,style_review,craft_review
CURSRB01,recognition_ready_with_style_notes,,4,2,style_review,craft_pass
DISMAR03,recognition_ready_with_style_notes,,3,2,style_pass,craft_review
DISMAR04,recognition_ready_with_style_notes,,3,2,style_pass,craft_review
DQUALA11,recognition_ready_with_style_notes,,3,2,style_review,craft_review
DQUALA21,recognition_ready_with_style_notes,,3,2,style_review,craft_review
DQUALB01,recognition_ready_with_style_notes,,3,2,style_review,craft_review
DQUALC01,recognition_ready_with_style_notes,,3,2,style_review,craft_review
DQUALD01,recognition_ready_with_style_notes,,3,2,style_review,craft_review
DQUALU01,recognition_ready_with_style_notes,,3,2,style_pass,craft_review
DWLDEF01,recognition_ready_with_style_notes,,3,2,style_pass,craft_review
DWRTCL05,recognition_ready_with_style_notes,,3,2,style_pass,craft_review
DWRTCL06,recognition_ready_with_style_notes,,3,2,style_pass,craft_review
DWRTCL07,recognition_ready_with_style_notes,,3,2,style_pass,craft_review
DWRTCL08,recognition_ready_with_style_notes,,3,2,style_pass,craft_review
ERBLNA01,recognition_ready_with_style_notes,,3,2,style_pass,craft_review
ERBLNB01,recognition_ready_with_style_notes,,3,2,style_pass,craft_review
EVENTS02,recognition_ready_with_style_notes,,3,2,style_pass,craft_review
FERYRT01,recognition_ready_with_style_notes,,3,2,style_pass,craft_review
FERYRT02,recognition_ready_with_style_notes,,3,2,style_pass,craft_review
FRYARE51,recognition_ready_with_style_notes,,4,2,style_pass,craft_review
FSHFAC04,recognition_ready_with_style_notes,,3,2,style_review,craft_review
FSHHAV02,recognition_ready_with_style_notes,,3,2,style_review,craft_review
HECMTR01,recognition_ready_with_style_notes,,3,2,style_pass,craft_review
HECMTR02,recognition_ready_with_style_notes,,3,2,style_pass,craft_review
HULKES01,recognition_ready_with_style_notes,,4,2,style_pass,craft_review
ICEARE04,recognition_ready_with_style_notes,,3,2,style_review,craft_pass
LITFLT01,recognition_ready_with_style_notes,,4,2,style_pass,craft_review
LNDARE01,recognition_ready_with_style_notes,,4,2,style_pass,craft_review
LOCMAG01,recognition_ready_with_style_notes,,4,2,style_pass,craft_review
LOCMAG51,recognition_ready_with_style_notes,,4,2,style_pass,craft_review
MAGVAR01,recognition_ready_with_style_notes,,4,2,style_pass,craft_review
MAGVAR51,recognition_ready_with_style_notes,,4,2,style_pass,craft_review
MARSHES1,recognition_ready_with_style_notes,,3,2,style_review,craft_review
MARSYS51,recognition_ready_with_style_notes,,3,2,style_review,craft_review
NAVARE51,recognition_ready_with_style_notes,,3,2,style_review,craft_review
NMKINF01,recognition_ready_with_style_notes,,3,2,style_review,craft_pass
NMKINF23,recognition_ready_with_style_notes,,3,2,style_review,craft_pass
NMKINF24,recognition_ready_with_style_notes,,3,2,style_review,craft_pass
NMKINF25,recognition_ready_with_style_notes,,3,2,style_review,craft_pass
NMKINF26,recognition_ready_with_style_notes,,3,2,style_review,craft_pass
NMKINF27,recognition_ready_with_style_notes,,3,2,style_review,craft_pass
NMKINF28,recognition_ready_with_style_notes,,3,2,style_review,craft_pass
NMKINF29,recognition_ready_with_style_notes,,3,2,style_review,craft_pass
NMKPRH02,recognition_ready_with_style_notes,,3,2,style_review,craft_pass
NMKREG10,recognition_ready_with_style_notes,,3,2,style_review,craft_pass
NMKREG12,recognition_ready_with_style_notes,,3,2,style_review,craft_pass
NMKREG13,recognition_ready_with_style_notes,,3,2,style_review,craft_pass
NMKREG14,recognition_ready_with_style_notes,,3,2,style_review,craft_pass
NODATA03,recognition_ready_with_style_notes,,3,2,style_pass,craft_review
OBSTRN11,recognition_ready_with_style_notes,,5,2,style_review,craft_pass
OSPONE02,recognition_ready_with_style_notes,,3,2,style_pass,craft_review
OSPSIX02,recognition_ready_with_style_notes,,3,2,style_pass,craft_review
OVERSC01,recognition_ready_with_style_notes,,3,2,style_pass,craft_review
PASTRK01,recognition_ready_with_style_notes,,3,2,style_review,craft_pass
PIPARE51,recognition_ready_with_style_notes,,3,2,style_pass,craft_review
PIPARE61,recognition_ready_with_style_notes,,3,2,style_pass,craft_review
PIPSOL06,recognition_ready_with_style_notes,,3,2,style_pass,craft_review
PLNPOS02,recognition_ready_with_style_notes,,3,2,style_pass,craft_review
PRDINS02,recognition_ready_with_style_notes,,4,2,style_review,craft_pass
PRTSUR01,recognition_ready_with_style_notes,,3,2,style_review,craft_review
QUARRY01,recognition_ready_with_style_notes,,4,2,style_review,craft_pass
RCKLDG01,recognition_ready_with_style_notes,,3,2,style_review,craft_pass
RCRDEF01,recognition_ready_with_style_notes,,3,2,style_review,craft_review
RCRTCL11,recognition_ready_with_style_notes,,3,2,style_review,craft_review
RCRTCL12,recognition_ready_with_style_notes,,3,2,style_review,craft_review
RCRTCL13,recognition_ready_with_style_notes,,3,2,style_review,craft_review
RCRTCL14,recognition_ready_with_style_notes,,3,2,style_review,craft_review
RECDEF02,recognition_ready_with_style_notes,,3,2,style_review,craft_review
RECTRC09,recognition_ready_with_style_notes,,3,2,style_review,craft_review
RECTRC10,recognition_ready_with_style_notes,,3,2,style_review,craft_review
RECTRC11,recognition_ready_with_style_notes,,3,2,style_review,craft_review
RECTRC12,recognition_ready_with_style_notes,,3,2,style_review,craft_review
SCALEB10,recognition_ready_with_style_notes,,4,2,style_pass,craft_review
SCALEB11,recognition_ready_with_style_notes,,4,2,style_pass,craft_review
SCLBDY51,recognition_ready_with_style_notes,,3,2,style_review,craft_review
SILBUI01,recognition_ready_with_style_notes,,4,2,style_pass,craft_review
SILBUI11,recognition_ready_with_style_notes,,4,2,style_pass,craft_review
SMCFAC02,recognition_ready_with_style_notes,,7,2,style_review,craft_pass
SNDWAV01,recognition_ready_with_style_notes,,3,2,style_review,craft_review
SNDWAV02,recognition_ready_with_style_notes,,4,2,style_pass,craft_review
TIDINF51,recognition_ready_with_style_notes,,3,2,style_review,craft_review
TOPMA111,recognition_ready_with_style_notes,,3,2,style_review,craft_pass
TOPMA113,recognition_ready_with_style_notes,,3,2,style_review,craft_pass
TOPMA114,recognition_ready_with_style_notes,,3,2,style_pass,craft_review
TOPMAR91,recognition_ready_with_style_notes,,3,2,style_pass,craft_review
TOPMAR92,recognition_ready_with_style_notes,,3,2,style_pass,craft_review
TOPSHP00,recognition_ready_with_style_notes,,3,2,style_review,craft_pass
TOPSHP01,recognition_ready_with_style_notes,,3,2,style_review,craft_pass
TOPSHP02,recognition_ready_with_style_notes,,3,2,style_review,craft_pass
TOPSHP03,recognition_ready_with_style_notes,,3,2,style_review,craft_pass
TOPSHP04,recognition_ready_with_style_notes,,3,2,style_review,craft_pass
TOPSHP08,recognition_ready_with_style_notes,,3,2,style_review,craft_pass
TOPSHP16,recognition_ready_with_style_notes,,3,2,style_review,craft_pass
TOPSHP17,recognition_ready_with_style_notes,,3,2,style_review,craft_pass
TOPSHP18,recognition_ready_with_style_notes,,3,2,style_review,craft_pass
TOPSHP19,recognition_ready_with_style_notes,,3,2,style_review,craft_pass
TOPSHP20,recognition_ready_with_style_notes,,3,2,style_review,craft_pass
TOPSHP21,recognition_ready_with_style_notes,,3,2,style_review,craft_pass
TOPSHPI1,recognition_ready_with_style_notes,,3,2,style_review,craft_pass
TOPSHPI2,recognition_ready_with_style_notes,,3,2,style_review,craft_pass
TOPSHPI3,recognition_ready_with_style_notes,,3,2,style_review,craft_pass
TOPSHPP2,recognition_ready_with_style_notes,,3,2,style_review,craft_pass
TOWERS56,recognition_ready_with_style_notes,,6,2,style_pass,craft_review
TOWERS98,recognition_ready_with_style_notes,,6,2,style_pass,craft_review
TOWERS99,recognition_ready_with_style_notes,,6,2,style_pass,craft_review
TREPNT05,recognition_ready_with_style_notes,,4,2,style_pass,craft_review
UNITFTH1,recognition_ready_with_style_notes,,3,2,style_pass,craft_review
UWTROC03,recognition_ready_with_style_notes,,7,2,style_review,craft_pass
UWTROC04,recognition_ready_with_style_notes,,7,2,style_review,craft_pass
VECWTR01,recognition_ready_with_style_notes,,3,2,style_pass,craft_review
VECWTR21,recognition_ready_with_style_notes,,3,2,style_pass,craft_review
VEGATN03,recognition_ready_with_style_notes,,3,2,style_review,craft_pass
VEGATN04,recognition_ready_with_style_notes,,3,2,style_review,craft_pass
VTCLMK01,recognition_ready_with_style_notes,,3,2,style_pass,craft_review
WATTUR02,recognition_ready_with_style_notes,,4,2,style_pass,craft_review
WRECKS01,recognition_ready_with_style_notes,,7,2,style_review,craft_pass
WTLVGG02,recognition_ready_with_style_notes,,3,2,style_pass,craft_review
