asset,status,issues,tiny_bbox,center_offset,elements,path
DANGER53,craft_blocked,placeholder_shape;style_blocked_upstream,15.9x15.9,0.0,2,assets/svg/triad_generated/DANGER53.svg
DGPS01DRFSTA01,craft_blocked,placeholder_shape;style_blocked_upstream,15.9x15.9,0.0,2,assets/svg/triad_generated/DGPS01DRFSTA01.svg
NEWOBJ 01,craft_blocked,placeholder_shape;style_blocked_upstream,15.9x15.9,0.0,2,assets/svg/triad_generated/NEWOBJ_01.svg
NEWOBJ01,craft_blocked,placeholder_shape;style_blocked_upstream,15.9x15.9,0.0,2,assets/svg/triad_generated/NEWOBJ01.svg
ACHARE02,craft_pass,,12.0x12.75,0.016,2,assets/svg/triad_generated/ACHARE02.svg
ACHARE51,craft_pass,,15.0x16.2,0.025,2,assets/svg/triad_generated/ACHARE51.svg
ACHBRT07,craft_pass,,12.0x12.75,0.016,3,assets/svg/triad_generated/ACHBRT07.svg
ACHPNT01,craft_pass,,12.0x12.75,0.016,2,assets/svg/triad_generated/ACHPNT01.svg
ACHRES61,craft_pass,,16.2x16.2,0.035,4,assets/svg/triad_generated/ACHRES61.svg
ACHRES71,craft_pass,,15.45x16.2,0.027,4,assets/svg/triad_generated/ACHRES71.svg
ADDMRK01,craft_pass,,12.15x12.9,0.016,1,assets/svg/triad_generated/ADDMRK01.svg
ADDMRK02,craft_pass,,12.15x12.9,0.016,1,assets/svg/triad_generated/ADDMRK02.svg
AIRARE02,craft_pass,,13.5x13.5,0.0,2,assets/svg/triad_generated/AIRARE02.svg
AISDEF01,craft_pass,,11.85x12.75,0.104,3,assets/svg/triad_generated/AISDEF01.svg
AISONE01,craft_pass,,12.0x7.2,0.025,2,assets/svg/triad_generated/AISONE01.svg
AISSIX01,craft_pass,,12.0x8.7,0.056,3,assets/svg/triad_generated/AISSIX01.svg
AISSLP01,craft_pass,,6.9x13.95,0.009,1,assets/svg/triad_generated/AISSLP01.svg
AISVES01,craft_pass,,7.5x16.95,0.053,2,assets/svg/triad_generated/AISVES01.svg
ARCSLN01,craft_pass,,15.9x7.65,0.016,1,assets/svg/triad_generated/ARCSLN01.svg
ARPATG01,craft_pass,,7.5x7.5,0.0,2,assets/svg/triad_generated/ARPATG01.svg
BCNCAR01,craft_pass,,18.9x21.0,0.0,2,assets/svg/triad_generated/BCNCAR01.svg
BCNCAR02,craft_pass,,18.9x21.0,0.0,2,assets/svg/triad_generated/BCNCAR02.svg
BCNCAR03,craft_pass,,18.9x21.0,0.0,2,assets/svg/triad_generated/BCNCAR03.svg
BCNCAR04,craft_pass,,18.9x21.0,0.0,2,assets/svg/triad_generated/BCNCAR04.svg
BCNCON81,craft_pass,,12.9x18.9,0.062,7,assets/svg/triad_generated/BCNCON81.svg
BCNDEF13,craft_pass,,15.9x15.15,0.093,2,assets/svg/triad_generated/BCNDEF13.svg
BCNGEN01,craft_pass,,11.4x18.45,0.022,3,assets/svg/triad_generated/BCNGEN01.svg
BCNGEN03,craft_pass,,14.85x18.45,0.075,4,assets/svg/triad_generated/BCNGEN03.svg
BCNGEN64,craft_pass,,6.0x19.2,0.037,6,assets/svg/triad_generated/BCNGEN64.svg
BCNGEN68,craft_pass,,6.0x13.2,0.037,4,assets/svg/triad_generated/BCNGEN68.svg
BCNGEN69,craft_pass,,6.0x13.2,0.037,4,assets/svg/triad_generated/BCNGEN69.svg
BCNGEN79,craft_pass,,6.0x13.2,0.037,2,assets/svg/triad_generated/BCNGEN79.svg
BCNGEN80,craft_pass,,6.0x13.2,0.037,2,assets/svg/triad_generated/BCNGEN80.svg
BCNISD21,craft_pass,,7.8x16.5,0.025,2,assets/svg/triad_generated/BCNISD21.svg
BCNLTC01,craft_pass,,15.0x19.2,0.087,4,assets/svg/triad_generated/BCNLTC01.svg
BCNSAW13,craft_pass,,8.4x18.9,0.0,2,assets/svg/triad_generated/BCNSAW13.svg
BCNSPP13,craft_pass,,9.9x17.4,0.0,2,assets/svg/triad_generated/BCNSPP13.svg
BCNSTK02,craft_pass,,11.4x16.2,0.006,1,assets/svg/triad_generated/BCNSTK02.svg
BCNSTK05,craft_pass,,11.4x17.7,0.037,5,assets/svg/triad_generated/BCNSTK05.svg
BCNSTK08,craft_pass,,11.4x17.7,0.037,5,assets/svg/triad_generated/BCNSTK08.svg
BCNSTK60,craft_pass,,11.4x17.7,0.037,5,assets/svg/triad_generated/BCNSTK60.svg
BCNSTK61,craft_pass,,11.4x17.7,0.037,5,assets/svg/triad_generated/BCNSTK61.svg
BCNSTK62,craft_pass,,11.4x17.7,0.037,5,assets/svg/triad_generated/BCNSTK62.svg
BCNSTK78,craft_pass,,11.4x17.7,0.037,6,assets/svg/triad_generated/BCNSTK78.svg
BCNSTK81,craft_pass,,11.4x17.7,0.037,6,assets/svg/triad_generated/BCNSTK81.svg
BCNSTK82,craft_pass,,11.4x17.7,0.037,6,assets/svg/triad_generated/BCNSTK82.svg
BCNSTK83,craft_pass,,11.4x17.7,0.037,6,assets/svg/triad_generated/BCNSTK83.svg
BCNTOW01,craft_pass,,14.4x19.2,0.087,3,assets/svg/triad_generated/BCNTOW01.svg
BCNTOW05,craft_pass,,15.0x18.3,0.05,6,assets/svg/triad_generated/BCNTOW05.svg
BCNTOW60,craft_pass,,15.0x18.3,0.05,6,assets/svg/triad_generated/BCNTOW60.svg
BCNTOW61,craft_pass,,15.0x18.3,0.05,6,assets/svg/triad_generated/BCNTOW61.svg
BCNTOW62,craft_pass,,15.0x18.3,0.05,6,assets/svg/triad_generated/BCNTOW62.svg
BCNTOW63,craft_pass,,9.0x17.4,0.031,6,assets/svg/triad_generated/BCNTOW63.svg
BCNTOW64,craft_pass,,15.0x18.3,0.05,7,assets/svg/triad_generated/BCNTOW64.svg
BCNTOW65,craft_pass,,15.0x18.3,0.05,7,assets/svg/triad_generated/BCNTOW65.svg
BCNTOW66,craft_pass,,9.0x17.4,0.031,6,assets/svg/triad_generated/BCNTOW66.svg
BCNTOW68,craft_pass,,15.0x18.3,0.05,7,assets/svg/triad_generated/BCNTOW68.svg
BCNTOW69,craft_pass,,15.0x18.3,0.05,7,assets/svg/triad_generated/BCNTOW69.svg
BCNTOW70,craft_pass,,9.0x17.4,0.031,5,assets/svg/triad_generated/BCNTOW70.svg
BCNTOW71,craft_pass,,9.0x17.4,0.031,5,assets/svg/triad_generated/BCNTOW71.svg
BCNTOW74,craft_pass,,9.0x17.4,0.031,5,assets/svg/triad_generated/BCNTOW74.svg
BCNTOW76,craft_pass,,9.0x17.4,0.031,5,assets/svg/triad_generated/BCNTOW76.svg
BCNTOW85,craft_pass,,15.0x18.3,0.05,7,assets/svg/triad_generated/BCNTOW85.svg
BCNTOW86,craft_pass,,15.0x18.3,0.05,7,assets/svg/triad_generated/BCNTOW86.svg
BCNTOW87,craft_pass,,15.0x18.3,0.05,8,assets/svg/triad_generated/BCNTOW87.svg
BCNTOW88,craft_pass,,15.0x18.3,0.05,7,assets/svg/triad_generated/BCNTOW88.svg
BCNTOW89,craft_pass,,15.0x18.3,0.05,6,assets/svg/triad_generated/BCNTOW89.svg
BCNTOW90,craft_pass,,15.0x18.3,0.05,6,assets/svg/triad_generated/BCNTOW90.svg
BCNTOW91,craft_pass,,15.0x18.3,0.05,6,assets/svg/triad_generated/BCNTOW91.svg
BLKADJ01,craft_pass,,12.0x12.0,0.0,2,assets/svg/triad_generated/BLKADJ01.svg
BORDER01,craft_pass,,13.5x13.5,0.0,2,assets/svg/triad_generated/BORDER01.svg
BOYBAR01,craft_pass,,22.5x12.75,0.016,4,assets/svg/triad_generated/BOYBAR01.svg
BOYBAR60,craft_pass,,22.5x12.75,0.016,4,assets/svg/triad_generated/BOYBAR60.svg
BOYBAR61,craft_pass,,22.5x12.75,0.016,4,assets/svg/triad_generated/BOYBAR61.svg
BOYBAR62,craft_pass,,22.5x12.75,0.016,4,assets/svg/triad_generated/BOYBAR62.svg
BOYCAN01,craft_pass,,12.9x15.9,0.062,5,assets/svg/triad_generated/BOYCAN01.svg
BOYCAN60,craft_pass,,12.9x15.9,0.062,5,assets/svg/triad_generated/BOYCAN60.svg
BOYCAN61,craft_pass,,12.9x15.9,0.062,5,assets/svg/triad_generated/BOYCAN61.svg
BOYCAN62,craft_pass,,12.9x15.9,0.062,6,assets/svg/triad_generated/BOYCAN62.svg
BOYCAN63,craft_pass,,12.9x15.9,0.062,5,assets/svg/triad_generated/BOYCAN63.svg
BOYCAN64,craft_pass,,12.9x15.9,0.062,5,assets/svg/triad_generated/BOYCAN64.svg
BOYCAN65,craft_pass,,12.9x15.9,0.062,5,assets/svg/triad_generated/BOYCAN65.svg
BOYCAN68,craft_pass,,12.9x15.9,0.062,6,assets/svg/triad_generated/BOYCAN68.svg
BOYCAN69,craft_pass,,12.9x15.9,0.062,6,assets/svg/triad_generated/BOYCAN69.svg
BOYCAN70,craft_pass,,12.9x15.9,0.062,7,assets/svg/triad_generated/BOYCAN70.svg
BOYCAN71,craft_pass,,12.9x15.9,0.062,7,assets/svg/triad_generated/BOYCAN71.svg
BOYCAN72,craft_pass,,12.9x15.9,0.062,7,assets/svg/triad_generated/BOYCAN72.svg
BOYCAN73,craft_pass,,12.9x15.9,0.062,7,assets/svg/triad_generated/BOYCAN73.svg
BOYCAN74,craft_pass,,12.9x15.9,0.062,9,assets/svg/triad_generated/BOYCAN74.svg
BOYCAN75,craft_pass,,12.9x15.9,0.062,6,assets/svg/triad_generated/BOYCAN75.svg
BOYCAN76,craft_pass,,12.9x15.9,0.062,7,assets/svg/triad_generated/BOYCAN76.svg
BOYCAN77,craft_pass,,12.9x15.9,0.062,6,assets/svg/triad_generated/BOYCAN77.svg
BOYCAN78,craft_pass,,12.9x15.9,0.062,7,assets/svg/triad_generated/BOYCAN78.svg
BOYCAN79,craft_pass,,12.9x15.9,0.062,5,assets/svg/triad_generated/BOYCAN79.svg
BOYCAN80,craft_pass,,12.9x15.9,0.062,6,assets/svg/triad_generated/BOYCAN80.svg
BOYCAN81,craft_pass,,12.9x15.9,0.062,6,assets/svg/triad_generated/BOYCAN81.svg
BOYCAN82,craft_pass,,12.9x15.9,0.062,9,assets/svg/triad_generated/BOYCAN82.svg
BOYCAN83,craft_pass,,12.9x15.9,0.062,8,assets/svg/triad_generated/BOYCAN83.svg
BOYCAR01,craft_pass,,18.9x21.0,0.0,2,assets/svg/triad_generated/BOYCAR01.svg
BOYCAR02,craft_pass,,18.9x21.0,0.0,2,assets/svg/triad_generated/BOYCAR02.svg
BOYCAR03,craft_pass,,18.9x21.0,0.0,2,assets/svg/triad_generated/BOYCAR03.svg
BOYCAR04,craft_pass,,18.9x21.0,0.0,2,assets/svg/triad_generated/BOYCAR04.svg
BOYCON01,craft_pass,,12.9x17.7,0.025,6,assets/svg/triad_generated/BOYCON01.svg
BOYCON60,craft_pass,,12.9x17.7,0.025,5,assets/svg/triad_generated/BOYCON60.svg
BOYCON61,craft_pass,,12.9x17.7,0.025,5,assets/svg/triad_generated/BOYCON61.svg
BOYCON62,craft_pass,,12.9x17.7,0.025,5,assets/svg/triad_generated/BOYCON62.svg
BOYCON63,craft_pass,,12.9x17.7,0.025,7,assets/svg/triad_generated/BOYCON63.svg
BOYCON64,craft_pass,,12.9x17.7,0.025,5,assets/svg/triad_generated/BOYCON64.svg
BOYCON65,craft_pass,,12.9x17.7,0.025,9,assets/svg/triad_generated/BOYCON65.svg
BOYCON66,craft_pass,,12.9x17.7,0.025,7,assets/svg/triad_generated/BOYCON66.svg
BOYCON67,craft_pass,,12.9x17.7,0.025,7,assets/svg/triad_generated/BOYCON67.svg
BOYCON68,craft_pass,,12.9x17.7,0.025,6,assets/svg/triad_generated/BOYCON68.svg
BOYCON69,craft_pass,,12.9x17.7,0.025,6,assets/svg/triad_generated/BOYCON69.svg
BOYCON70,craft_pass,,12.9x17.7,0.025,6,assets/svg/triad_generated/BOYCON70.svg
BOYCON71,craft_pass,,12.9x17.7,0.025,7,assets/svg/triad_generated/BOYCON71.svg
BOYCON72,craft_pass,,12.9x17.7,0.025,7,assets/svg/triad_generated/BOYCON72.svg
BOYCON73,craft_pass,,12.9x17.7,0.025,6,assets/svg/triad_generated/BOYCON73.svg
BOYCON74,craft_pass,,12.9x17.7,0.025,9,assets/svg/triad_generated/BOYCON74.svg
BOYCON77,craft_pass,,12.9x17.7,0.025,6,assets/svg/triad_generated/BOYCON77.svg
BOYCON78,craft_pass,,12.9x17.7,0.025,6,assets/svg/triad_generated/BOYCON78.svg
BOYCON79,craft_pass,,12.9x17.7,0.025,6,assets/svg/triad_generated/BOYCON79.svg
BOYCON80,craft_pass,,12.9x17.7,0.025,7,assets/svg/triad_generated/BOYCON80.svg
BOYCON81,craft_pass,,12.9x17.7,0.025,9,assets/svg/triad_generated/BOYCON81.svg
BOYDEF03,craft_pass,,12.9x18.0,0.094,5,assets/svg/triad_generated/BOYDEF03.svg
BOYGEN03,craft_pass,,12.9x18.0,0.094,4,assets/svg/triad_generated/BOYGEN03.svg
BOYINB01,craft_pass,,16.5x15.75,0.003,4,assets/svg/triad_generated/BOYINB01.svg
BOYLAT13,craft_pass,,12.9x17.7,0.025,6,assets/svg/triad_generated/BOYLAT13.svg
BOYLAT14,craft_pass,,12.9x17.7,0.025,6,assets/svg/triad_generated/BOYLAT14.svg
BOYLAT23,craft_pass,,12.9x15.9,0.062,6,assets/svg/triad_generated/BOYLAT23.svg
BOYLAT24,craft_pass,,12.9x15.9,0.062,6,assets/svg/triad_generated/BOYLAT24.svg
BOYLAT25,craft_pass,,14.4x16.65,0.047,5,assets/svg/triad_generated/BOYLAT25.svg
BOYLAT26,craft_pass,,6.9x18.15,0.016,5,assets/svg/triad_generated/BOYLAT26.svg
BOYLAT27,craft_pass,,6.9x18.15,0.016,5,assets/svg/triad_generated/BOYLAT27.svg
BOYLAT50,craft_pass,,12.9x15.9,0.062,4,assets/svg/triad_generated/BOYLAT50.svg
BOYLAT51,craft_pass,,12.9x17.7,0.025,4,assets/svg/triad_generated/BOYLAT51.svg
BOYLAT52,craft_pass,,12.9x15.9,0.062,6,assets/svg/triad_generated/BOYLAT52.svg
BOYLAT53,craft_pass,,12.9x15.9,0.062,6,assets/svg/triad_generated/BOYLAT53.svg
BOYLAT54,craft_pass,,12.9x15.9,0.062,5,assets/svg/triad_generated/BOYLAT54.svg
BOYLAT55,craft_pass,,12.9x15.9,0.062,5,assets/svg/triad_generated/BOYLAT55.svg
BOYLAT56,craft_pass,,12.9x15.9,0.062,5,assets/svg/triad_generated/BOYLAT56.svg
BOYMOR01,craft_pass,,7.5x5.7,0.006,3,assets/svg/triad_generated/BOYMOR01.svg
BOYMOR03,craft_pass,,7.95x7.2,0.057,2,assets/svg/triad_generated/BOYMOR03.svg
BOYMOR31,craft_pass,,7.95x7.2,0.057,2,assets/svg/triad_generated/BOYMOR31.svg
BOYPIL01,craft_pass,,11.4x17.4,0.031,5,assets/svg/triad_generated/BOYPIL01.svg
BOYPIL59,craft_pass,,11.4x17.4,0.031,5,assets/svg/triad_generated/BOYPIL59.svg
BOYPIL60,craft_pass,,11.4x17.4,0.031,5,assets/svg/triad_generated/BOYPIL60.svg
BOYPIL61,craft_pass,,11.4x17.4,0.031,5,assets/svg/triad_generated/BOYPIL61.svg
BOYPIL62,craft_pass,,11.4x17.4,0.031,5,assets/svg/triad_generated/BOYPIL62.svg
BOYPIL66,craft_pass,,11.4x17.4,0.031,7,assets/svg/triad_generated/BOYPIL66.svg
BOYPIL67,craft_pass,,11.4x17.4,0.031,7,assets/svg/triad_generated/BOYPIL67.svg
BOYPIL68,craft_pass,,11.4x17.4,0.031,6,assets/svg/triad_generated/BOYPIL68.svg
BOYPIL69,craft_pass,,11.4x17.4,0.031,6,assets/svg/triad_generated/BOYPIL69.svg
BOYPIL70,craft_pass,,11.4x17.4,0.031,7,assets/svg/triad_generated/BOYPIL70.svg
BOYPIL71,craft_pass,,11.4x17.4,0.031,7,assets/svg/triad_generated/BOYPIL71.svg
BOYPIL72,craft_pass,,11.4x17.4,0.031,7,assets/svg/triad_generated/BOYPIL72.svg
BOYPIL73,craft_pass,,11.4x17.4,0.031,6,assets/svg/triad_generated/BOYPIL73.svg
BOYPIL74,craft_pass,,11.4x17.4,0.031,6,assets/svg/triad_generated/BOYPIL74.svg
BOYPIL81,craft_pass,,11.4x17.4,0.031,6,assets/svg/triad_generated/BOYPIL81.svg
BOYSPH01,craft_pass,,14.4x16.65,0.047,5,assets/svg/triad_generated/BOYSPH01.svg
BOYSPH05,craft_pass,,14.4x16.65,0.047,4,assets/svg/triad_generated/BOYSPH05.svg
BOYSPH60,craft_pass,,14.4x16.65,0.047,4,assets/svg/triad_generated/BOYSPH60.svg
BOYSPH62,craft_pass,,14.4x16.65,0.047,4,assets/svg/triad_generated/BOYSPH62.svg
BOYSPH65,craft_pass,,14.4x16.65,0.047,5,assets/svg/triad_generated/BOYSPH65.svg
BOYSPH66,craft_pass,,14.4x16.65,0.047,6,assets/svg/triad_generated/BOYSPH66.svg
BOYSPH68,craft_pass,,14.4x16.65,0.047,5,assets/svg/triad_generated/BOYSPH68.svg
BOYSPH69,craft_pass,,14.4x16.65,0.047,5,assets/svg/triad_generated/BOYSPH69.svg
BOYSPH70,craft_pass,,14.4x16.65,0.047,6,assets/svg/triad_generated/BOYSPH70.svg
BOYSPH71,craft_pass,,14.4x16.65,0.047,6,assets/svg/triad_generated/BOYSPH71.svg
BOYSPH74,craft_pass,,14.4x16.65,0.047,5,assets/svg/triad_generated/BOYSPH74.svg
BOYSPH75,craft_pass,,14.4x16.65,0.047,5,assets/svg/triad_generated/BOYSPH75.svg
BOYSPH77,craft_pass,,14.4x16.65,0.047,5,assets/svg/triad_generated/BOYSPH77.svg
BOYSPH79,craft_pass,,12.9x17.7,0.025,5,assets/svg/triad_generated/BOYSPH79.svg
BOYSPP15,craft_pass,,6.45x6.0,0.009,1,assets/svg/triad_generated/BOYSPP15.svg
BOYSPP25,craft_pass,,7.2x6.45,0.048,1,assets/svg/triad_generated/BOYSPP25.svg
BOYSPR01,craft_pass,,6.0x19.95,0.053,6,assets/svg/triad_generated/BOYSPR01.svg
BOYSPR02,craft_pass,,6.9x19.95,0.022,5,assets/svg/triad_generated/BOYSPR02.svg
BOYSPR03,craft_pass,,6.9x19.95,0.022,5,assets/svg/triad_generated/BOYSPR03.svg
BOYSPR04,craft_pass,,6.9x19.95,0.022,6,assets/svg/triad_generated/BOYSPR04.svg
BOYSPR05,craft_pass,,6.9x19.95,0.022,5,assets/svg/triad_generated/BOYSPR05.svg
BOYSPR60,craft_pass,,6.9x19.95,0.022,5,assets/svg/triad_generated/BOYSPR60.svg
BOYSPR61,craft_pass,,6.9x19.95,0.022,5,assets/svg/triad_generated/BOYSPR61.svg
BOYSPR62,craft_pass,,6.9x19.95,0.022,5,assets/svg/triad_generated/BOYSPR62.svg
BOYSPR65,craft_pass,,6.9x19.95,0.022,6,assets/svg/triad_generated/BOYSPR65.svg
BOYSPR68,craft_pass,,6.9x19.95,0.022,6,assets/svg/triad_generated/BOYSPR68.svg
BOYSPR69,craft_pass,,6.9x19.95,0.022,6,assets/svg/triad_generated/BOYSPR69.svg
BOYSPR70,craft_pass,,6.0x19.95,0.053,8,assets/svg/triad_generated/BOYSPR70.svg
BOYSPR71,craft_pass,,6.0x19.95,0.053,8,assets/svg/triad_generated/BOYSPR71.svg
BOYSPR72,craft_pass,,6.0x19.95,0.053,8,assets/svg/triad_generated/BOYSPR72.svg
BOYSUP01,craft_pass,,13.5x13.2,0.119,6,assets/svg/triad_generated/BOYSUP01.svg
BOYSUP02,craft_pass,,13.5x13.2,0.119,5,assets/svg/triad_generated/BOYSUP02.svg
BOYSUP03,craft_pass,,13.5x16.65,0.047,6,assets/svg/triad_generated/BOYSUP03.svg
BOYSUP62,craft_pass,,13.5x13.2,0.119,5,assets/svg/triad_generated/BOYSUP62.svg
BOYSUP65,craft_pass,,13.5x11.4,0.156,5,assets/svg/triad_generated/BOYSUP65.svg
BOYSUP66,craft_pass,,13.5x11.4,0.156,5,assets/svg/triad_generated/BOYSUP66.svg
BRIDGE01,craft_pass,,13.5x13.5,0.0,2,assets/svg/triad_generated/BRIDGE01.svg
BRTHNO01,craft_pass,,15.0x15.0,0.0,2,assets/svg/triad_generated/BRTHNO01.svg
BUAARE02,craft_pass,,7.2x7.2,0.0,1,assets/svg/triad_generated/BUAARE02.svg
BUIREL01,craft_pass,,15.0x15.0,0.0,3,assets/svg/triad_generated/BUIREL01.svg
BUIREL04,craft_pass,,11.4x7.2,0.006,2,assets/svg/triad_generated/BUIREL04.svg
BUIREL05,craft_pass,,6.9x17.85,0.041,4,assets/svg/triad_generated/BUIREL05.svg
BUIREL13,craft_pass,,15.0x15.0,0.0,3,assets/svg/triad_generated/BUIREL13.svg
BUIREL14,craft_pass,,11.4x7.2,0.006,2,assets/svg/triad_generated/BUIREL14.svg
BUIREL15,craft_pass,,6.9x17.85,0.041,4,assets/svg/triad_generated/BUIREL15.svg
BUISGL01,craft_pass,,8.4x8.4,0.0,1,assets/svg/triad_generated/BUISGL01.svg
BUISGL11,craft_pass,,8.4x8.4,0.0,1,assets/svg/triad_generated/BUISGL11.svg
BUNSTA01,craft_pass,,12.45x12.9,0.038,4,assets/svg/triad_generated/BUNSTA01.svg
BUNSTA02,craft_pass,,6.9x9.45,0.053,3,assets/svg/triad_generated/BUNSTA02.svg
BUNSTA03,craft_pass,,10.2x14.7,0.009,3,assets/svg/triad_generated/BUNSTA03.svg
CAIRNS01,craft_pass,,11.7x14.85,0.053,4,assets/svg/triad_generated/CAIRNS01.svg
CAIRNS11,craft_pass,,11.7x14.85,0.053,4,assets/svg/triad_generated/CAIRNS11.svg
CBLARE51,craft_pass,,6.9x18.75,0.016,1,assets/svg/triad_generated/CBLARE51.svg
CGUSTA02,craft_pass,,12.9x16.5,0.075,4,assets/svg/triad_generated/CGUSTA02.svg
CHCRDEL1,craft_pass,,12.9x12.9,0.0,1,assets/svg/triad_generated/CHCRDEL1.svg
CHCRID01,craft_pass,,6.0x18.15,0.047,2,assets/svg/triad_generated/CHCRID01.svg
CHIMNY01,craft_pass,,8.4x18.6,0.071,3,assets/svg/triad_generated/CHIMNY01.svg
CHIMNY11,craft_pass,,8.4x18.6,0.071,3,assets/svg/triad_generated/CHIMNY11.svg
CHINFO06,craft_pass,,13.5x13.5,0.0,2,assets/svg/triad_generated/CHINFO06.svg
CHINFO07,craft_pass,,12.0x12.0,0.0,2,assets/svg/triad_generated/CHINFO07.svg
CHINFO08,craft_pass,,12.0x12.0,0.0,2,assets/svg/triad_generated/CHINFO08.svg
CHINFO09,craft_pass,,13.5x13.5,0.0,2,assets/svg/triad_generated/CHINFO09.svg
CHINFO10,craft_pass,,12.0x12.0,0.0,2,assets/svg/triad_generated/CHINFO10.svg
CHINFO11,craft_pass,,13.5x13.5,0.0,2,assets/svg/triad_generated/CHINFO11.svg
CHKSYM01,craft_pass,,9.0x9.0,0.0,1,assets/svg/triad_generated/CHKSYM01.svg
CLRLIN01,craft_pass,,9.0x10.5,0.031,1,assets/svg/triad_generated/CLRLIN01.svg
CRANES01,craft_pass,,15.15x13.65,0.022,4,assets/svg/triad_generated/CRANES01.svg
CTNARE51,craft_pass,,14.4x14.4,0.0,3,assets/svg/triad_generated/CTNARE51.svg
CTYARE51,craft_pass,,14.4x14.4,0.0,3,assets/svg/triad_generated/CTYARE51.svg
CURDEF01,craft_pass,,13.65x13.95,0.022,4,assets/svg/triad_generated/CURDEF01.svg
CURENT01,craft_pass,,8.4x15.9,0.0,1,assets/svg/triad_generated/CURENT01.svg
CURSRA01,craft_pass,,17.4x17.4,0.0,2,assets/svg/triad_generated/CURSRA01.svg
CURSRB01,craft_pass,,18.9x18.9,0.0,1,assets/svg/triad_generated/CURSRB01.svg
CUSTOM01,craft_pass,,14.4x14.4,0.0,3,assets/svg/triad_generated/CUSTOM01.svg
DANGER51,craft_pass,,16.8x16.8,0.0,8,assets/svg/triad_generated/DANGER51.svg
DANGER52,craft_pass,,16.8x16.8,0.0,9,assets/svg/triad_generated/DANGER52.svg
DATCVR01,craft_pass,,14.4x11.4,0.0,1,assets/svg/triad_generated/DATCVR01.svg
DAYSQR01,craft_pass,,11.4x16.2,0.006,3,assets/svg/triad_generated/DAYSQR01.svg
DAYSQR21,craft_pass,,11.4x16.65,0.016,3,assets/svg/triad_generated/DAYSQR21.svg
DAYTRI01,craft_pass,,15.9x18.15,0.016,3,assets/svg/triad_generated/DAYTRI01.svg
DAYTRI05,craft_pass,,15.9x15.45,0.072,3,assets/svg/triad_generated/DAYTRI05.svg
DEPARE01,craft_pass,,14.4x11.4,0.0,2,assets/svg/triad_generated/DEPARE01.svg
DEPARE02,craft_pass,,14.4x11.4,0.0,3,assets/svg/triad_generated/DEPARE02.svg
DEPCNT02,craft_pass,,18.9x6.15,0.016,1,assets/svg/triad_generated/DEPCNT02.svg
DIAMOND1,craft_pass,,7.5x11.4,0.0,2,assets/svg/triad_generated/DIAMOND1.svg
DIRBOY01,craft_pass,,15.9x17.7,0.037,4,assets/svg/triad_generated/DIRBOY01.svg
DIRBOYA1,craft_pass,,15.9x17.7,0.037,4,assets/svg/triad_generated/DIRBOYA1.svg
DIRBOYB1,craft_pass,,15.9x17.7,0.037,4,assets/svg/triad_generated/DIRBOYB1.svg
DISMAR05,craft_pass,,15.9x15.9,0.0,3,assets/svg/triad_generated/DISMAR05.svg
DISMAR06,craft_pass,,15.9x15.9,0.0,4,assets/svg/triad_generated/DISMAR06.svg
DNGHILIT,craft_pass,,13.5x13.5,0.0,2,assets/svg/triad_generated/DNGHILIT.svg
DOMES001,craft_pass,,11.4x14.7,0.069,2,assets/svg/triad_generated/DOMES001.svg
DOMES011,craft_pass,,11.4x14.7,0.069,2,assets/svg/triad_generated/DOMES011.svg
DSHAER01,craft_pass,,12.75x14.55,0.061,2,assets/svg/triad_generated/DSHAER01.svg
DSHAER11,craft_pass,,12.75x14.55,0.061,2,assets/svg/triad_generated/DSHAER11.svg
DWRTPT51,craft_pass,,15.0x6.75,0.035,1,assets/svg/triad_generated/DWRTPT51.svg
DWRUTE51,craft_pass,,6.9x17.4,0.0,1,assets/svg/triad_generated/DWRUTE51.svg
EBBSTR01,craft_pass,,8.4x16.2,0.006,1,assets/svg/triad_generated/EBBSTR01.svg
EBLVRM11,craft_pass,,12.0x12.0,0.0,1,assets/svg/triad_generated/EBLVRM11.svg
ERBLTIK1,craft_pass,,13.05x5.7,0.122,2,assets/svg/triad_generated/ERBLTIK1.svg
ESSARE01,craft_pass,,18.0x5.1,0.006,1,assets/svg/triad_generated/ESSARE01.svg
FAIRWY51,craft_pass,,11.4x15.45,0.022,1,assets/svg/triad_generated/FAIRWY51.svg
FAIRWY52,craft_pass,,11.4x16.5,0.0,2,assets/svg/triad_generated/FAIRWY52.svg
FLASTK01,craft_pass,,9.0x18.9,0.031,3,assets/svg/triad_generated/FLASTK01.svg
FLASTK11,craft_pass,,9.0x18.9,0.031,3,assets/svg/triad_generated/FLASTK11.svg
FLDSTR01,craft_pass,,7.95x15.15,0.018,2,assets/svg/triad_generated/FLDSTR01.svg
FLGSTF01,craft_pass,,12.15x16.65,0.049,3,assets/svg/triad_generated/FLGSTF01.svg
FLTHAZ02,craft_pass,,12.9x15.15,0.016,3,assets/svg/triad_generated/FLTHAZ02.svg
FOGSIG01,craft_pass,,15.9x6.45,0.166,3,assets/svg/triad_generated/FOGSIG01.svg
FORSTC01,craft_pass,,11.4x11.4,0.0,1,assets/svg/triad_generated/FORSTC01.svg
FORSTC11,craft_pass,,11.4x11.4,0.0,1,assets/svg/triad_generated/FORSTC11.svg
FOULAR01,craft_pass,,9.9x9.15,0.016,3,assets/svg/triad_generated/FOULAR01.svg
FOULGND1,craft_pass,,13.65x12.45,0.018,2,assets/svg/triad_generated/FOULGND1.svg
FRYARE52,craft_pass,,17.4x6.75,0.016,4,assets/svg/triad_generated/FRYARE52.svg
FSHFAC02,craft_pass,,14.25x7.95,0.117,2,assets/svg/triad_generated/FSHFAC02.svg
FSHFAC03,craft_pass,,15.0x5.7,0.087,2,assets/svg/triad_generated/FSHFAC03.svg
FSHGRD01,craft_pass,,17.25x7.8,0.047,3,assets/svg/triad_generated/FSHGRD01.svg
FSHHAV01,craft_pass,,19.5x13.5,0.0,4,assets/svg/triad_generated/FSHHAV01.svg
GATCON03,craft_pass,,15.9x15.9,0.0,3,assets/svg/triad_generated/GATCON03.svg
GATCON04,craft_pass,,15.9x15.9,0.0,3,assets/svg/triad_generated/GATCON04.svg
HGWTMK01,craft_pass,,7.5x12.15,0.016,4,assets/svg/triad_generated/HGWTMK01.svg
HILTOP01,craft_pass,,15.0x15.0,0.0,2,assets/svg/triad_generated/HILTOP01.svg
HILTOP11,craft_pass,,15.0x15.0,0.0,2,assets/svg/triad_generated/HILTOP11.svg
HODATA01,craft_pass,,13.65x7.5,0.035,2,assets/svg/triad_generated/HODATA01.svg
HRBFAC09,craft_pass,,18.75x15.6,0.016,3,assets/svg/triad_generated/HRBFAC09.svg
HRBFAC10,craft_pass,,16.5x16.5,0.0,2,assets/svg/triad_generated/HRBFAC10.svg
HRBFAC11,craft_pass,,16.5x16.5,0.0,2,assets/svg/triad_generated/HRBFAC11.svg
HRBFAC12,craft_pass,,16.5x16.5,0.0,2,assets/svg/triad_generated/HRBFAC12.svg
HRBFAC13,craft_pass,,16.5x16.5,0.0,5,assets/svg/triad_generated/HRBFAC13.svg
HRBFAC14,craft_pass,,16.5x16.5,0.0,2,assets/svg/triad_generated/HRBFAC14.svg
HRBFAC15,craft_pass,,16.5x16.5,0.0,2,assets/svg/triad_generated/HRBFAC15.svg
HRBFAC16,craft_pass,,16.5x16.5,0.0,2,assets/svg/triad_generated/HRBFAC16.svg
HRBFAC17,craft_pass,,16.5x16.5,0.0,4,assets/svg/triad_generated/HRBFAC17.svg
HRBFAC18,craft_pass,,16.5x16.5,0.0,2,assets/svg/triad_generated/HRBFAC18.svg
ICEARE04,craft_pass,,11.4x11.25,0.056,5,assets/svg/triad_generated/ICEARE04.svg
INFARE51,craft_pass,,13.5x11.4,0.0,2,assets/svg/triad_generated/INFARE51.svg
INFORM01,craft_pass,,16.65x15.3,0.034,4,assets/svg/triad_generated/INFORM01.svg
ISODGR51,craft_pass,,7.5x7.5,0.0,2,assets/svg/triad_generated/ISODGR51.svg
ITZARE51,craft_pass,,7.65x6.75,0.035,1,assets/svg/triad_generated/ITZARE51.svg
LEGLIN02,craft_pass,,15.9x11.4,0.0,1,assets/svg/triad_generated/LEGLIN02.svg
LIGHTS05,craft_pass,,11.7x10.8,0.014,1,assets/svg/triad_generated/LIGHTS05.svg
LITFLT02,craft_pass,,15.0x8.25,0.141,2,assets/svg/triad_generated/LITFLT02.svg
LITFLT10,craft_pass,,9.9x9.9,0.019,6,assets/svg/triad_generated/LITFLT10.svg
LITFLT61,craft_pass,,9.9x9.9,0.019,4,assets/svg/triad_generated/LITFLT61.svg
LITVES01,craft_pass,,17.4x18.75,0.016,6,assets/svg/triad_generated/LITVES01.svg
LITVES02,craft_pass,,15.0x13.2,0.037,3,assets/svg/triad_generated/LITVES02.svg
LITVES60,craft_pass,,11.4x10.95,0.009,4,assets/svg/triad_generated/LITVES60.svg
LITVES61,craft_pass,,11.4x10.95,0.009,4,assets/svg/triad_generated/LITVES61.svg
LOWACC01,craft_pass,,11.4x11.4,0.031,2,assets/svg/triad_generated/LOWACC01.svg
LOWACC41,craft_pass,,10.5x7.5,0.0,1,assets/svg/triad_generated/LOWACC41.svg
MARCUL02,craft_pass,,15.15x12.15,0.022,5,assets/svg/triad_generated/MARCUL02.svg
MONUMT02,craft_pass,,9.9x15.9,0.081,3,assets/svg/triad_generated/MONUMT02.svg
MONUMT12,craft_pass,,9.9x15.9,0.081,3,assets/svg/triad_generated/MONUMT12.svg
MORFAC03,craft_pass,,10.5x10.5,0.0,1,assets/svg/triad_generated/MORFAC03.svg
MORFAC04,craft_pass,,12.0x14.7,0.006,3,assets/svg/triad_generated/MORFAC04.svg
MSTCON04,craft_pass,,11.4x17.1,0.025,3,assets/svg/triad_generated/MSTCON04.svg
MSTCON14,craft_pass,,11.4x17.1,0.025,3,assets/svg/triad_generated/MSTCON14.svg
NMKINF01,craft_pass,,18.0x18.0,0.0,3,assets/svg/triad_generated/NMKINF01.svg
NMKINF02,craft_pass,,18.0x18.0,0.0,3,assets/svg/triad_generated/NMKINF02.svg
NMKINF03,craft_pass,,18.0x18.0,0.0,3,assets/svg/triad_generated/NMKINF03.svg
NMKINF04,craft_pass,,18.0x18.0,0.0,4,assets/svg/triad_generated/NMKINF04.svg
NMKINF05,craft_pass,,18.0x18.0,0.0,3,assets/svg/triad_generated/NMKINF05.svg
NMKINF06,craft_pass,,18.0x18.0,0.0,3,assets/svg/triad_generated/NMKINF06.svg
NMKINF19,craft_pass,,18.0x18.0,0.0,3,assets/svg/triad_generated/NMKINF19.svg
NMKINF20,craft_pass,,18.0x18.0,0.0,3,assets/svg/triad_generated/NMKINF20.svg
NMKINF21,craft_pass,,18.0x18.0,0.0,5,assets/svg/triad_generated/NMKINF21.svg
NMKINF22,craft_pass,,18.0x18.0,0.0,3,assets/svg/triad_generated/NMKINF22.svg
NMKINF23,craft_pass,,18.0x18.0,0.0,3,assets/svg/triad_generated/NMKINF23.svg
NMKINF24,craft_pass,,18.0x18.0,0.0,3,assets/svg/triad_generated/NMKINF24.svg
NMKINF25,craft_pass,,18.0x18.0,0.0,3,assets/svg/triad_generated/NMKINF25.svg
NMKINF26,craft_pass,,18.0x18.0,0.0,3,assets/svg/triad_generated/NMKINF26.svg
NMKINF27,craft_pass,,18.0x18.0,0.0,3,assets/svg/triad_generated/NMKINF27.svg
NMKINF28,craft_pass,,18.0x18.0,0.0,3,assets/svg/triad_generated/NMKINF28.svg
NMKINF29,craft_pass,,18.0x18.0,0.0,3,assets/svg/triad_generated/NMKINF29.svg
NMKINF38,craft_pass,,12.9x12.9,0.0,2,assets/svg/triad_generated/NMKINF38.svg
NMKINF40,craft_pass,,18.0x18.0,0.0,3,assets/svg/triad_generated/NMKINF40.svg
NMKINF43,craft_pass,,18.0x18.0,0.0,4,assets/svg/triad_generated/NMKINF43.svg
NMKINF44,craft_pass,,18.0x18.0,0.0,3,assets/svg/triad_generated/NMKINF44.svg
NMKINF45,craft_pass,,18.0x18.0,0.0,3,assets/svg/triad_generated/NMKINF45.svg
NMKINF46,craft_pass,,18.0x18.0,0.0,4,assets/svg/triad_generated/NMKINF46.svg
NMKINF47,craft_pass,,18.0x18.0,0.0,3,assets/svg/triad_generated/NMKINF47.svg
NMKINF48,craft_pass,,18.0x18.0,0.0,4,assets/svg/triad_generated/NMKINF48.svg
NMKINF49,craft_pass,,18.0x18.0,0.0,4,assets/svg/triad_generated/NMKINF49.svg
NMKINF50,craft_pass,,18.0x18.0,0.0,4,assets/svg/triad_generated/NMKINF50.svg
NMKINF53,craft_pass,,12.9x12.9,0.0,2,assets/svg/triad_generated/NMKINF53.svg
NMKPRH02,craft_pass,,18.0x18.0,0.0,3,assets/svg/triad_generated/NMKPRH02.svg
NMKPRH06,craft_pass,,18.0x18.0,0.0,4,assets/svg/triad_generated/NMKPRH06.svg
NMKPRH07,craft_pass,,18.0x18.0,0.0,4,assets/svg/triad_generated/NMKPRH07.svg
NMKPRH08,craft_pass,,18.0x18.0,0.0,4,assets/svg/triad_generated/NMKPRH08.svg
NMKPRH10,craft_pass,,18.0x18.0,0.0,4,assets/svg/triad_generated/NMKPRH10.svg
NMKPRH11,craft_pass,,18.0x18.0,0.0,4,assets/svg/triad_generated/NMKPRH11.svg
NMKPRH12,craft_pass,,15.0x15.9,0.019,3,assets/svg/triad_generated/NMKPRH12.svg
NMKPRH13,craft_pass,,15.0x15.9,0.019,3,assets/svg/triad_generated/NMKPRH13.svg
NMKPRH14,craft_pass,,18.0x18.0,0.0,4,assets/svg/triad_generated/NMKPRH14.svg
NMKRCD01,craft_pass,,18.0x18.0,0.0,2,assets/svg/triad_generated/NMKRCD01.svg
NMKRCD02,craft_pass,,20.4x14.25,0.016,3,assets/svg/triad_generated/NMKRCD02.svg
NMKRCD03,craft_pass,,18.0x18.0,0.0,3,assets/svg/triad_generated/NMKRCD03.svg
NMKRCD04,craft_pass,,18.0x18.0,0.0,3,assets/svg/triad_generated/NMKRCD04.svg
NMKRCD05,craft_pass,,18.0x18.0,0.0,2,assets/svg/triad_generated/NMKRCD05.svg
NMKRCD06,craft_pass,,18.0x18.0,0.0,2,assets/svg/triad_generated/NMKRCD06.svg
NMKREG01,craft_pass,,18.0x18.0,0.0,3,assets/svg/triad_generated/NMKREG01.svg
NMKREG02,craft_pass,,18.0x18.0,0.0,2,assets/svg/triad_generated/NMKREG02.svg
NMKREG03,craft_pass,,18.0x18.0,0.0,2,assets/svg/triad_generated/NMKREG03.svg
NMKREG10,craft_pass,,18.0x18.0,0.0,3,assets/svg/triad_generated/NMKREG10.svg
NMKREG11,craft_pass,,18.0x18.0,0.0,3,assets/svg/triad_generated/NMKREG11.svg
NMKREG12,craft_pass,,18.0x18.0,0.0,3,assets/svg/triad_generated/NMKREG12.svg
NMKREG13,craft_pass,,18.0x18.0,0.0,5,assets/svg/triad_generated/NMKREG13.svg
NMKREG14,craft_pass,,18.0x18.0,0.0,4,assets/svg/triad_generated/NMKREG14.svg
NMKREG15,craft_pass,,18.0x18.0,0.0,3,assets/svg/triad_generated/NMKREG15.svg
NMKREG16,craft_pass,,18.0x18.0,0.0,3,assets/svg/triad_generated/NMKREG16.svg
NMKREG17,craft_pass,,18.0x18.0,0.0,2,assets/svg/triad_generated/NMKREG17.svg
NMKREG19,craft_pass,,18.0x18.0,0.0,3,assets/svg/triad_generated/NMKREG19.svg
NMKREG20,craft_pass,,18.0x18.0,0.0,3,assets/svg/triad_generated/NMKREG20.svg
NORTHAR1,craft_pass,,10.5x16.65,0.016,2,assets/svg/triad_generated/NORTHAR1.svg
NOTBRD11,craft_pass,,10.5x15.0,0.031,2,assets/svg/triad_generated/NOTBRD11.svg
NOTBRD12,craft_pass,,11.4x15.75,0.016,2,assets/svg/triad_generated/NOTBRD12.svg
NOTMRK01,craft_pass,,15.0x15.0,0.0,2,assets/svg/triad_generated/NOTMRK01.svg
NOTMRK02,craft_pass,,15.0x15.0,0.0,2,assets/svg/triad_generated/NOTMRK02.svg
NOTMRK03,craft_pass,,5.4x5.4,0.0,1,assets/svg/triad_generated/NOTMRK03.svg
OBSTRN01,craft_pass,,20.25x20.25,0.004,1,assets/svg/triad_generated/OBSTRN01.svg
OBSTRN02,craft_pass,,20.25x20.25,0.004,1,assets/svg/triad_generated/OBSTRN02.svg
OBSTRN03,craft_pass,,13.5x13.5,0.0,2,assets/svg/triad_generated/OBSTRN03.svg
OBSTRN04,craft_pass,,7.35x9.6,0.007,2,assets/svg/triad_generated/OBSTRN04.svg
OBSTRN11,craft_pass,,18.0x18.0,0.0,1,assets/svg/triad_generated/OBSTRN11.svg
OFSPLF01,craft_pass,,10.5x10.5,0.0,2,assets/svg/triad_generated/OFSPLF01.svg
OWNSHP01,craft_pass,,11.4x11.4,0.0,2,assets/svg/triad_generated/OWNSHP01.svg
OWNSHP02,craft_pass,,6.0x13.65,0.003,2,assets/svg/triad_generated/OWNSHP02.svg
OWNSHP05,craft_pass,,5.4x13.2,0.006,1,assets/svg/triad_generated/OWNSHP05.svg
PASTRK01,craft_pass,,6.9x8.4,0.0,2,assets/svg/triad_generated/PASTRK01.svg
PIER0001,craft_pass,,14.4x14.4,0.0,2,assets/svg/triad_generated/PIER0001.svg
PILBOP02,craft_pass,,14.4x14.4,0.0,2,assets/svg/triad_generated/PILBOP02.svg
PILPNT02,craft_pass,,9.0x9.0,0.0,1,assets/svg/triad_generated/PILPNT02.svg
PIPSOL05,craft_pass,,13.95x5.25,0.018,3,assets/svg/triad_generated/PIPSOL05.svg
PLNPOS01,craft_pass,,16.5x10.5,0.0,1,assets/svg/triad_generated/PLNPOS01.svg
PLNRTE03,craft_pass,,10.5x10.5,0.0,1,assets/svg/triad_generated/PLNRTE03.svg
PLNSPD03,craft_pass,,13.5x10.5,0.0,2,assets/svg/triad_generated/PLNSPD03.svg
PLNSPD04,craft_pass,,13.5x10.5,0.0,2,assets/svg/triad_generated/PLNSPD04.svg
POSGEN01,craft_pass,,10.5x10.5,0.0,2,assets/svg/triad_generated/POSGEN01.svg
POSGEN03,craft_pass,,11.4x11.4,0.0,2,assets/svg/triad_generated/POSGEN03.svg
POSGEN04,craft_pass,,12.0x12.0,0.0,1,assets/svg/triad_generated/POSGEN04.svg
POSITN02,craft_pass,,9.0x9.0,0.0,2,assets/svg/triad_generated/POSITN02.svg
PRCARE12,craft_pass,,13.5x13.2,0.056,3,assets/svg/triad_generated/PRCARE12.svg
PRCARE51,craft_pass,,15.0x13.2,0.025,3,assets/svg/triad_generated/PRCARE51.svg
PRDINS02,craft_pass,,14.4x13.2,0.1,3,assets/svg/triad_generated/PRDINS02.svg
PRICKE03,craft_pass,,5.7x11.7,0.026,3,assets/svg/triad_generated/PRICKE03.svg
PRICKE04,craft_pass,,5.7x11.7,0.026,3,assets/svg/triad_generated/PRICKE04.svg
PSSARE01,craft_pass,,24.0x7.05,0.016,1,assets/svg/triad_generated/PSSARE01.svg
QUAPOS01,craft_pass,,12.0x9.15,0.016,2,assets/svg/triad_generated/QUAPOS01.svg
QUAPOS01;TX(OBJNAM,craft_pass,,9.9x9.9,0.0,2,assets/svg/triad_generated/QUAPOS01_TX_OBJNAM.svg
QUARRY01,craft_pass,,18.9x18.9,0.0,4,assets/svg/triad_generated/QUARRY01.svg
QUESMRK1,craft_pass,,12.9x13.05,0.041,2,assets/svg/triad_generated/QUESMRK1.svg
RACNSP01,craft_pass,,17.4x17.4,0.0,2,assets/svg/triad_generated/RACNSP01.svg
RADRFL03,craft_pass,,18.9x18.9,0.0,2,assets/svg/triad_generated/RADRFL03.svg
RASCAN01,craft_pass,,11.4x17.7,0.087,4,assets/svg/triad_generated/RASCAN01.svg
RASCAN11,craft_pass,,11.4x17.7,0.087,4,assets/svg/triad_generated/RASCAN11.svg
RCKLDG01,craft_pass,,11.4x8.7,0.032,5,assets/svg/triad_generated/RCKLDG01.svg
RCLDEF01,craft_pass,,19.65x17.4,0.003,5,assets/svg/triad_generated/RCLDEF01.svg
RCTLPT52,craft_pass,,13.65x10.95,0.044,2,assets/svg/triad_generated/RCTLPT52.svg
RDOCAL02,craft_pass,,9.0x12.9,0.094,2,assets/svg/triad_generated/RDOCAL02.svg
RDOCAL03,craft_pass,,9.0x17.4,0.0,3,assets/svg/triad_generated/RDOCAL03.svg
RDOSTA02,craft_pass,,15.9x15.9,0.0,1,assets/svg/triad_generated/RDOSTA02.svg
RECDEF51,craft_pass,,18.9x6.6,0.0,3,assets/svg/triad_generated/RECDEF51.svg
RECTRC55,craft_pass,,8.4x20.4,0.0,2,assets/svg/triad_generated/RECTRC55.svg
RECTRC56,craft_pass,,8.4x19.5,0.0,3,assets/svg/triad_generated/RECTRC56.svg
RECTRC57,craft_pass,,8.4x20.4,0.0,2,assets/svg/triad_generated/RECTRC57.svg
RECTRC58,craft_pass,,8.4x19.5,0.0,2,assets/svg/triad_generated/RECTRC58.svg
REFDMP01,craft_pass,,9.9x12.15,0.016,2,assets/svg/triad_generated/REFDMP01.svg
REFPNT02,craft_pass,,15.0x15.0,0.0,3,assets/svg/triad_generated/REFPNT02.svg
RESARE01,craft_pass,,15.0x15.0,0.0,2,assets/svg/triad_generated/RESARE01.svg
RESARE02,craft_pass,,14.25x14.4,0.003,2,assets/svg/triad_generated/RESARE02.svg
RESARE51,craft_pass,,11.4x7.65,0.078,2,assets/svg/triad_generated/RESARE51.svg
RESTRN01,craft_pass,,12.9x7.2,0.006,3,assets/svg/triad_generated/RESTRN01.svg
RETRFL01,craft_pass,,9.45x17.4,0.022,1,assets/svg/triad_generated/RETRFL01.svg
RETRFL02,craft_pass,,9.45x17.4,0.022,1,assets/svg/triad_generated/RETRFL02.svg
RFNERY01,craft_pass,,7.5x7.5,0.031,3,assets/svg/triad_generated/RFNERY01.svg
RFNERY11,craft_pass,,7.5x7.5,0.031,3,assets/svg/triad_generated/RFNERY11.svg
ROLROL01,craft_pass,,19.35x5.55,0.004,1,assets/svg/triad_generated/ROLROL01.svg
RSCSTA02,craft_pass,,15.0x15.0,0.0,2,assets/svg/triad_generated/RSCSTA02.svg
RTLDEF51,craft_pass,,14.7x15.45,0.035,4,assets/svg/triad_generated/RTLDEF51.svg
RTPBCN02,craft_pass,,16.5x16.5,0.0,1,assets/svg/triad_generated/RTPBCN02.svg
SISTAT02,craft_pass,,12.9x14.7,0.056,3,assets/svg/triad_generated/SISTAT02.svg
SLCONS03,craft_pass,,13.5x8.25,0.016,1,assets/svg/triad_generated/SLCONS03.svg
SMCFAC02,craft_pass,,18.0x18.0,0.0,4,assets/svg/triad_generated/SMCFAC02.svg
SOUNDG02,craft_pass,,12.0x8.1,0.037,2,assets/svg/triad_generated/SOUNDG02.svg
SPRING02,craft_pass,,14.1x12.75,0.025,2,assets/svg/triad_generated/SPRING02.svg
SSENTR01,craft_pass,,7.2x11.7,0.009,4,assets/svg/triad_generated/SSENTR01.svg
SSLOCK01,craft_pass,,8.7x10.2,0.038,5,assets/svg/triad_generated/SSLOCK01.svg
SSWARS01,craft_pass,,6.45x10.95,0.024,3,assets/svg/triad_generated/SSWARS01.svg
STARPT01,craft_pass,,16.5x16.05,0.022,1,assets/svg/triad_generated/STARPT01.svg
SWPARE51,craft_pass,,14.4x11.4,0.0,1,assets/svg/triad_generated/SWPARE51.svg
SYMINS01,craft_pass,,9.9x11.4,0.0,2,assets/svg/triad_generated/SYMINS01.svg
TERMNL01,craft_pass,,15.9x15.9,0.0,4,assets/svg/triad_generated/TERMNL01.svg
TERMNL02,craft_pass,,16.5x16.5,0.0,3,assets/svg/triad_generated/TERMNL02.svg
TERMNL03,craft_pass,,15.9x15.9,0.0,6,assets/svg/triad_generated/TERMNL03.svg
TERMNL04,craft_pass,,15.9x15.9,0.0,4,assets/svg/triad_generated/TERMNL04.svg
TERMNL05,craft_pass,,16.5x16.5,0.0,2,assets/svg/triad_generated/TERMNL05.svg
TERMNL06,craft_pass,,16.5x16.5,0.0,2,assets/svg/triad_generated/TERMNL06.svg
TERMNL07,craft_pass,,15.9x15.9,0.0,2,assets/svg/triad_generated/TERMNL07.svg
TERMNL08,craft_pass,,16.5x16.5,0.0,2,assets/svg/triad_generated/TERMNL08.svg
TERMNL09,craft_pass,,16.5x16.5,0.0,3,assets/svg/triad_generated/TERMNL09.svg
TERMNL10,craft_pass,,16.5x16.5,0.0,3,assets/svg/triad_generated/TERMNL10.svg
TERMNL11,craft_pass,,16.5x16.5,0.0,4,assets/svg/triad_generated/TERMNL11.svg
TERMNL12,craft_pass,,15.9x15.9,0.0,5,assets/svg/triad_generated/TERMNL12.svg
TERMNL13,craft_pass,,16.5x16.5,0.0,2,assets/svg/triad_generated/TERMNL13.svg
TIDCUR01,craft_pass,,9.0x17.25,0.016,3,assets/svg/triad_generated/TIDCUR01.svg
TIDCUR02,craft_pass,,9.9x17.7,0.006,4,assets/svg/triad_generated/TIDCUR02.svg
TIDCUR03,craft_pass,,11.4x7.5,0.0,1,assets/svg/triad_generated/TIDCUR03.svg
TIDEHT01,craft_pass,,17.4x7.5,0.0,1,assets/svg/triad_generated/TIDEHT01.svg
TIDSTR01,craft_pass,,16.5x16.5,0.0,1,assets/svg/triad_generated/TIDSTR01.svg
TMBYRD01,craft_pass,,6.9x6.9,0.0,1,assets/svg/triad_generated/TMBYRD01.svg
TNKCON02,craft_pass,,13.5x13.5,0.0,1,assets/svg/triad_generated/TNKCON02.svg
TNKCON12,craft_pass,,13.5x13.5,0.0,1,assets/svg/triad_generated/TNKCON12.svg
TNKFRM01,craft_pass,,8.4x8.4,0.0,5,assets/svg/triad_generated/TNKFRM01.svg
TNKFRM11,craft_pass,,8.4x8.4,0.0,5,assets/svg/triad_generated/TNKFRM11.svg
TOPMA100,craft_pass,,11.4x13.65,0.016,1,assets/svg/triad_generated/TOPMA100.svg
TOPMA102,craft_pass,,11.4x13.65,0.016,1,assets/svg/triad_generated/TOPMA102.svg
TOPMA106,craft_pass,,9.9x11.4,0.0,5,assets/svg/triad_generated/TOPMA106.svg
TOPMA107,craft_pass,,9.9x11.4,0.0,1,assets/svg/triad_generated/TOPMA107.svg
TOPMA109,craft_pass,,14.4x14.4,0.0,1,assets/svg/triad_generated/TOPMA109.svg
TOPMA111,craft_pass,,11.4x15.0,0.0,1,assets/svg/triad_generated/TOPMA111.svg
TOPMA113,craft_pass,,12.6x14.1,0.0,2,assets/svg/triad_generated/TOPMA113.svg
TOPMA115,craft_pass,,11.4x13.65,0.016,1,assets/svg/triad_generated/TOPMA115.svg
TOPMA116,craft_pass,,9.9x11.4,0.0,5,assets/svg/triad_generated/TOPMA116.svg
TOPMA117,craft_pass,,13.5x13.5,0.0,4,assets/svg/triad_generated/TOPMA117.svg
TOPMAR01,craft_pass,,13.5x13.5,0.0,4,assets/svg/triad_generated/TOPMAR01.svg
TOPMAR87,craft_pass,,6.9x10.95,0.009,2,assets/svg/triad_generated/TOPMAR87.svg
TOPMAR88,craft_pass,,6.9x10.95,0.009,2,assets/svg/triad_generated/TOPMAR88.svg
TOPMAR90,craft_pass,,6.9x13.65,0.016,2,assets/svg/triad_generated/TOPMAR90.svg
TOPMAR93,craft_pass,,6.9x13.65,0.016,2,assets/svg/triad_generated/TOPMAR93.svg
TOPMAR98,craft_pass,,15.0x15.0,0.0,4,assets/svg/triad_generated/TOPMAR98.svg
TOPMAR99,craft_pass,,15.0x15.0,0.0,4,assets/svg/triad_generated/TOPMAR99.svg
TOPMARI1,craft_pass,,7.5x14.4,0.0,2,assets/svg/triad_generated/TOPMARI1.svg
TOPSHP00,craft_pass,,20.4x20.4,0.0,3,assets/svg/triad_generated/TOPSHP00.svg
TOPSHP01,craft_pass,,12.15x16.2,0.017,4,assets/svg/triad_generated/TOPSHP01.svg
TOPSHP02,craft_pass,,12.15x16.2,0.017,4,assets/svg/triad_generated/TOPSHP02.svg
TOPSHP03,craft_pass,,13.5x16.2,0.032,4,assets/svg/triad_generated/TOPSHP03.svg
TOPSHP04,craft_pass,,13.5x16.2,0.032,4,assets/svg/triad_generated/TOPSHP04.svg
TOPSHP05,craft_pass,,13.5x15.15,0.047,4,assets/svg/triad_generated/TOPSHP05.svg
TOPSHP07,craft_pass,,13.5x15.15,0.047,3,assets/svg/triad_generated/TOPSHP07.svg
TOPSHP08,craft_pass,,15.3x18.45,0.009,6,assets/svg/triad_generated/TOPSHP08.svg
TOPSHP09;TE('%s',craft_pass,,8.4x14.7,0.069,6,assets/svg/triad_generated/TOPSHP09_TE_s.svg
TOPSHP10,craft_pass,,13.5x15.15,0.047,3,assets/svg/triad_generated/TOPSHP10.svg
TOPSHP11,craft_pass,,13.5x15.15,0.047,3,assets/svg/triad_generated/TOPSHP11.svg
TOPSHP12,craft_pass,,13.5x15.15,0.047,3,assets/svg/triad_generated/TOPSHP12.svg
TOPSHP13,craft_pass,,13.5x15.15,0.047,4,assets/svg/triad_generated/TOPSHP13.svg
TOPSHP15;TE('%s',craft_pass,,8.4x14.7,0.069,6,assets/svg/triad_generated/TOPSHP15_TE_s.svg
TOPSHP16,craft_pass,,15.3x17.4,0.031,3,assets/svg/triad_generated/TOPSHP16.svg
TOPSHP17,craft_pass,,15.3x17.4,0.031,6,assets/svg/triad_generated/TOPSHP17.svg
TOPSHP18,craft_pass,,15.3x18.45,0.009,3,assets/svg/triad_generated/TOPSHP18.svg
TOPSHP19,craft_pass,,15.3x17.4,0.031,3,assets/svg/triad_generated/TOPSHP19.svg
TOPSHP20,craft_pass,,15.3x18.45,0.009,3,assets/svg/triad_generated/TOPSHP20.svg
TOPSHP21,craft_pass,,11.4x14.4,0.0,1,assets/svg/triad_generated/TOPSHP21.svg
TOPSHP22,craft_pass,,10.5x15.45,0.072,3,assets/svg/triad_generated/TOPSHP22.svg
TOPSHP23,craft_pass,,10.5x15.45,0.072,3,assets/svg/triad_generated/TOPSHP23.svg
TOPSHP24,craft_pass,,10.5x15.45,0.072,3,assets/svg/triad_generated/TOPSHP24.svg
TOPSHP25,craft_pass,,10.5x15.45,0.072,5,assets/svg/triad_generated/TOPSHP25.svg
TOPSHP28,craft_pass,,10.5x15.45,0.072,6,assets/svg/triad_generated/TOPSHP28.svg
TOPSHP29,craft_pass,,10.5x15.45,0.072,5,assets/svg/triad_generated/TOPSHP29.svg
TOPSHP30,craft_pass,,10.5x15.45,0.072,5,assets/svg/triad_generated/TOPSHP30.svg
TOPSHP31,craft_pass,,10.5x15.45,0.072,5,assets/svg/triad_generated/TOPSHP31.svg
TOPSHP32,craft_pass,,10.5x15.45,0.072,5,assets/svg/triad_generated/TOPSHP32.svg
TOPSHP33,craft_pass,,6.9x9.0,0.0,2,assets/svg/triad_generated/TOPSHP33.svg
TOPSHP34,craft_pass,,10.5x15.45,0.072,6,assets/svg/triad_generated/TOPSHP34.svg
TOPSHP35,craft_pass,,10.5x15.45,0.072,3,assets/svg/triad_generated/TOPSHP35.svg
TOPSHP36,craft_pass,,10.5x15.45,0.072,3,assets/svg/triad_generated/TOPSHP36.svg
TOPSHP37,craft_pass,,10.5x15.45,0.072,5,assets/svg/triad_generated/TOPSHP37.svg
TOPSHP38,craft_pass,,10.5x15.45,0.072,6,assets/svg/triad_generated/TOPSHP38.svg
TOPSHP40,craft_pass,,10.5x15.45,0.072,5,assets/svg/triad_generated/TOPSHP40.svg
TOPSHP41,craft_pass,,10.5x15.45,0.072,6,assets/svg/triad_generated/TOPSHP41.svg
TOPSHP42,craft_pass,,10.5x15.45,0.072,5,assets/svg/triad_generated/TOPSHP42.svg
TOPSHP43,craft_pass,,10.5x15.45,0.072,7,assets/svg/triad_generated/TOPSHP43.svg
TOPSHP44,craft_pass,,10.5x15.45,0.072,5,assets/svg/triad_generated/TOPSHP44.svg
TOPSHP47,craft_pass,,8.4x8.4,0.0,1,assets/svg/triad_generated/TOPSHP47.svg
TOPSHP48,craft_pass,,8.4x8.4,0.0,1,assets/svg/triad_generated/TOPSHP48.svg
TOPSHP51,craft_pass,,18.9x18.9,0.0,5,assets/svg/triad_generated/TOPSHP51.svg
TOPSHP52,craft_pass,,18.9x18.9,0.0,3,assets/svg/triad_generated/TOPSHP52.svg
TOPSHP53,craft_pass,,18.9x18.9,0.0,3,assets/svg/triad_generated/TOPSHP53.svg
TOPSHP54,craft_pass,,18.9x18.9,0.0,3,assets/svg/triad_generated/TOPSHP54.svg
TOPSHP55,craft_pass,,18.9x18.9,0.0,3,assets/svg/triad_generated/TOPSHP55.svg
TOPSHP58,craft_pass,,18.9x18.9,0.0,4,assets/svg/triad_generated/TOPSHP58.svg
TOPSHP61,craft_pass,,18.9x18.9,0.0,4,assets/svg/triad_generated/TOPSHP61.svg
TOPSHP62,craft_pass,,18.9x18.9,0.0,4,assets/svg/triad_generated/TOPSHP62.svg
TOPSHP63,craft_pass,,18.9x18.9,0.0,5,assets/svg/triad_generated/TOPSHP63.svg
TOPSHP64,craft_pass,,18.9x18.9,0.0,6,assets/svg/triad_generated/TOPSHP64.svg
TOPSHP65,craft_pass,,18.9x18.9,0.0,4,assets/svg/triad_generated/TOPSHP65.svg
TOPSHP67,craft_pass,,18.9x18.9,0.0,4,assets/svg/triad_generated/TOPSHP67.svg
TOPSHP69,craft_pass,,18.9x18.9,0.0,4,assets/svg/triad_generated/TOPSHP69.svg
TOPSHP70,craft_pass,,18.9x18.9,0.0,3,assets/svg/triad_generated/TOPSHP70.svg
TOPSHP71,craft_pass,,18.9x18.9,0.0,4,assets/svg/triad_generated/TOPSHP71.svg
TOPSHP72,craft_pass,,18.9x18.9,0.0,6,assets/svg/triad_generated/TOPSHP72.svg
TOPSHP73;TE('%s',craft_pass,,18.9x18.9,0.0,7,assets/svg/triad_generated/TOPSHP73_TE_s.svg
TOPSHP74,craft_pass,,18.9x18.9,0.0,6,assets/svg/triad_generated/TOPSHP74.svg
TOPSHP76,craft_pass,,15.9x17.4,0.0,6,assets/svg/triad_generated/TOPSHP76.svg
TOPSHP77,craft_pass,,15.9x17.4,0.0,6,assets/svg/triad_generated/TOPSHP77.svg
TOPSHP78,craft_pass,,15.9x17.4,0.0,6,assets/svg/triad_generated/TOPSHP78.svg
TOPSHP79,craft_pass,,15.9x17.4,0.0,4,assets/svg/triad_generated/TOPSHP79.svg
TOPSHP80,craft_pass,,15.9x17.4,0.0,4,assets/svg/triad_generated/TOPSHP80.svg
TOPSHP81;TE('%s',craft_pass,,15.9x17.4,0.0,5,assets/svg/triad_generated/TOPSHP81_TE_s.svg
TOPSHP82,craft_pass,,15.9x17.4,0.0,3,assets/svg/triad_generated/TOPSHP82.svg
TOPSHP83,craft_pass,,15.9x17.4,0.0,6,assets/svg/triad_generated/TOPSHP83.svg
TOPSHP84,craft_pass,,15.9x17.4,0.0,4,assets/svg/triad_generated/TOPSHP84.svg
TOPSHP85,craft_pass,,15.9x17.4,0.0,4,assets/svg/triad_generated/TOPSHP85.svg
TOPSHP87,craft_pass,,15.9x17.4,0.0,4,assets/svg/triad_generated/TOPSHP87.svg
TOPSHP88,craft_pass,,15.9x17.4,0.0,4,assets/svg/triad_generated/TOPSHP88.svg
TOPSHP89;TE('%s',craft_pass,,15.9x17.4,0.0,6,assets/svg/triad_generated/TOPSHP89_TE_s.svg
TOPSHP90,craft_pass,,15.9x17.4,0.0,6,assets/svg/triad_generated/TOPSHP90.svg
TOPSHP91,craft_pass,,15.9x17.4,0.0,4,assets/svg/triad_generated/TOPSHP91.svg
TOPSHP92,craft_pass,,15.9x17.4,0.0,4,assets/svg/triad_generated/TOPSHP92.svg
TOPSHP93,craft_pass,,15.9x17.4,0.0,4,assets/svg/triad_generated/TOPSHP93.svg
TOPSHP94,craft_pass,,15.9x17.4,0.0,5,assets/svg/triad_generated/TOPSHP94.svg
TOPSHP95,craft_pass,,15.9x17.4,0.0,3,assets/svg/triad_generated/TOPSHP95.svg
TOPSHP96,craft_pass,,15.9x17.4,0.0,7,assets/svg/triad_generated/TOPSHP96.svg
TOPSHP97,craft_pass,,15.9x17.4,0.0,5,assets/svg/triad_generated/TOPSHP97.svg
TOPSHP98,craft_pass,,15.9x17.4,0.0,4,assets/svg/triad_generated/TOPSHP98.svg
TOPSHP99,craft_pass,,15.9x17.4,0.0,4,assets/svg/triad_generated/TOPSHP99.svg
TOPSHPA0,craft_pass,,15.9x17.4,0.0,5,assets/svg/triad_generated/TOPSHPA0.svg
TOPSHPA1,craft_pass,,15.9x17.4,0.0,5,assets/svg/triad_generated/TOPSHPA1.svg
TOPSHPA2,craft_pass,,15.9x17.4,0.0,4,assets/svg/triad_generated/TOPSHPA2.svg
TOPSHPA3,craft_pass,,15.9x17.4,0.0,5,assets/svg/triad_generated/TOPSHPA3.svg
TOPSHPA4,craft_pass,,15.9x17.4,0.0,4,assets/svg/triad_generated/TOPSHPA4.svg
TOPSHPA5,craft_pass,,15.9x17.4,0.0,5,assets/svg/triad_generated/TOPSHPA5.svg
TOPSHPA6,craft_pass,,15.9x17.4,0.0,3,assets/svg/triad_generated/TOPSHPA6.svg
TOPSHPA7,craft_pass,,15.9x17.4,0.0,5,assets/svg/triad_generated/TOPSHPA7.svg
TOPSHPA8,craft_pass,,15.9x17.4,0.0,4,assets/svg/triad_generated/TOPSHPA8.svg
TOPSHPA9,craft_pass,,15.9x17.4,0.0,4,assets/svg/triad_generated/TOPSHPA9.svg
TOPSHPB0,craft_pass,,15.9x17.4,0.0,4,assets/svg/triad_generated/TOPSHPB0.svg
TOPSHPD1,craft_pass,,15.9x15.9,0.0,4,assets/svg/triad_generated/TOPSHPD1.svg
TOPSHPD2,craft_pass,,15.9x15.9,0.0,4,assets/svg/triad_generated/TOPSHPD2.svg
TOPSHPD3,craft_pass,,15.9x15.9,0.0,4,assets/svg/triad_generated/TOPSHPD3.svg
TOPSHPD5,craft_pass,,15.9x15.9,0.0,6,assets/svg/triad_generated/TOPSHPD5.svg
TOPSHPI1,craft_pass,,11.4x11.4,0.0,1,assets/svg/triad_generated/TOPSHPI1.svg
TOPSHPI2,craft_pass,,11.4x11.4,0.0,1,assets/svg/triad_generated/TOPSHPI2.svg
TOPSHPI3,craft_pass,,7.5x7.5,0.0,2,assets/svg/triad_generated/TOPSHPI3.svg
TOPSHPJ1,craft_pass,,7.5x6.45,0.009,1,assets/svg/triad_generated/TOPSHPJ1.svg
TOPSHPJ3,craft_pass,,7.5x6.45,0.009,1,assets/svg/triad_generated/TOPSHPJ3.svg
TOPSHPP2,craft_pass,,7.5x7.5,0.0,2,assets/svg/triad_generated/TOPSHPP2.svg
TOPSHPR1,craft_pass,,6.0x6.45,0.009,1,assets/svg/triad_generated/TOPSHPR1.svg
TOPSHPS1,craft_pass,,9.0x9.0,0.0,3,assets/svg/triad_generated/TOPSHPS1.svg
TOPSHPT1,craft_pass,,15.9x17.4,0.0,3,assets/svg/triad_generated/TOPSHPT1.svg
TOPSHPT2,craft_pass,,15.9x17.4,0.0,4,assets/svg/triad_generated/TOPSHPT2.svg
TOPSHPT3,craft_pass,,15.9x17.4,0.0,3,assets/svg/triad_generated/TOPSHPT3.svg
TOPSHPT4,craft_pass,,15.9x17.4,0.0,4,assets/svg/triad_generated/TOPSHPT4.svg
TOPSHPT5,craft_pass,,15.9x17.4,0.0,4,assets/svg/triad_generated/TOPSHPT5.svg
TOPSHPT6,craft_pass,,15.9x17.4,0.0,4,assets/svg/triad_generated/TOPSHPT6.svg
TOPSHPT7,craft_pass,,15.9x17.4,0.0,4,assets/svg/triad_generated/TOPSHPT7.svg
TOPSHPT8;TE('%s',craft_pass,,15.9x17.4,0.0,6,assets/svg/triad_generated/TOPSHPT8_TE_s.svg
TOPSHPU1,craft_pass,,14.4x15.9,0.031,3,assets/svg/triad_generated/TOPSHPU1.svg
TOPSHPU2,craft_pass,,14.4x15.9,0.031,4,assets/svg/triad_generated/TOPSHPU2.svg
TOPSHQ06,craft_pass,,5.4x12.9,0.0,1,assets/svg/triad_generated/TOPSHQ06.svg
TOPSHQ07,craft_pass,,11.4x11.4,0.0,1,assets/svg/triad_generated/TOPSHQ07.svg
TOPSHQ08,craft_pass,,12.9x12.9,0.0,1,assets/svg/triad_generated/TOPSHQ08.svg
TOPSHQ15,craft_pass,,9.9x10.2,0.037,1,assets/svg/triad_generated/TOPSHQ15.svg
TOPSHQ16,craft_pass,,11.4x11.7,0.037,1,assets/svg/triad_generated/TOPSHQ16.svg
TOPSHQ17,craft_pass,,9.9x11.55,0.003,1,assets/svg/triad_generated/TOPSHQ17.svg
TOPSHQ18,craft_pass,,8.4x15.15,0.016,2,assets/svg/triad_generated/TOPSHQ18.svg
TOPSHQ19,craft_pass,,9.9x11.4,0.0,1,assets/svg/triad_generated/TOPSHQ19.svg
TOPSHQ20,craft_pass,,11.4x6.9,0.0,1,assets/svg/triad_generated/TOPSHQ20.svg
TOPSHQ21,craft_pass,,6.9x12.9,0.0,1,assets/svg/triad_generated/TOPSHQ21.svg
TOPSHQ22,craft_pass,,8.4x10.5,0.0,1,assets/svg/triad_generated/TOPSHQ22.svg
TOPSHQ23,craft_pass,,9.9x11.4,0.0,1,assets/svg/triad_generated/TOPSHQ23.svg
TOPSHQ24,craft_pass,,12.9x12.45,0.022,1,assets/svg/triad_generated/TOPSHQ24.svg
TOPSHQ25,craft_pass,,12.9x12.15,0.016,1,assets/svg/triad_generated/TOPSHQ25.svg
TOPSHQ26,craft_pass,,13.5x13.5,0.0,2,assets/svg/triad_generated/TOPSHQ26.svg
TOPSHQ27,craft_pass,,11.4x15.9,0.031,1,assets/svg/triad_generated/TOPSHQ27.svg
TOPSHQ28,craft_pass,,11.4x12.9,0.031,1,assets/svg/triad_generated/TOPSHQ28.svg
TOPSHQ29,craft_pass,,12.9x16.2,0.037,2,assets/svg/triad_generated/TOPSHQ29.svg
TOPSHQ30,craft_pass,,11.4x17.7,0.04,2,assets/svg/triad_generated/TOPSHQ30.svg
TOPSHQ31,craft_pass,,10.5x18.45,0.022,2,assets/svg/triad_generated/TOPSHQ31.svg
TOPSHQ32,craft_pass,,10.5x16.65,0.047,2,assets/svg/triad_generated/TOPSHQ32.svg
TOWERS01,craft_pass,,15.0x18.3,0.05,6,assets/svg/triad_generated/TOWERS01.svg
TOWERS02,craft_pass,,15.0x18.3,0.05,6,assets/svg/triad_generated/TOWERS02.svg
TOWERS03,craft_pass,,15.0x18.3,0.05,6,assets/svg/triad_generated/TOWERS03.svg
TOWERS05,craft_pass,,15.0x18.3,0.05,6,assets/svg/triad_generated/TOWERS05.svg
TOWERS12,craft_pass,,15.0x18.3,0.05,6,assets/svg/triad_generated/TOWERS12.svg
TOWERS15,craft_pass,,15.0x18.3,0.05,6,assets/svg/triad_generated/TOWERS15.svg
TOWERS48,craft_pass,,15.0x18.3,0.05,7,assets/svg/triad_generated/TOWERS48.svg
TOWERS49,craft_pass,,15.0x18.3,0.05,7,assets/svg/triad_generated/TOWERS49.svg
TOWERS50,craft_pass,,15.0x18.3,0.05,7,assets/svg/triad_generated/TOWERS50.svg
TOWERS51,craft_pass,,15.0x18.3,0.05,8,assets/svg/triad_generated/TOWERS51.svg
TOWERS52,craft_pass,,15.0x18.3,0.05,7,assets/svg/triad_generated/TOWERS52.svg
TOWERS53,craft_pass,,15.0x18.3,0.05,7,assets/svg/triad_generated/TOWERS53.svg
TOWERS54,craft_pass,,15.0x18.3,0.05,7,assets/svg/triad_generated/TOWERS54.svg
TOWERS55,craft_pass,,15.0x18.3,0.05,7,assets/svg/triad_generated/TOWERS55.svg
TOWERS57,craft_pass,,15.0x18.3,0.05,7,assets/svg/triad_generated/TOWERS57.svg
TOWERS58,craft_pass,,15.0x18.3,0.05,7,assets/svg/triad_generated/TOWERS58.svg
TOWERS59,craft_pass,,15.0x18.3,0.05,6,assets/svg/triad_generated/TOWERS59.svg
TOWERS60,craft_pass,,15.0x18.3,0.05,6,assets/svg/triad_generated/TOWERS60.svg
TOWERS61,craft_pass,,15.0x18.3,0.05,6,assets/svg/triad_generated/TOWERS61.svg
TOWERS62,craft_pass,,15.0x18.3,0.05,6,assets/svg/triad_generated/TOWERS62.svg
TOWERS63,craft_pass,,15.0x18.3,0.05,6,assets/svg/triad_generated/TOWERS63.svg
TOWERS64,craft_pass,,15.0x18.3,0.05,6,assets/svg/triad_generated/TOWERS64.svg
TOWERS65,craft_pass,,15.0x18.3,0.05,6,assets/svg/triad_generated/TOWERS65.svg
TOWERS66,craft_pass,,15.0x18.3,0.05,8,assets/svg/triad_generated/TOWERS66.svg
TOWERS67,craft_pass,,15.0x18.3,0.05,8,assets/svg/triad_generated/TOWERS67.svg
TOWERS68,craft_pass,,15.0x18.3,0.05,7,assets/svg/triad_generated/TOWERS68.svg
TOWERS69,craft_pass,,15.0x18.3,0.05,7,assets/svg/triad_generated/TOWERS69.svg
TOWERS70,craft_pass,,15.0x18.3,0.05,8,assets/svg/triad_generated/TOWERS70.svg
TOWERS71,craft_pass,,15.0x18.3,0.05,8,assets/svg/triad_generated/TOWERS71.svg
TOWERS72,craft_pass,,15.0x18.3,0.05,8,assets/svg/triad_generated/TOWERS72.svg
TOWERS73,craft_pass,,15.0x18.3,0.05,8,assets/svg/triad_generated/TOWERS73.svg
TOWERS74|;TX(OBJNAM,craft_pass,,7.5x12.9,0.031,4,assets/svg/triad_generated/TOWERS74_TX_OBJNAM.svg
TOWERS75,craft_pass,,15.0x18.3,0.05,7,assets/svg/triad_generated/TOWERS75.svg
TOWERS76,craft_pass,,15.0x18.3,0.05,7,assets/svg/triad_generated/TOWERS76.svg
TOWERS77,craft_pass,,15.0x18.3,0.05,7,assets/svg/triad_generated/TOWERS77.svg
TOWERS78,craft_pass,,15.0x18.3,0.05,7,assets/svg/triad_generated/TOWERS78.svg
TOWERS79,craft_pass,,15.0x18.3,0.05,7,assets/svg/triad_generated/TOWERS79.svg
TOWERS80,craft_pass,,15.0x18.3,0.05,8,assets/svg/triad_generated/TOWERS80.svg
TOWERS81,craft_pass,,15.0x18.3,0.05,8,assets/svg/triad_generated/TOWERS81.svg
TOWERS82,craft_pass,,15.0x18.3,0.05,7,assets/svg/triad_generated/TOWERS82.svg
TOWERS83,craft_pass,,15.0x18.3,0.05,7,assets/svg/triad_generated/TOWERS83.svg
TOWERS84,craft_pass,,15.0x18.3,0.05,7,assets/svg/triad_generated/TOWERS84.svg
TOWERS85,craft_pass,,15.0x18.3,0.05,9,assets/svg/triad_generated/TOWERS85.svg
TOWERS86,craft_pass,,15.0x18.3,0.05,6,assets/svg/triad_generated/TOWERS86.svg
TOWERS87,craft_pass,,15.0x18.3,0.05,7,assets/svg/triad_generated/TOWERS87.svg
TOWERS88,craft_pass,,15.0x18.3,0.05,7,assets/svg/triad_generated/TOWERS88.svg
TOWERS89,craft_pass,,15.0x18.3,0.05,7,assets/svg/triad_generated/TOWERS89.svg
TOWERS90,craft_pass,,15.0x18.3,0.05,7,assets/svg/triad_generated/TOWERS90.svg
TOWERS91,craft_pass,,15.0x18.3,0.05,7,assets/svg/triad_generated/TOWERS91.svg
TOWERS92,craft_pass,,15.0x18.3,0.05,8,assets/svg/triad_generated/TOWERS92.svg
TOWERS93,craft_pass,,15.0x18.3,0.05,8,assets/svg/triad_generated/TOWERS93.svg
TOWERS94,craft_pass,,15.0x18.3,0.05,7,assets/svg/triad_generated/TOWERS94.svg
TOWERS95,craft_pass,,15.0x18.3,0.05,7,assets/svg/triad_generated/TOWERS95.svg
TOWERS96,craft_pass,,15.0x18.3,0.05,7,assets/svg/triad_generated/TOWERS96.svg
TOWERS97,craft_pass,,15.0x18.3,0.05,7,assets/svg/triad_generated/TOWERS97.svg
TREPNT04,craft_pass,,6.9x9.15,0.016,2,assets/svg/triad_generated/TREPNT04.svg
TRNBSN01,craft_pass,,11.4x11.55,0.031,3,assets/svg/triad_generated/TRNBSN01.svg
TSSCRS51,craft_pass,,13.5x13.5,0.0,3,assets/svg/triad_generated/TSSCRS51.svg
TSSJCT02,craft_pass,,8.7x8.7,0.009,1,assets/svg/triad_generated/TSSJCT02.svg
TSSLPT51,craft_pass,,9.9x18.0,0.0,1,assets/svg/triad_generated/TSSLPT51.svg
TSSRON51,craft_pass,,13.65x15.45,0.081,2,assets/svg/triad_generated/TSSRON51.svg
TWRDEF51,craft_pass,,19.05x18.0,0.003,5,assets/svg/triad_generated/TWRDEF51.svg
TWRTPT52,craft_pass,,9.9x18.0,0.0,3,assets/svg/triad_generated/TWRTPT52.svg
TWRTPT53,craft_pass,,9.9x16.95,0.022,2,assets/svg/triad_generated/TWRTPT53.svg
UNITMTR1,craft_pass,,6.9x7.05,0.094,1,assets/svg/triad_generated/UNITMTR1.svg
UWTROC03,craft_pass,,16.8x16.8,0.0,22,assets/svg/triad_generated/UWTROC03.svg
UWTROC04,craft_pass,,13.5x12.9,0.0,2,assets/svg/triad_generated/UWTROC04.svg
VECGND01,craft_pass,,8.4x5.4,0.0,2,assets/svg/triad_generated/VECGND01.svg
VECGND21,craft_pass,,8.4x5.4,0.0,2,assets/svg/triad_generated/VECGND21.svg
VEGATN03,craft_pass,,5.4x10.5,0.0,5,assets/svg/triad_generated/VEGATN03.svg
VEGATN04,craft_pass,,6.0x10.2,0.006,2,assets/svg/triad_generated/VEGATN04.svg
VEHTRF01,craft_pass,,9.0x12.9,0.031,5,assets/svg/triad_generated/VEHTRF01.svg
VESSEL01,craft_pass,,11.4x12.9,0.031,2,assets/svg/triad_generated/VESSEL01.svg
VRMEBL01,craft_pass,,15.0x15.0,0.0,3,assets/svg/triad_generated/VRMEBL01.svg
WAYPNT01,craft_pass,,6.9x6.9,0.0,1,assets/svg/triad_generated/WAYPNT01.svg
WAYPNT03,craft_pass,,6.9x6.9,0.0,1,assets/svg/triad_generated/WAYPNT03.svg
WAYPNT11,craft_pass,,6.9x6.9,0.0,2,assets/svg/triad_generated/WAYPNT11.svg
WEDKLP03,craft_pass,,10.2x5.4,0.032,2,assets/svg/triad_generated/WEDKLP03.svg
WIMCON01,craft_pass,,6.9x10.2,0.025,3,assets/svg/triad_generated/WIMCON01.svg
WIMCON11,craft_pass,,6.9x10.2,0.025,3,assets/svg/triad_generated/WIMCON11.svg
WNDFRM51,craft_pass,,8.4x8.4,0.0,3,assets/svg/triad_generated/WNDFRM51.svg
WNDFRM61,craft_pass,,8.4x8.4,0.0,3,assets/svg/triad_generated/WNDFRM61.svg
WNDMIL02,craft_pass,,5.4x5.4,0.0,2,assets/svg/triad_generated/WNDMIL02.svg
WNDMIL12,craft_pass,,5.4x5.4,0.0,2,assets/svg/triad_generated/WNDMIL12.svg
WRECKS01,craft_pass,,15.0x9.45,0.009,4,assets/svg/triad_generated/WRECKS01.svg
WRECKS02,craft_pass,,11.85x10.2,0.021,2,assets/svg/triad_generated/WRECKS02.svg
WRECKS04,craft_pass,,13.5x12.9,0.0,2,assets/svg/triad_generated/WRECKS04.svg
WRECKS05,craft_pass,,17.4x14.4,0.0,21,assets/svg/triad_generated/WRECKS05.svg
WTLVGG01,craft_pass,,6.9x10.2,0.037,3,assets/svg/triad_generated/WTLVGG01.svg
ZZZZZZ01,craft_pass,,5.4x5.4,0.0,3,assets/svg/triad_generated/ZZZZZZ01.svg
boyspp50,craft_pass,,10.5x19.35,0.053,4,assets/svg/triad_generated/boyspp50.svg
ADDMRK05,craft_review,tiny_render_too_small,14.4x4.5,0.0,1,assets/svg/triad_generated/ADDMRK05.svg
ARPONE01,craft_review,tiny_render_too_small,6.0x0.75,0.016,1,assets/svg/triad_generated/ARPONE01.svg
ARPSIX01,craft_review,tiny_render_too_small,13.5x0.9,0.0,1,assets/svg/triad_generated/ARPSIX01.svg
BCNGEN05,craft_review,tiny_render_too_small,3.9x16.95,0.041,2,assets/svg/triad_generated/BCNGEN05.svg
BCNGEN60,craft_review,tiny_render_too_small,3.9x16.95,0.041,2,assets/svg/triad_generated/BCNGEN60.svg
BCNGEN61,craft_review,tiny_render_too_small,3.9x16.95,0.041,2,assets/svg/triad_generated/BCNGEN61.svg
BCNGEN65,craft_review,tiny_render_too_small,4.5x16.95,0.041,7,assets/svg/triad_generated/BCNGEN65.svg
BCNGEN70,craft_review,tiny_render_too_small,4.5x16.95,0.041,6,assets/svg/triad_generated/BCNGEN70.svg
BCNGEN71,craft_review,tiny_render_too_small,4.5x16.95,0.041,6,assets/svg/triad_generated/BCNGEN71.svg
BCNGEN76,craft_review,tiny_render_too_small,4.5x16.95,0.041,6,assets/svg/triad_generated/BCNGEN76.svg
BCNLAT15,craft_review,tiny_render_too_small,4.5x16.95,0.041,4,assets/svg/triad_generated/BCNLAT15.svg
BCNLAT16,craft_review,tiny_render_too_small,4.5x16.95,0.041,4,assets/svg/triad_generated/BCNLAT16.svg
BCNLAT21,craft_review,tiny_render_too_small,3.0x17.4,0.031,4,assets/svg/triad_generated/BCNLAT21.svg
BCNLAT22,craft_review,tiny_render_too_small,3.0x17.4,0.031,4,assets/svg/triad_generated/BCNLAT22.svg
BCNLAT23,craft_review,tiny_render_too_small,4.5x16.95,0.041,5,assets/svg/triad_generated/BCNLAT23.svg
BCNLAT50,craft_review,tiny_render_too_small,3.0x17.4,0.031,4,assets/svg/triad_generated/BCNLAT50.svg
BCNSAW21,craft_review,tiny_render_too_small,4.5x17.4,0.0,2,assets/svg/triad_generated/BCNSAW21.svg
BCNSPP21,craft_review,tiny_render_too_small,4.95x17.4,0.009,2,assets/svg/triad_generated/BCNSPP21.svg
BCNSPR62,craft_review,tiny_render_too_small,4.5x15.0,0.031,2,assets/svg/triad_generated/BCNSPR62.svg
BCNSTK03,craft_review,tiny_render_too_small,3.0x17.4,0.031,4,assets/svg/triad_generated/BCNSTK03.svg
BCNSTK77,craft_review,tiny_render_too_small,3.0x17.4,0.031,7,assets/svg/triad_generated/BCNSTK77.svg
BCNSTK79,craft_review,tiny_render_too_small,3.0x17.4,0.031,6,assets/svg/triad_generated/BCNSTK79.svg
BCNSTK80,craft_review,tiny_render_too_small,3.0x17.4,0.031,6,assets/svg/triad_generated/BCNSTK80.svg
BOYISD12,craft_review,tiny_render_too_small,3.3x7.35,0.009,2,assets/svg/triad_generated/BOYISD12.svg
BOYMOR11,craft_review,tiny_render_too_small,8.4x2.25,0.078,2,assets/svg/triad_generated/BOYMOR11.svg
BOYPIL78,craft_review,too_many_path_commands,10.5x18.75,0.078,30,assets/svg/triad_generated/BOYPIL78.svg
BOYSAW12,craft_review,tiny_render_too_small,4.5x4.5,0.0,2,assets/svg/triad_generated/BOYSAW12.svg
BOYSPP11,craft_review,tiny_render_too_small,4.5x4.5,0.0,2,assets/svg/triad_generated/BOYSPP11.svg
CBLSUB06,craft_review,tiny_render_too_small,14.7x2.25,0.041,1,assets/svg/triad_generated/CBLSUB06.svg
CROSSX02,craft_review,too_many_path_commands,5.85x5.85,0.013,64,assets/svg/triad_generated/CROSSX02.svg
DASH,craft_review,tiny_render_too_small,17.4x0.9,0.0,1,assets/svg/triad_generated/DASH.svg
DISMAR03,craft_review,tiny_render_too_small,6.75x2.7,0.007,1,assets/svg/triad_generated/DISMAR03.svg
DISMAR04,craft_review,tiny_render_too_small,4.65x2.55,0.01,1,assets/svg/triad_generated/DISMAR04.svg
DOTT,craft_review,tiny_render_too_small,16.2x0.9,0.025,1,assets/svg/triad_generated/DOTT.svg
DQUALA11,craft_review,too_many_path_commands,9.9x9.75,0.016,21,assets/svg/triad_generated/DQUALA11.svg
DQUALA21,craft_review,too_many_path_commands,9.9x10.5,0.031,22,assets/svg/triad_generated/DQUALA21.svg
DQUALB01,craft_review,too_many_path_commands,9.9x9.75,0.016,21,assets/svg/triad_generated/DQUALB01.svg
DQUALC01,craft_review,tiny_render_too_small,10.5x4.2,0.006,13,assets/svg/triad_generated/DQUALC01.svg
DQUALD01,craft_review,tiny_render_too_small,10.5x4.2,0.006,9,assets/svg/triad_generated/DQUALD01.svg
DQUALU01,craft_review,tiny_render_too_small,10.5x4.2,0.006,2,assets/svg/triad_generated/DQUALU01.svg
DWLDEF01,craft_review,tiny_render_too_small,16.95x3.45,0.074,5,assets/svg/triad_generated/DWLDEF01.svg
DWRTCL05,craft_review,tiny_render_too_small,16.95x3.45,0.074,6,assets/svg/triad_generated/DWRTCL05.svg
DWRTCL06,craft_review,tiny_render_too_small,16.95x3.45,0.074,6,assets/svg/triad_generated/DWRTCL06.svg
DWRTCL07,craft_review,tiny_render_too_small,16.65x3.45,0.08,4,assets/svg/triad_generated/DWRTCL07.svg
DWRTCL08,craft_review,tiny_render_too_small,16.65x3.45,0.08,4,assets/svg/triad_generated/DWRTCL08.svg
ERBLNA01,craft_review,tiny_render_too_small,15.0x0.9,0.0,1,assets/svg/triad_generated/ERBLNA01.svg
ERBLNB01,craft_review,tiny_render_too_small,14.25x0.9,0.016,1,assets/svg/triad_generated/ERBLNB01.svg
EVENTS02,craft_review,tiny_render_too_small,4.5x4.5,0.0,2,assets/svg/triad_generated/EVENTS02.svg
FERYRT01,craft_review,tiny_render_too_small,14.7x2.25,0.017,3,assets/svg/triad_generated/FERYRT01.svg
FERYRT02,craft_review,tiny_render_too_small,14.7x3.15,0.017,3,assets/svg/triad_generated/FERYRT02.svg
FRYARE51,craft_review,tiny_render_too_small,16.2x3.9,0.101,2,assets/svg/triad_generated/FRYARE51.svg
FSHFAC04,craft_review,tiny_render_too_small,9.45x4.2,0.048,4,assets/svg/triad_generated/FSHFAC04.svg
FSHHAV02,craft_review,tiny_render_too_small,10.95x4.05,0.055,1,assets/svg/triad_generated/FSHHAV02.svg
HECMTR01,craft_review,tiny_render_too_small,3.0x3.0,0.0,1,assets/svg/triad_generated/HECMTR01.svg
HECMTR02,craft_review,tiny_render_too_small,3.9x3.9,0.0,1,assets/svg/triad_generated/HECMTR02.svg
HULKES01,craft_review,tiny_render_too_small,7.2x3.0,0.025,1,assets/svg/triad_generated/HULKES01.svg
LITFLT01,craft_review,off_center_art,17.4x10.5,0.188,4,assets/svg/triad_generated/LITFLT01.svg
LNDARE01,craft_review,tiny_render_too_small,1.8x1.8,0.0,1,assets/svg/triad_generated/LNDARE01.svg
LOCMAG01,craft_review,tiny_render_too_small,3.75x9.9,0.016,2,assets/svg/triad_generated/LOCMAG01.svg
LOCMAG51,craft_review,tiny_render_too_small,3.75x9.9,0.016,2,assets/svg/triad_generated/LOCMAG51.svg
MAGVAR01,craft_review,tiny_render_too_small,3.0x9.15,0.016,2,assets/svg/triad_generated/MAGVAR01.svg
MAGVAR51,craft_review,tiny_render_too_small,3.0x9.15,0.016,2,assets/svg/triad_generated/MAGVAR51.svg
MARSHES1,craft_review,tiny_render_too_small,9.0x4.5,0.031,9,assets/svg/triad_generated/MARSHES1.svg
MARSYS51,craft_review,tiny_render_too_small,12.9x2.85,0.028,3,assets/svg/triad_generated/MARSYS51.svg
NAVARE51,craft_review,tiny_render_too_small,11.4x4.5,0.031,2,assets/svg/triad_generated/NAVARE51.svg
NODATA03,craft_review,tiny_render_too_small,11.4x0.75,0.016,1,assets/svg/triad_generated/NODATA03.svg
OSPONE02,craft_review,tiny_render_too_small,3.9x0.9,0.0,1,assets/svg/triad_generated/OSPONE02.svg
OSPSIX02,craft_review,tiny_render_too_small,5.4x0.9,0.0,1,assets/svg/triad_generated/OSPSIX02.svg
OVERSC01,craft_review,tiny_render_too_small,0.9x10.5,0.0,1,assets/svg/triad_generated/OVERSC01.svg
PIPARE51,craft_review,tiny_render_too_small,13.65x1.65,0.022,1,assets/svg/triad_generated/PIPARE51.svg
PIPARE61,craft_review,tiny_render_too_small,13.65x1.65,0.022,1,assets/svg/triad_generated/PIPARE61.svg
PIPSOL06,craft_review,tiny_render_too_small,13.95x4.65,0.018,3,assets/svg/triad_generated/PIPSOL06.svg
PLNPOS02,craft_review,tiny_render_too_small,6.0x0.9,0.0,1,assets/svg/triad_generated/PLNPOS02.svg
PRTSUR01,craft_review,tiny_render_too_small,11.4x0.75,0.016,1,assets/svg/triad_generated/PRTSUR01.svg
RCRDEF01,craft_review,tiny_render_too_small,15.3x3.15,0.083,5,assets/svg/triad_generated/RCRDEF01.svg
RCRTCL11,craft_review,tiny_render_too_small,15.3x3.15,0.083,6,assets/svg/triad_generated/RCRTCL11.svg
RCRTCL12,craft_review,tiny_render_too_small,15.3x3.15,0.083,4,assets/svg/triad_generated/RCRTCL12.svg
RCRTCL13,craft_review,tiny_render_too_small,15.3x3.15,0.083,6,assets/svg/triad_generated/RCRTCL13.svg
RCRTCL14,craft_review,tiny_render_too_small,15.3x3.15,0.083,4,assets/svg/triad_generated/RCRTCL14.svg
RECDEF02,craft_review,tiny_render_too_small,12.15x3.15,0.022,4,assets/svg/triad_generated/RECDEF02.svg
RECTRC09,craft_review,tiny_render_too_small,12.15x3.15,0.022,5,assets/svg/triad_generated/RECTRC09.svg
RECTRC10,craft_review,tiny_render_too_small,12.15x3.15,0.022,5,assets/svg/triad_generated/RECTRC10.svg
RECTRC11,craft_review,tiny_render_too_small,12.15x3.15,0.022,3,assets/svg/triad_generated/RECTRC11.svg
RECTRC12,craft_review,tiny_render_too_small,12.15x3.15,0.022,3,assets/svg/triad_generated/RECTRC12.svg
SCALEB10,craft_review,tiny_render_too_small,0.9x15.9,0.031,6,assets/svg/triad_generated/SCALEB10.svg
SCALEB11,craft_review,tiny_render_too_small,0.9x15.9,0.031,6,assets/svg/triad_generated/SCALEB11.svg
SCLBDY51,craft_review,tiny_render_too_small,12.15x3.9,0.016,2,assets/svg/triad_generated/SCLBDY51.svg
SILBUI01,craft_review,tiny_render_too_small,4.5x4.5,0.0,1,assets/svg/triad_generated/SILBUI01.svg
SILBUI11,craft_review,tiny_render_too_small,4.5x4.5,0.0,1,assets/svg/triad_generated/SILBUI11.svg
SNDWAV01,craft_review,tiny_render_too_small,12.3x1.65,0.024,1,assets/svg/triad_generated/SNDWAV01.svg
SNDWAV02,craft_review,tiny_render_too_small,18.75x4.95,0.027,1,assets/svg/triad_generated/SNDWAV02.svg
SOLD,craft_review,tiny_render_too_small,17.4x0.9,0.0,1,assets/svg/triad_generated/SOLD.svg
TIDINF51,craft_review,tiny_render_too_small,12.9x2.7,0.025,4,assets/svg/triad_generated/TIDINF51.svg
TOPMA114,craft_review,tiny_render_too_small,4.5x6.9,0.0,1,assets/svg/triad_generated/TOPMA114.svg
TOPMAR91,craft_review,tiny_render_too_small,4.5x6.0,0.0,1,assets/svg/triad_generated/TOPMAR91.svg
TOPMAR92,craft_review,tiny_render_too_small,4.5x6.0,0.0,1,assets/svg/triad_generated/TOPMAR92.svg
TOWERS56,craft_review,too_many_path_commands,15.0x18.3,0.05,21,assets/svg/triad_generated/TOWERS56.svg
TOWERS98,craft_review,too_many_path_commands,15.0x18.3,0.05,21,assets/svg/triad_generated/TOWERS98.svg
TOWERS99,craft_review,too_many_path_commands,15.0x18.3,0.05,21,assets/svg/triad_generated/TOWERS99.svg
TREPNT05,craft_review,tiny_render_too_small,7.5x3.9,0.044,3,assets/svg/triad_generated/TREPNT05.svg
UNITFTH1,craft_review,tiny_render_too_small,4.8x7.05,0.094,1,assets/svg/triad_generated/UNITFTH1.svg
VECWTR01,craft_review,tiny_render_too_small,7.5x4.95,0.022,1,assets/svg/triad_generated/VECWTR01.svg
VECWTR21,craft_review,tiny_render_too_small,7.5x4.95,0.022,1,assets/svg/triad_generated/VECWTR21.svg
VTCLMK01,craft_review,tiny_render_too_small,3.0x9.0,0.0,3,assets/svg/triad_generated/VTCLMK01.svg
WATTUR02,craft_review,tiny_render_too_small,15.9x2.55,0.056,1,assets/svg/triad_generated/WATTUR02.svg
WTLVGG02,craft_review,tiny_render_too_small,3.45x9.9,0.009,2,assets/svg/triad_generated/WTLVGG02.svg
