asset,name,candidate_status,human_rejected,expected_shape_id,expected_shape_name,basis,confidence,s101_witness_ids,s101_witness_files,candidate_svg,standard_svg,llm_instruction
TOPMA100,"topmark, beacon, red cone, point down",judge_pass_pending_final_approval,False,TOPSHP25,"triangle, point down",s57_structure_conditions_TOPSHP,0.99,"TOPMAR24,TOPMAR04","PortrayalCatalog/Symbols/TOPMAR24.svg,PortrayalCatalog/Symbols/TOPMAR04.svg",assets/svg/triad_generated/TOPMA100.svg,out/topmark_standards_pass/standard_svg/TOPSHP25.svg,"Render TOPMA100 as a Helm-owned topmark/daymark SVG. Match the official TOPSHP25 shape exactly for silhouette, count, and orientation: triangle, point down. Use row colours/bands from metadata when present, but do not substitute a different topmark family. Compare against the standard shape witness first; row name is secondary. Basis: s57_structure_conditions_TOPSHP. Name: topmark, beacon, red cone, point down."
TOPMA102,"topmark, beacon, green cone, point up",judge_pass_pending_final_approval,False,TOPSHP24,"triangle, point up",s57_structure_conditions_TOPSHP,0.99,"TOPMAR22,TOPMAR02","PortrayalCatalog/Symbols/TOPMAR22.svg,PortrayalCatalog/Symbols/TOPMAR02.svg",assets/svg/triad_generated/TOPMA102.svg,out/topmark_standards_pass/standard_svg/TOPSHP24.svg,"Render TOPMA102 as a Helm-owned topmark/daymark SVG. Match the official TOPSHP24 shape exactly for silhouette, count, and orientation: triangle, point up. Use row colours/bands from metadata when present, but do not substitute a different topmark family. Compare against the standard shape witness first; row name is secondary. Basis: s57_structure_conditions_TOPSHP. Name: topmark, beacon, green cone, point up."
TOPMA106,"beacon top mark, white-red square board, vertical",judge_pass_pending_final_approval,False,TOPSHP06,board,s57_structure_conditions_TOPSHP,0.99,"TOPMAR34,TOPMAR14","PortrayalCatalog/Symbols/TOPMAR34.svg,PortrayalCatalog/Symbols/TOPMAR14.svg",assets/svg/triad_generated/TOPMA106.svg,out/topmark_standards_pass/standard_svg/TOPSHP06.svg,"Render TOPMA106 as a Helm-owned topmark/daymark SVG. Match the official TOPSHP06 shape exactly for silhouette, count, and orientation: board. Use row colours/bands from metadata when present, but do not substitute a different topmark family. Compare against the standard shape witness first; row name is secondary. Basis: s57_structure_conditions_TOPSHP. Name: beacon top mark, white-red square board, vertical."
TOPMA107,"beacon top mark, red boarded square board, vertical",judge_pass_pending_final_approval,False,TOPSHP19,square,s57_structure_conditions_TOPSHP,0.99,"TOPMAR33,TOPMAR13","PortrayalCatalog/Symbols/TOPMAR33.svg,PortrayalCatalog/Symbols/TOPMAR13.svg",assets/svg/triad_generated/TOPMA107.svg,out/topmark_standards_pass/standard_svg/TOPSHP19.svg,"Render TOPMA107 as a Helm-owned topmark/daymark SVG. Match the official TOPSHP19 shape exactly for silhouette, count, and orientation: square. Use row colours/bands from metadata when present, but do not substitute a different topmark family. Compare against the standard shape witness first; row name is secondary. Basis: s57_structure_conditions_TOPSHP. Name: beacon top mark, red boarded square board, vertical."
TOPMA109,"beacon top mark, green boarded square board, diagonal",judge_pass_pending_final_approval,False,TOPSHP12,rhombus,s57_structure_conditions_TOPSHP,0.99,TOPMAR14,PortrayalCatalog/Symbols/TOPMAR14.svg,assets/svg/triad_generated/TOPMA109.svg,out/topmark_standards_pass/standard_svg/TOPSHP12.svg,"Render TOPMA109 as a Helm-owned topmark/daymark SVG. Match the official TOPSHP12 shape exactly for silhouette, count, and orientation: rhombus. Use row colours/bands from metadata when present, but do not substitute a different topmark family. Compare against the standard shape witness first; row name is secondary. Basis: s57_structure_conditions_TOPSHP. Name: beacon top mark, green boarded square board, diagonal."
TOPMA111,"beacon top mark, yellow St.Georg cross",judge_pass_pending_final_approval,False,TOPSHP08,upright cross,s57_structure_conditions_TOPSHP,0.99,"TOPMAR86,TOPMAR17","PortrayalCatalog/Symbols/TOPMAR86.svg,PortrayalCatalog/Symbols/TOPMAR17.svg",assets/svg/triad_generated/TOPMA111.svg,out/topmark_standards_pass/standard_svg/TOPSHP08.svg,"Render TOPMA111 as a Helm-owned topmark/daymark SVG. Match the official TOPSHP08 shape exactly for silhouette, count, and orientation: upright cross. Use row colours/bands from metadata when present, but do not substitute a different topmark family. Compare against the standard shape witness first; row name is secondary. Basis: s57_structure_conditions_TOPSHP. Name: beacon top mark, yellow St.Georg cross."
TOPMA113,"beacon top mark, yellow Andreas cross",judge_pass_pending_final_approval,False,TOPSHP07,X-shaped,s57_structure_conditions_TOPSHP,0.99,"TOPMAR85,TOPMAR65","PortrayalCatalog/Symbols/TOPMAR85.svg,PortrayalCatalog/Symbols/TOPMAR65.svg",assets/svg/triad_generated/TOPMA113.svg,out/topmark_standards_pass/standard_svg/TOPSHP07.svg,"Render TOPMA113 as a Helm-owned topmark/daymark SVG. Match the official TOPSHP07 shape exactly for silhouette, count, and orientation: X-shaped. Use row colours/bands from metadata when present, but do not substitute a different topmark family. Compare against the standard shape witness first; row name is secondary. Basis: s57_structure_conditions_TOPSHP. Name: beacon top mark, yellow Andreas cross."
TOPMA114,TOPMA114,judge_pass_pending_final_approval,False,TOPSHP05,cylinder,s57_structure_conditions_TOPSHP,0.99,"TOPMAR33,TOPMAR13","PortrayalCatalog/Symbols/TOPMAR33.svg,PortrayalCatalog/Symbols/TOPMAR13.svg",assets/svg/triad_generated/TOPMA114.svg,out/topmark_standards_pass/standard_svg/TOPSHP05.svg,"Render TOPMA114 as a Helm-owned topmark/daymark SVG. Match the official TOPSHP05 shape exactly for silhouette, count, and orientation: cylinder. Use row colours/bands from metadata when present, but do not substitute a different topmark family. Compare against the standard shape witness first; row name is secondary. Basis: s57_structure_conditions_TOPSHP. Name: TOPMA114."
TOPMA115,TOPMA115,judge_pass_pending_final_approval,False,TOPSHP01,"cone, point up",s57_structure_conditions_TOPSHP,0.99,"TOPMAR22,TOPMAR02","PortrayalCatalog/Symbols/TOPMAR22.svg,PortrayalCatalog/Symbols/TOPMAR02.svg",assets/svg/triad_generated/TOPMA115.svg,out/topmark_standards_pass/standard_svg/TOPSHP01.svg,"Render TOPMA115 as a Helm-owned topmark/daymark SVG. Match the official TOPSHP01 shape exactly for silhouette, count, and orientation: cone, point up. Use row colours/bands from metadata when present, but do not substitute a different topmark family. Compare against the standard shape witness first; row name is secondary. Basis: s57_structure_conditions_TOPSHP. Name: TOPMA115."
TOPMA116,"topmark, buoy, red-white-red board, entry prohibited",judge_pass_pending_final_approval,False,TOPSHP06,board,s57_structure_conditions_TOPSHP,0.99,"TOPMAR14,TOPMAR34","PortrayalCatalog/Symbols/TOPMAR14.svg,PortrayalCatalog/Symbols/TOPMAR34.svg",assets/svg/triad_generated/TOPMA116.svg,out/topmark_standards_pass/standard_svg/TOPSHP06.svg,"Render TOPMA116 as a Helm-owned topmark/daymark SVG. Match the official TOPSHP06 shape exactly for silhouette, count, and orientation: board. Use row colours/bands from metadata when present, but do not substitute a different topmark family. Compare against the standard shape witness first; row name is secondary. Basis: s57_structure_conditions_TOPSHP. Name: topmark, buoy, red-white-red board, entry prohibited."
TOPMA117,"topmark, buoy, red-grean shere",judge_pass_pending_final_approval,False,TOPSHP26,circle,s57_structure_conditions_TOPSHP,0.99,"TOPMAR10,TOPMAR30","PortrayalCatalog/Symbols/TOPMAR10.svg,PortrayalCatalog/Symbols/TOPMAR30.svg",assets/svg/triad_generated/TOPMA117.svg,out/topmark_standards_pass/standard_svg/TOPSHP26.svg,"Render TOPMA117 as a Helm-owned topmark/daymark SVG. Match the official TOPSHP26 shape exactly for silhouette, count, and orientation: circle. Use row colours/bands from metadata when present, but do not substitute a different topmark family. Compare against the standard shape witness first; row name is secondary. Basis: s57_structure_conditions_TOPSHP. Name: topmark, buoy, red-grean shere."
TOPMAR01,TOPMAR01,judge_pass_pending_final_approval,False,TOPSHP03,sphere,s57_structure_conditions_TOPSHP,0.99,"TOPMAR30,TOPMAR10","PortrayalCatalog/Symbols/TOPMAR30.svg,PortrayalCatalog/Symbols/TOPMAR10.svg",assets/svg/triad_generated/TOPMAR01.svg,out/topmark_standards_pass/standard_svg/TOPSHP03.svg,"Render TOPMAR01 as a Helm-owned topmark/daymark SVG. Match the official TOPSHP03 shape exactly for silhouette, count, and orientation: sphere. Use row colours/bands from metadata when present, but do not substitute a different topmark family. Compare against the standard shape witness first; row name is secondary. Basis: s57_structure_conditions_TOPSHP. Name: TOPMAR01."
TOPMAR87,"topmark for beacons, besom point down, paper-chart",judge_pass_pending_final_approval,True,TOPSHP15,"besom, point up",s57_structure_conditions_TOPSHP,0.99,"TOPMAR88,TMARDEF2,TOPMAR87","PortrayalCatalog/Symbols/TOPMAR88.svg,PortrayalCatalog/Symbols/TMARDEF2.svg,PortrayalCatalog/Symbols/TOPMAR87.svg",assets/svg/triad_generated/TOPMAR87.svg,out/topmark_standards_pass/standard_svg/TOPSHP15.svg,"Render TOPMAR87 as a Helm-owned topmark/daymark SVG. Match the official TOPSHP15 shape exactly for silhouette, count, and orientation: besom, point up. Use row colours/bands from metadata when present, but do not substitute a different topmark family. Compare against the standard shape witness first; row name is secondary. Basis: s57_structure_conditions_TOPSHP. Name: topmark for beacons, besom point down, paper-chart."
TOPMAR88,"topmark for beacons, besom point up, paper-chart",judge_pass_pending_final_approval,True,TOPSHP16,"besom, point down",s57_structure_conditions_TOPSHP,0.99,"TOPMAR87,TMARDEF2,TOPMAR88","PortrayalCatalog/Symbols/TOPMAR87.svg,PortrayalCatalog/Symbols/TMARDEF2.svg,PortrayalCatalog/Symbols/TOPMAR88.svg",assets/svg/triad_generated/TOPMAR88.svg,out/topmark_standards_pass/standard_svg/TOPSHP16.svg,"Render TOPMAR88 as a Helm-owned topmark/daymark SVG. Match the official TOPSHP16 shape exactly for silhouette, count, and orientation: besom, point down. Use row colours/bands from metadata when present, but do not substitute a different topmark family. Compare against the standard shape witness first; row name is secondary. Basis: s57_structure_conditions_TOPSHP. Name: topmark for beacons, besom point up, paper-chart."
TOPMAR90,"topmark for beacons, Pricken point down, paper-chart",judge_pass_pending_final_approval,False,TOPSHP16,"besom, point down",s57_structure_conditions_TOPSHP,0.99,"TOPMAR87,TMARDEF2","PortrayalCatalog/Symbols/TOPMAR87.svg,PortrayalCatalog/Symbols/TMARDEF2.svg",assets/svg/triad_generated/TOPMAR90.svg,out/topmark_standards_pass/standard_svg/TOPSHP16.svg,"Render TOPMAR90 as a Helm-owned topmark/daymark SVG. Match the official TOPSHP16 shape exactly for silhouette, count, and orientation: besom, point down. Use row colours/bands from metadata when present, but do not substitute a different topmark family. Compare against the standard shape witness first; row name is secondary. Basis: s57_structure_conditions_TOPSHP. Name: topmark for beacons, Pricken point down, paper-chart."
TOPMAR91,TOPMAR91,judge_pass_pending_final_approval,True,,,topmar_symbol_not_present_in_s101_topmar02_map,0.0,,,assets/svg/triad_generated/TOPMAR91.svg,,"Do not invent final artwork for TOPMAR91. First resolve the exact official topmark shape from S-57/S-101/Chart No.1 evidence, because this row is ambiguous. Basis: topmar_symbol_not_present_in_s101_topmar02_map. Name: TOPMAR91."
TOPMAR92,TOPMAR92,judge_pass_pending_final_approval,True,,,topmar_symbol_not_present_in_s101_topmar02_map,0.0,,,assets/svg/triad_generated/TOPMAR92.svg,,"Do not invent final artwork for TOPMAR92. First resolve the exact official topmark shape from S-57/S-101/Chart No.1 evidence, because this row is ambiguous. Basis: topmar_symbol_not_present_in_s101_topmar02_map. Name: TOPMAR92."
TOPMAR93,"topmark for beacons, Pricken point up, paper-chart",judge_pass_pending_final_approval,False,TOPSHP15,"besom, point up",s57_structure_conditions_TOPSHP,0.99,"TOPMAR88,TMARDEF2","PortrayalCatalog/Symbols/TOPMAR88.svg,PortrayalCatalog/Symbols/TMARDEF2.svg",assets/svg/triad_generated/TOPMAR93.svg,out/topmark_standards_pass/standard_svg/TOPSHP15.svg,"Render TOPMAR93 as a Helm-owned topmark/daymark SVG. Match the official TOPSHP15 shape exactly for silhouette, count, and orientation: besom, point up. Use row colours/bands from metadata when present, but do not substitute a different topmark family. Compare against the standard shape witness first; row name is secondary. Basis: s57_structure_conditions_TOPSHP. Name: topmark for beacons, Pricken point up, paper-chart."
TOPMAR98,"beacon top mark, white-green square board, diagonal",judge_pass_pending_final_approval,False,TOPSHP12,rhombus,s57_structure_conditions_TOPSHP,0.99,TOPMAR14,PortrayalCatalog/Symbols/TOPMAR14.svg,assets/svg/triad_generated/TOPMAR98.svg,out/topmark_standards_pass/standard_svg/TOPSHP12.svg,"Render TOPMAR98 as a Helm-owned topmark/daymark SVG. Match the official TOPSHP12 shape exactly for silhouette, count, and orientation: rhombus. Use row colours/bands from metadata when present, but do not substitute a different topmark family. Compare against the standard shape witness first; row name is secondary. Basis: s57_structure_conditions_TOPSHP. Name: beacon top mark, white-green square board, diagonal."
TOPMAR99,"topmark, beacon, Diamond,yellow",judge_pass_pending_final_approval,False,TOPSHP12,rhombus,s57_structure_conditions_TOPSHP,0.99,TOPMAR14,PortrayalCatalog/Symbols/TOPMAR14.svg,assets/svg/triad_generated/TOPMAR99.svg,out/topmark_standards_pass/standard_svg/TOPSHP12.svg,"Render TOPMAR99 as a Helm-owned topmark/daymark SVG. Match the official TOPSHP12 shape exactly for silhouette, count, and orientation: rhombus. Use row colours/bands from metadata when present, but do not substitute a different topmark family. Compare against the standard shape witness first; row name is secondary. Basis: s57_structure_conditions_TOPSHP. Name: topmark, beacon, Diamond,yellow."
TOPMARI1,TOPMARI1,portrayal_rule_registry,False,,,legacy_topma_row_requires_manual_mapping,0.0,,,assets/svg/triad_generated/TOPMARI1.svg,,"Do not invent final artwork for TOPMARI1. First resolve the exact official topmark shape from S-57/S-101/Chart No.1 evidence, because this row is ambiguous. Basis: legacy_topma_row_requires_manual_mapping. Name: TOPMARI1."
TOPSHP00,"beacon top mark, red boarded square board, vertical",judge_pass_pending_final_approval,False,TOPSHP33,other,s57_structure_conditions_TOPSHP,0.99,"TMARDEF1,TMARDEF2","PortrayalCatalog/Symbols/TMARDEF1.svg,PortrayalCatalog/Symbols/TMARDEF2.svg",assets/svg/triad_generated/TOPSHP00.svg,out/topmark_standards_pass/standard_svg/TOPSHP33.svg,"Render TOPSHP00 as a Helm-owned topmark/daymark SVG. Match the official TOPSHP33 shape exactly for silhouette, count, and orientation: other. Use row colours/bands from metadata when present, but do not substitute a different topmark family. Compare against the standard shape witness first; row name is secondary. Basis: s57_structure_conditions_TOPSHP. Name: beacon top mark, red boarded square board, vertical."
TOPSHP01,"beacon top mark, red boarded square board, vertical",judge_pass_pending_final_approval,False,TOPSHP23,"trapezium, down",s57_structure_conditions_TOPSHP,0.99,"TOPMAR34,TOPMAR14","PortrayalCatalog/Symbols/TOPMAR34.svg,PortrayalCatalog/Symbols/TOPMAR14.svg",assets/svg/triad_generated/TOPSHP01.svg,out/topmark_standards_pass/standard_svg/TOPSHP23.svg,"Render TOPSHP01 as a Helm-owned topmark/daymark SVG. Match the official TOPSHP23 shape exactly for silhouette, count, and orientation: trapezium, down. Use row colours/bands from metadata when present, but do not substitute a different topmark family. Compare against the standard shape witness first; row name is secondary. Basis: s57_structure_conditions_TOPSHP. Name: beacon top mark, red boarded square board, vertical."
TOPSHP02,"beacon top mark, red boarded square board, vertical",judge_pass_pending_final_approval,False,TOPSHP23,"trapezium, down",s57_structure_conditions_TOPSHP,0.99,"TOPMAR34,TOPMAR14","PortrayalCatalog/Symbols/TOPMAR34.svg,PortrayalCatalog/Symbols/TOPMAR14.svg",assets/svg/triad_generated/TOPSHP02.svg,out/topmark_standards_pass/standard_svg/TOPSHP23.svg,"Render TOPSHP02 as a Helm-owned topmark/daymark SVG. Match the official TOPSHP23 shape exactly for silhouette, count, and orientation: trapezium, down. Use row colours/bands from metadata when present, but do not substitute a different topmark family. Compare against the standard shape witness first; row name is secondary. Basis: s57_structure_conditions_TOPSHP. Name: beacon top mark, red boarded square board, vertical."
TOPSHP03,"beacon top mark, red boarded square board, vertical",judge_pass_pending_final_approval,False,TOPSHP22,"trapezium, up",s57_structure_conditions_TOPSHP,0.99,"TOPMAR34,TOPMAR14","PortrayalCatalog/Symbols/TOPMAR34.svg,PortrayalCatalog/Symbols/TOPMAR14.svg",assets/svg/triad_generated/TOPSHP03.svg,out/topmark_standards_pass/standard_svg/TOPSHP22.svg,"Render TOPSHP03 as a Helm-owned topmark/daymark SVG. Match the official TOPSHP22 shape exactly for silhouette, count, and orientation: trapezium, up. Use row colours/bands from metadata when present, but do not substitute a different topmark family. Compare against the standard shape witness first; row name is secondary. Basis: s57_structure_conditions_TOPSHP. Name: beacon top mark, red boarded square board, vertical."
TOPSHP04,"beacon top mark, red boarded square board, vertical",judge_pass_pending_final_approval,False,TOPSHP22,"trapezium, up",s57_structure_conditions_TOPSHP,0.99,"TOPMAR34,TOPMAR14","PortrayalCatalog/Symbols/TOPMAR34.svg,PortrayalCatalog/Symbols/TOPMAR14.svg",assets/svg/triad_generated/TOPSHP04.svg,out/topmark_standards_pass/standard_svg/TOPSHP22.svg,"Render TOPSHP04 as a Helm-owned topmark/daymark SVG. Match the official TOPSHP22 shape exactly for silhouette, count, and orientation: trapezium, up. Use row colours/bands from metadata when present, but do not substitute a different topmark family. Compare against the standard shape witness first; row name is secondary. Basis: s57_structure_conditions_TOPSHP. Name: beacon top mark, red boarded square board, vertical."
TOPSHP05,"beacon top mark, red boarded square board, vertical",judge_pass_pending_final_approval,False,TOPSHP25,"triangle, point down",s57_structure_conditions_TOPSHP,0.99,"TOPMAR24,TOPMAR04","PortrayalCatalog/Symbols/TOPMAR24.svg,PortrayalCatalog/Symbols/TOPMAR04.svg",assets/svg/triad_generated/TOPSHP05.svg,out/topmark_standards_pass/standard_svg/TOPSHP25.svg,"Render TOPSHP05 as a Helm-owned topmark/daymark SVG. Match the official TOPSHP25 shape exactly for silhouette, count, and orientation: triangle, point down. Use row colours/bands from metadata when present, but do not substitute a different topmark family. Compare against the standard shape witness first; row name is secondary. Basis: s57_structure_conditions_TOPSHP. Name: beacon top mark, red boarded square board, vertical."
TOPSHP07,"beacon top mark, red boarded square board, vertical",judge_pass_pending_final_approval,False,TOPSHP23,"trapezium, down",s57_structure_conditions_TOPSHP,0.99,"TOPMAR34,TOPMAR14","PortrayalCatalog/Symbols/TOPMAR34.svg,PortrayalCatalog/Symbols/TOPMAR14.svg",assets/svg/triad_generated/TOPSHP07.svg,out/topmark_standards_pass/standard_svg/TOPSHP23.svg,"Render TOPSHP07 as a Helm-owned topmark/daymark SVG. Match the official TOPSHP23 shape exactly for silhouette, count, and orientation: trapezium, down. Use row colours/bands from metadata when present, but do not substitute a different topmark family. Compare against the standard shape witness first; row name is secondary. Basis: s57_structure_conditions_TOPSHP. Name: beacon top mark, red boarded square board, vertical."
TOPSHP08,"beacon top mark, red boarded square board, vertical",judge_pass_pending_final_approval,False,TOPSHP24,"triangle, point up",s57_structure_conditions_TOPSHP,0.99,"TOPMAR22,TOPMAR02","PortrayalCatalog/Symbols/TOPMAR22.svg,PortrayalCatalog/Symbols/TOPMAR02.svg",assets/svg/triad_generated/TOPSHP08.svg,out/topmark_standards_pass/standard_svg/TOPSHP24.svg,"Render TOPSHP08 as a Helm-owned topmark/daymark SVG. Match the official TOPSHP24 shape exactly for silhouette, count, and orientation: triangle, point up. Use row colours/bands from metadata when present, but do not substitute a different topmark family. Compare against the standard shape witness first; row name is secondary. Basis: s57_structure_conditions_TOPSHP. Name: beacon top mark, red boarded square board, vertical."
TOPSHP09;TE('%s',TOPSHP09;TE('%s',judge_pass_pending_final_approval,False,TOPSHP24,"triangle, point up",s57_structure_conditions_TOPSHP,0.99,"TOPMAR22,TOPMAR02","PortrayalCatalog/Symbols/TOPMAR22.svg,PortrayalCatalog/Symbols/TOPMAR02.svg",assets/svg/triad_generated/TOPSHP09_TE_s.svg,out/topmark_standards_pass/standard_svg/TOPSHP24.svg,"Render TOPSHP09;TE('%s' as a Helm-owned topmark/daymark SVG. Match the official TOPSHP24 shape exactly for silhouette, count, and orientation: triangle, point up. Use row colours/bands from metadata when present, but do not substitute a different topmark family. Compare against the standard shape witness first; row name is secondary. Basis: s57_structure_conditions_TOPSHP. Name: TOPSHP09;TE('%s'."
TOPSHP10,"beacon top mark, red boarded square board, vertical",judge_pass_pending_final_approval,False,TOPSHP24,"triangle, point up",s57_structure_conditions_TOPSHP,0.99,"TOPMAR22,TOPMAR02","PortrayalCatalog/Symbols/TOPMAR22.svg,PortrayalCatalog/Symbols/TOPMAR02.svg",assets/svg/triad_generated/TOPSHP10.svg,out/topmark_standards_pass/standard_svg/TOPSHP24.svg,"Render TOPSHP10 as a Helm-owned topmark/daymark SVG. Match the official TOPSHP24 shape exactly for silhouette, count, and orientation: triangle, point up. Use row colours/bands from metadata when present, but do not substitute a different topmark family. Compare against the standard shape witness first; row name is secondary. Basis: s57_structure_conditions_TOPSHP. Name: beacon top mark, red boarded square board, vertical."
TOPSHP11,"beacon top mark, red boarded square board, vertical",judge_pass_pending_final_approval,False,TOPSHP24,"triangle, point up",s57_structure_conditions_TOPSHP,0.99,"TOPMAR22,TOPMAR02","PortrayalCatalog/Symbols/TOPMAR22.svg,PortrayalCatalog/Symbols/TOPMAR02.svg",assets/svg/triad_generated/TOPSHP11.svg,out/topmark_standards_pass/standard_svg/TOPSHP24.svg,"Render TOPSHP11 as a Helm-owned topmark/daymark SVG. Match the official TOPSHP24 shape exactly for silhouette, count, and orientation: triangle, point up. Use row colours/bands from metadata when present, but do not substitute a different topmark family. Compare against the standard shape witness first; row name is secondary. Basis: s57_structure_conditions_TOPSHP. Name: beacon top mark, red boarded square board, vertical."
TOPSHP12,"beacon top mark, red boarded square board, vertical",judge_pass_pending_final_approval,False,TOPSHP24,"triangle, point up",s57_structure_conditions_TOPSHP,0.99,"TOPMAR22,TOPMAR02","PortrayalCatalog/Symbols/TOPMAR22.svg,PortrayalCatalog/Symbols/TOPMAR02.svg",assets/svg/triad_generated/TOPSHP12.svg,out/topmark_standards_pass/standard_svg/TOPSHP24.svg,"Render TOPSHP12 as a Helm-owned topmark/daymark SVG. Match the official TOPSHP24 shape exactly for silhouette, count, and orientation: triangle, point up. Use row colours/bands from metadata when present, but do not substitute a different topmark family. Compare against the standard shape witness first; row name is secondary. Basis: s57_structure_conditions_TOPSHP. Name: beacon top mark, red boarded square board, vertical."
TOPSHP13,TOPSHP13,judge_pass_pending_final_approval,False,TOPSHP24,"triangle, point up",s57_structure_conditions_TOPSHP,0.99,"TOPMAR22,TOPMAR02","PortrayalCatalog/Symbols/TOPMAR22.svg,PortrayalCatalog/Symbols/TOPMAR02.svg",assets/svg/triad_generated/TOPSHP13.svg,out/topmark_standards_pass/standard_svg/TOPSHP24.svg,"Render TOPSHP13 as a Helm-owned topmark/daymark SVG. Match the official TOPSHP24 shape exactly for silhouette, count, and orientation: triangle, point up. Use row colours/bands from metadata when present, but do not substitute a different topmark family. Compare against the standard shape witness first; row name is secondary. Basis: s57_structure_conditions_TOPSHP. Name: TOPSHP13."
TOPSHP15;TE('%s',TOPSHP15;TE('%s',judge_pass_pending_final_approval,False,TOPSHP24,"triangle, point up",s57_structure_conditions_TOPSHP,0.99,"TOPMAR22,TOPMAR02","PortrayalCatalog/Symbols/TOPMAR22.svg,PortrayalCatalog/Symbols/TOPMAR02.svg",assets/svg/triad_generated/TOPSHP15_TE_s.svg,out/topmark_standards_pass/standard_svg/TOPSHP24.svg,"Render TOPSHP15;TE('%s' as a Helm-owned topmark/daymark SVG. Match the official TOPSHP24 shape exactly for silhouette, count, and orientation: triangle, point up. Use row colours/bands from metadata when present, but do not substitute a different topmark family. Compare against the standard shape witness first; row name is secondary. Basis: s57_structure_conditions_TOPSHP. Name: TOPSHP15;TE('%s'."
TOPSHP16,"beacon top mark, red boarded square board, vertical",judge_pass_pending_final_approval,False,TOPSHP24,"triangle, point up",s57_structure_conditions_TOPSHP,0.99,"TOPMAR22,TOPMAR02","PortrayalCatalog/Symbols/TOPMAR22.svg,PortrayalCatalog/Symbols/TOPMAR02.svg",assets/svg/triad_generated/TOPSHP16.svg,out/topmark_standards_pass/standard_svg/TOPSHP24.svg,"Render TOPSHP16 as a Helm-owned topmark/daymark SVG. Match the official TOPSHP24 shape exactly for silhouette, count, and orientation: triangle, point up. Use row colours/bands from metadata when present, but do not substitute a different topmark family. Compare against the standard shape witness first; row name is secondary. Basis: s57_structure_conditions_TOPSHP. Name: beacon top mark, red boarded square board, vertical."
TOPSHP17,"beacon top mark, red boarded square board, vertical",judge_pass_pending_final_approval,False,TOPSHP24,"triangle, point up",s57_structure_conditions_TOPSHP,0.99,"TOPMAR22,TOPMAR02","PortrayalCatalog/Symbols/TOPMAR22.svg,PortrayalCatalog/Symbols/TOPMAR02.svg",assets/svg/triad_generated/TOPSHP17.svg,out/topmark_standards_pass/standard_svg/TOPSHP24.svg,"Render TOPSHP17 as a Helm-owned topmark/daymark SVG. Match the official TOPSHP24 shape exactly for silhouette, count, and orientation: triangle, point up. Use row colours/bands from metadata when present, but do not substitute a different topmark family. Compare against the standard shape witness first; row name is secondary. Basis: s57_structure_conditions_TOPSHP. Name: beacon top mark, red boarded square board, vertical."
TOPSHP18,"beacon top mark, red boarded square board, vertical",judge_pass_pending_final_approval,False,TOPSHP24,"triangle, point up",s57_structure_conditions_TOPSHP,0.99,"TOPMAR22,TOPMAR02","PortrayalCatalog/Symbols/TOPMAR22.svg,PortrayalCatalog/Symbols/TOPMAR02.svg",assets/svg/triad_generated/TOPSHP18.svg,out/topmark_standards_pass/standard_svg/TOPSHP24.svg,"Render TOPSHP18 as a Helm-owned topmark/daymark SVG. Match the official TOPSHP24 shape exactly for silhouette, count, and orientation: triangle, point up. Use row colours/bands from metadata when present, but do not substitute a different topmark family. Compare against the standard shape witness first; row name is secondary. Basis: s57_structure_conditions_TOPSHP. Name: beacon top mark, red boarded square board, vertical."
TOPSHP19,"beacon top mark, red boarded square board, vertical",judge_pass_pending_final_approval,False,TOPSHP24,"triangle, point up",s57_structure_conditions_TOPSHP,0.99,"TOPMAR22,TOPMAR02","PortrayalCatalog/Symbols/TOPMAR22.svg,PortrayalCatalog/Symbols/TOPMAR02.svg",assets/svg/triad_generated/TOPSHP19.svg,out/topmark_standards_pass/standard_svg/TOPSHP24.svg,"Render TOPSHP19 as a Helm-owned topmark/daymark SVG. Match the official TOPSHP24 shape exactly for silhouette, count, and orientation: triangle, point up. Use row colours/bands from metadata when present, but do not substitute a different topmark family. Compare against the standard shape witness first; row name is secondary. Basis: s57_structure_conditions_TOPSHP. Name: beacon top mark, red boarded square board, vertical."
TOPSHP20,"beacon top mark, red boarded square board, vertical",judge_pass_pending_final_approval,False,TOPSHP24,"triangle, point up",s57_structure_conditions_TOPSHP,0.99,"TOPMAR22,TOPMAR02","PortrayalCatalog/Symbols/TOPMAR22.svg,PortrayalCatalog/Symbols/TOPMAR02.svg",assets/svg/triad_generated/TOPSHP20.svg,out/topmark_standards_pass/standard_svg/TOPSHP24.svg,"Render TOPSHP20 as a Helm-owned topmark/daymark SVG. Match the official TOPSHP24 shape exactly for silhouette, count, and orientation: triangle, point up. Use row colours/bands from metadata when present, but do not substitute a different topmark family. Compare against the standard shape witness first; row name is secondary. Basis: s57_structure_conditions_TOPSHP. Name: beacon top mark, red boarded square board, vertical."
TOPSHP21,"beacon top mark, red boarded square board, vertical",judge_pass_pending_final_approval,False,TOPSHP19,square,s57_structure_conditions_TOPSHP,0.99,"TOPMAR33,TOPMAR13","PortrayalCatalog/Symbols/TOPMAR33.svg,PortrayalCatalog/Symbols/TOPMAR13.svg",assets/svg/triad_generated/TOPSHP21.svg,out/topmark_standards_pass/standard_svg/TOPSHP19.svg,"Render TOPSHP21 as a Helm-owned topmark/daymark SVG. Match the official TOPSHP19 shape exactly for silhouette, count, and orientation: square. Use row colours/bands from metadata when present, but do not substitute a different topmark family. Compare against the standard shape witness first; row name is secondary. Basis: s57_structure_conditions_TOPSHP. Name: beacon top mark, red boarded square board, vertical."
TOPSHP22,"beacon top mark, red boarded square board, vertical",judge_pass_pending_final_approval,False,TOPSHP19,square,s57_structure_conditions_TOPSHP,0.99,"TOPMAR33,TOPMAR13","PortrayalCatalog/Symbols/TOPMAR33.svg,PortrayalCatalog/Symbols/TOPMAR13.svg",assets/svg/triad_generated/TOPSHP22.svg,out/topmark_standards_pass/standard_svg/TOPSHP19.svg,"Render TOPSHP22 as a Helm-owned topmark/daymark SVG. Match the official TOPSHP19 shape exactly for silhouette, count, and orientation: square. Use row colours/bands from metadata when present, but do not substitute a different topmark family. Compare against the standard shape witness first; row name is secondary. Basis: s57_structure_conditions_TOPSHP. Name: beacon top mark, red boarded square board, vertical."
TOPSHP23,"beacon top mark, red boarded square board, vertical",judge_pass_pending_final_approval,False,TOPSHP19,square,s57_structure_conditions_TOPSHP,0.99,"TOPMAR33,TOPMAR13","PortrayalCatalog/Symbols/TOPMAR33.svg,PortrayalCatalog/Symbols/TOPMAR13.svg",assets/svg/triad_generated/TOPSHP23.svg,out/topmark_standards_pass/standard_svg/TOPSHP19.svg,"Render TOPSHP23 as a Helm-owned topmark/daymark SVG. Match the official TOPSHP19 shape exactly for silhouette, count, and orientation: square. Use row colours/bands from metadata when present, but do not substitute a different topmark family. Compare against the standard shape witness first; row name is secondary. Basis: s57_structure_conditions_TOPSHP. Name: beacon top mark, red boarded square board, vertical."
TOPSHP24,"beacon top mark, red boarded square board, vertical",judge_pass_pending_final_approval,False,TOPSHP19,square,s57_structure_conditions_TOPSHP,0.99,"TOPMAR33,TOPMAR13","PortrayalCatalog/Symbols/TOPMAR33.svg,PortrayalCatalog/Symbols/TOPMAR13.svg",assets/svg/triad_generated/TOPSHP24.svg,out/topmark_standards_pass/standard_svg/TOPSHP19.svg,"Render TOPSHP24 as a Helm-owned topmark/daymark SVG. Match the official TOPSHP19 shape exactly for silhouette, count, and orientation: square. Use row colours/bands from metadata when present, but do not substitute a different topmark family. Compare against the standard shape witness first; row name is secondary. Basis: s57_structure_conditions_TOPSHP. Name: beacon top mark, red boarded square board, vertical."
TOPSHP25,"beacon top mark, red boarded square board, vertical",judge_pass_pending_final_approval,False,TOPSHP19,square,s57_structure_conditions_TOPSHP,0.99,"TOPMAR33,TOPMAR13","PortrayalCatalog/Symbols/TOPMAR33.svg,PortrayalCatalog/Symbols/TOPMAR13.svg",assets/svg/triad_generated/TOPSHP25.svg,out/topmark_standards_pass/standard_svg/TOPSHP19.svg,"Render TOPSHP25 as a Helm-owned topmark/daymark SVG. Match the official TOPSHP19 shape exactly for silhouette, count, and orientation: square. Use row colours/bands from metadata when present, but do not substitute a different topmark family. Compare against the standard shape witness first; row name is secondary. Basis: s57_structure_conditions_TOPSHP. Name: beacon top mark, red boarded square board, vertical."
TOPSHP28,"beacon top mark, red boarded square board, vertical",judge_pass_pending_final_approval,False,TOPSHP19,square,s57_structure_conditions_TOPSHP,0.99,"TOPMAR33,TOPMAR13","PortrayalCatalog/Symbols/TOPMAR33.svg,PortrayalCatalog/Symbols/TOPMAR13.svg",assets/svg/triad_generated/TOPSHP28.svg,out/topmark_standards_pass/standard_svg/TOPSHP19.svg,"Render TOPSHP28 as a Helm-owned topmark/daymark SVG. Match the official TOPSHP19 shape exactly for silhouette, count, and orientation: square. Use row colours/bands from metadata when present, but do not substitute a different topmark family. Compare against the standard shape witness first; row name is secondary. Basis: s57_structure_conditions_TOPSHP. Name: beacon top mark, red boarded square board, vertical."
TOPSHP29,"beacon top mark, red boarded square board, vertical",judge_pass_pending_final_approval,False,TOPSHP19,square,s57_structure_conditions_TOPSHP,0.99,"TOPMAR33,TOPMAR13","PortrayalCatalog/Symbols/TOPMAR33.svg,PortrayalCatalog/Symbols/TOPMAR13.svg",assets/svg/triad_generated/TOPSHP29.svg,out/topmark_standards_pass/standard_svg/TOPSHP19.svg,"Render TOPSHP29 as a Helm-owned topmark/daymark SVG. Match the official TOPSHP19 shape exactly for silhouette, count, and orientation: square. Use row colours/bands from metadata when present, but do not substitute a different topmark family. Compare against the standard shape witness first; row name is secondary. Basis: s57_structure_conditions_TOPSHP. Name: beacon top mark, red boarded square board, vertical."
TOPSHP30,"beacon top mark, red boarded square board, vertical",judge_pass_pending_final_approval,False,TOPSHP19,square,s57_structure_conditions_TOPSHP,0.99,"TOPMAR33,TOPMAR13","PortrayalCatalog/Symbols/TOPMAR33.svg,PortrayalCatalog/Symbols/TOPMAR13.svg",assets/svg/triad_generated/TOPSHP30.svg,out/topmark_standards_pass/standard_svg/TOPSHP19.svg,"Render TOPSHP30 as a Helm-owned topmark/daymark SVG. Match the official TOPSHP19 shape exactly for silhouette, count, and orientation: square. Use row colours/bands from metadata when present, but do not substitute a different topmark family. Compare against the standard shape witness first; row name is secondary. Basis: s57_structure_conditions_TOPSHP. Name: beacon top mark, red boarded square board, vertical."
TOPSHP31,"beacon top mark, red boarded square board, vertical",judge_pass_pending_final_approval,False,TOPSHP19,square,s57_structure_conditions_TOPSHP,0.99,"TOPMAR33,TOPMAR13","PortrayalCatalog/Symbols/TOPMAR33.svg,PortrayalCatalog/Symbols/TOPMAR13.svg",assets/svg/triad_generated/TOPSHP31.svg,out/topmark_standards_pass/standard_svg/TOPSHP19.svg,"Render TOPSHP31 as a Helm-owned topmark/daymark SVG. Match the official TOPSHP19 shape exactly for silhouette, count, and orientation: square. Use row colours/bands from metadata when present, but do not substitute a different topmark family. Compare against the standard shape witness first; row name is secondary. Basis: s57_structure_conditions_TOPSHP. Name: beacon top mark, red boarded square board, vertical."
TOPSHP32,"beacon top mark, red boarded square board, vertical",judge_pass_pending_final_approval,False,TOPSHP19,square,s57_structure_conditions_TOPSHP,0.99,"TOPMAR33,TOPMAR13","PortrayalCatalog/Symbols/TOPMAR33.svg,PortrayalCatalog/Symbols/TOPMAR13.svg",assets/svg/triad_generated/TOPSHP32.svg,out/topmark_standards_pass/standard_svg/TOPSHP19.svg,"Render TOPSHP32 as a Helm-owned topmark/daymark SVG. Match the official TOPSHP19 shape exactly for silhouette, count, and orientation: square. Use row colours/bands from metadata when present, but do not substitute a different topmark family. Compare against the standard shape witness first; row name is secondary. Basis: s57_structure_conditions_TOPSHP. Name: beacon top mark, red boarded square board, vertical."
TOPSHP33,TOPSHP33,judge_pass_pending_final_approval,False,TOPSHP19,square,s57_structure_conditions_TOPSHP,0.99,"TOPMAR33,TOPMAR13","PortrayalCatalog/Symbols/TOPMAR33.svg,PortrayalCatalog/Symbols/TOPMAR13.svg",assets/svg/triad_generated/TOPSHP33.svg,out/topmark_standards_pass/standard_svg/TOPSHP19.svg,"Render TOPSHP33 as a Helm-owned topmark/daymark SVG. Match the official TOPSHP19 shape exactly for silhouette, count, and orientation: square. Use row colours/bands from metadata when present, but do not substitute a different topmark family. Compare against the standard shape witness first; row name is secondary. Basis: s57_structure_conditions_TOPSHP. Name: TOPSHP33."
TOPSHP34,"beacon top mark, red boarded square board, vertical",judge_pass_pending_final_approval,False,TOPSHP19,square,s57_structure_conditions_TOPSHP,0.99,"TOPMAR33,TOPMAR13","PortrayalCatalog/Symbols/TOPMAR33.svg,PortrayalCatalog/Symbols/TOPMAR13.svg",assets/svg/triad_generated/TOPSHP34.svg,out/topmark_standards_pass/standard_svg/TOPSHP19.svg,"Render TOPSHP34 as a Helm-owned topmark/daymark SVG. Match the official TOPSHP19 shape exactly for silhouette, count, and orientation: square. Use row colours/bands from metadata when present, but do not substitute a different topmark family. Compare against the standard shape witness first; row name is secondary. Basis: s57_structure_conditions_TOPSHP. Name: beacon top mark, red boarded square board, vertical."
TOPSHP35,"beacon top mark, red boarded square board, vertical",judge_pass_pending_final_approval,False,TOPSHP19,square,s57_structure_conditions_TOPSHP,0.99,"TOPMAR33,TOPMAR13","PortrayalCatalog/Symbols/TOPMAR33.svg,PortrayalCatalog/Symbols/TOPMAR13.svg",assets/svg/triad_generated/TOPSHP35.svg,out/topmark_standards_pass/standard_svg/TOPSHP19.svg,"Render TOPSHP35 as a Helm-owned topmark/daymark SVG. Match the official TOPSHP19 shape exactly for silhouette, count, and orientation: square. Use row colours/bands from metadata when present, but do not substitute a different topmark family. Compare against the standard shape witness first; row name is secondary. Basis: s57_structure_conditions_TOPSHP. Name: beacon top mark, red boarded square board, vertical."
TOPSHP36,"beacon top mark, red boarded square board, vertical",judge_pass_pending_final_approval,False,TOPSHP19,square,s57_structure_conditions_TOPSHP,0.99,"TOPMAR33,TOPMAR13","PortrayalCatalog/Symbols/TOPMAR33.svg,PortrayalCatalog/Symbols/TOPMAR13.svg",assets/svg/triad_generated/TOPSHP36.svg,out/topmark_standards_pass/standard_svg/TOPSHP19.svg,"Render TOPSHP36 as a Helm-owned topmark/daymark SVG. Match the official TOPSHP19 shape exactly for silhouette, count, and orientation: square. Use row colours/bands from metadata when present, but do not substitute a different topmark family. Compare against the standard shape witness first; row name is secondary. Basis: s57_structure_conditions_TOPSHP. Name: beacon top mark, red boarded square board, vertical."
TOPSHP37,"beacon top mark, red boarded square board, vertical",judge_pass_pending_final_approval,False,TOPSHP19,square,s57_structure_conditions_TOPSHP,0.99,"TOPMAR33,TOPMAR13","PortrayalCatalog/Symbols/TOPMAR33.svg,PortrayalCatalog/Symbols/TOPMAR13.svg",assets/svg/triad_generated/TOPSHP37.svg,out/topmark_standards_pass/standard_svg/TOPSHP19.svg,"Render TOPSHP37 as a Helm-owned topmark/daymark SVG. Match the official TOPSHP19 shape exactly for silhouette, count, and orientation: square. Use row colours/bands from metadata when present, but do not substitute a different topmark family. Compare against the standard shape witness first; row name is secondary. Basis: s57_structure_conditions_TOPSHP. Name: beacon top mark, red boarded square board, vertical."
TOPSHP38,"beacon top mark, red boarded square board, vertical",judge_pass_pending_final_approval,False,TOPSHP19,square,s57_structure_conditions_TOPSHP,0.99,"TOPMAR33,TOPMAR13","PortrayalCatalog/Symbols/TOPMAR33.svg,PortrayalCatalog/Symbols/TOPMAR13.svg",assets/svg/triad_generated/TOPSHP38.svg,out/topmark_standards_pass/standard_svg/TOPSHP19.svg,"Render TOPSHP38 as a Helm-owned topmark/daymark SVG. Match the official TOPSHP19 shape exactly for silhouette, count, and orientation: square. Use row colours/bands from metadata when present, but do not substitute a different topmark family. Compare against the standard shape witness first; row name is secondary. Basis: s57_structure_conditions_TOPSHP. Name: beacon top mark, red boarded square board, vertical."
TOPSHP40,"beacon top mark, red boarded square board, vertical",judge_pass_pending_final_approval,False,TOPSHP19,square,s57_structure_conditions_TOPSHP,0.99,"TOPMAR33,TOPMAR13","PortrayalCatalog/Symbols/TOPMAR33.svg,PortrayalCatalog/Symbols/TOPMAR13.svg",assets/svg/triad_generated/TOPSHP40.svg,out/topmark_standards_pass/standard_svg/TOPSHP19.svg,"Render TOPSHP40 as a Helm-owned topmark/daymark SVG. Match the official TOPSHP19 shape exactly for silhouette, count, and orientation: square. Use row colours/bands from metadata when present, but do not substitute a different topmark family. Compare against the standard shape witness first; row name is secondary. Basis: s57_structure_conditions_TOPSHP. Name: beacon top mark, red boarded square board, vertical."
TOPSHP41,"beacon top mark, red boarded square board, vertical",judge_pass_pending_final_approval,False,TOPSHP19,square,s57_structure_conditions_TOPSHP,0.99,"TOPMAR33,TOPMAR13","PortrayalCatalog/Symbols/TOPMAR33.svg,PortrayalCatalog/Symbols/TOPMAR13.svg",assets/svg/triad_generated/TOPSHP41.svg,out/topmark_standards_pass/standard_svg/TOPSHP19.svg,"Render TOPSHP41 as a Helm-owned topmark/daymark SVG. Match the official TOPSHP19 shape exactly for silhouette, count, and orientation: square. Use row colours/bands from metadata when present, but do not substitute a different topmark family. Compare against the standard shape witness first; row name is secondary. Basis: s57_structure_conditions_TOPSHP. Name: beacon top mark, red boarded square board, vertical."
TOPSHP42,"beacon top mark, red boarded square board, vertical",judge_pass_pending_final_approval,False,TOPSHP19,square,s57_structure_conditions_TOPSHP,0.99,"TOPMAR33,TOPMAR13","PortrayalCatalog/Symbols/TOPMAR33.svg,PortrayalCatalog/Symbols/TOPMAR13.svg",assets/svg/triad_generated/TOPSHP42.svg,out/topmark_standards_pass/standard_svg/TOPSHP19.svg,"Render TOPSHP42 as a Helm-owned topmark/daymark SVG. Match the official TOPSHP19 shape exactly for silhouette, count, and orientation: square. Use row colours/bands from metadata when present, but do not substitute a different topmark family. Compare against the standard shape witness first; row name is secondary. Basis: s57_structure_conditions_TOPSHP. Name: beacon top mark, red boarded square board, vertical."
TOPSHP43,"beacon top mark, red boarded square board, vertical",judge_pass_pending_final_approval,False,TOPSHP19,square,s57_structure_conditions_TOPSHP,0.99,"TOPMAR33,TOPMAR13","PortrayalCatalog/Symbols/TOPMAR33.svg,PortrayalCatalog/Symbols/TOPMAR13.svg",assets/svg/triad_generated/TOPSHP43.svg,out/topmark_standards_pass/standard_svg/TOPSHP19.svg,"Render TOPSHP43 as a Helm-owned topmark/daymark SVG. Match the official TOPSHP19 shape exactly for silhouette, count, and orientation: square. Use row colours/bands from metadata when present, but do not substitute a different topmark family. Compare against the standard shape witness first; row name is secondary. Basis: s57_structure_conditions_TOPSHP. Name: beacon top mark, red boarded square board, vertical."
TOPSHP44,"beacon top mark, red boarded square board, vertical",judge_pass_pending_final_approval,False,TOPSHP19,square,s57_structure_conditions_TOPSHP,0.99,"TOPMAR33,TOPMAR13","PortrayalCatalog/Symbols/TOPMAR33.svg,PortrayalCatalog/Symbols/TOPMAR13.svg",assets/svg/triad_generated/TOPSHP44.svg,out/topmark_standards_pass/standard_svg/TOPSHP19.svg,"Render TOPSHP44 as a Helm-owned topmark/daymark SVG. Match the official TOPSHP19 shape exactly for silhouette, count, and orientation: square. Use row colours/bands from metadata when present, but do not substitute a different topmark family. Compare against the standard shape witness first; row name is secondary. Basis: s57_structure_conditions_TOPSHP. Name: beacon top mark, red boarded square board, vertical."
TOPSHP47,"beacon top mark, red boarded square board, vertical",judge_pass_pending_final_approval,False,TOPSHP19,square,s57_structure_conditions_TOPSHP,0.99,"TOPMAR33,TOPMAR13","PortrayalCatalog/Symbols/TOPMAR33.svg,PortrayalCatalog/Symbols/TOPMAR13.svg",assets/svg/triad_generated/TOPSHP47.svg,out/topmark_standards_pass/standard_svg/TOPSHP19.svg,"Render TOPSHP47 as a Helm-owned topmark/daymark SVG. Match the official TOPSHP19 shape exactly for silhouette, count, and orientation: square. Use row colours/bands from metadata when present, but do not substitute a different topmark family. Compare against the standard shape witness first; row name is secondary. Basis: s57_structure_conditions_TOPSHP. Name: beacon top mark, red boarded square board, vertical."
TOPSHP48,"beacon top mark, red boarded square board, vertical",judge_pass_pending_final_approval,False,TOPSHP19,square,s57_structure_conditions_TOPSHP,0.99,"TOPMAR33,TOPMAR13","PortrayalCatalog/Symbols/TOPMAR33.svg,PortrayalCatalog/Symbols/TOPMAR13.svg",assets/svg/triad_generated/TOPSHP48.svg,out/topmark_standards_pass/standard_svg/TOPSHP19.svg,"Render TOPSHP48 as a Helm-owned topmark/daymark SVG. Match the official TOPSHP19 shape exactly for silhouette, count, and orientation: square. Use row colours/bands from metadata when present, but do not substitute a different topmark family. Compare against the standard shape witness first; row name is secondary. Basis: s57_structure_conditions_TOPSHP. Name: beacon top mark, red boarded square board, vertical."
TOPSHP51,"beacon top mark, white-green square board, diagonal",judge_pass_pending_final_approval,False,TOPSHP12,rhombus,s57_structure_conditions_TOPSHP,0.99,TOPMAR14,PortrayalCatalog/Symbols/TOPMAR14.svg,assets/svg/triad_generated/TOPSHP51.svg,out/topmark_standards_pass/standard_svg/TOPSHP12.svg,"Render TOPSHP51 as a Helm-owned topmark/daymark SVG. Match the official TOPSHP12 shape exactly for silhouette, count, and orientation: rhombus. Use row colours/bands from metadata when present, but do not substitute a different topmark family. Compare against the standard shape witness first; row name is secondary. Basis: s57_structure_conditions_TOPSHP. Name: beacon top mark, white-green square board, diagonal."
TOPSHP52,"beacon top mark, white-green square board, diagonal",judge_pass_pending_final_approval,False,TOPSHP12,rhombus,s57_structure_conditions_TOPSHP,0.99,TOPMAR14,PortrayalCatalog/Symbols/TOPMAR14.svg,assets/svg/triad_generated/TOPSHP52.svg,out/topmark_standards_pass/standard_svg/TOPSHP12.svg,"Render TOPSHP52 as a Helm-owned topmark/daymark SVG. Match the official TOPSHP12 shape exactly for silhouette, count, and orientation: rhombus. Use row colours/bands from metadata when present, but do not substitute a different topmark family. Compare against the standard shape witness first; row name is secondary. Basis: s57_structure_conditions_TOPSHP. Name: beacon top mark, white-green square board, diagonal."
TOPSHP53,"beacon top mark, yellow square board, diagonal",judge_pass_pending_final_approval,False,TOPSHP12,rhombus,s57_structure_conditions_TOPSHP,0.99,TOPMAR14,PortrayalCatalog/Symbols/TOPMAR14.svg,assets/svg/triad_generated/TOPSHP53.svg,out/topmark_standards_pass/standard_svg/TOPSHP12.svg,"Render TOPSHP53 as a Helm-owned topmark/daymark SVG. Match the official TOPSHP12 shape exactly for silhouette, count, and orientation: rhombus. Use row colours/bands from metadata when present, but do not substitute a different topmark family. Compare against the standard shape witness first; row name is secondary. Basis: s57_structure_conditions_TOPSHP. Name: beacon top mark, yellow square board, diagonal."
TOPSHP54,"beacon top mark, white-green square board, diagonal",judge_pass_pending_final_approval,False,TOPSHP12,rhombus,s57_structure_conditions_TOPSHP,0.99,TOPMAR14,PortrayalCatalog/Symbols/TOPMAR14.svg,assets/svg/triad_generated/TOPSHP54.svg,out/topmark_standards_pass/standard_svg/TOPSHP12.svg,"Render TOPSHP54 as a Helm-owned topmark/daymark SVG. Match the official TOPSHP12 shape exactly for silhouette, count, and orientation: rhombus. Use row colours/bands from metadata when present, but do not substitute a different topmark family. Compare against the standard shape witness first; row name is secondary. Basis: s57_structure_conditions_TOPSHP. Name: beacon top mark, white-green square board, diagonal."
TOPSHP55,"beacon top mark, white-green square board, diagonal",judge_pass_pending_final_approval,False,TOPSHP12,rhombus,s57_structure_conditions_TOPSHP,0.99,TOPMAR14,PortrayalCatalog/Symbols/TOPMAR14.svg,assets/svg/triad_generated/TOPSHP55.svg,out/topmark_standards_pass/standard_svg/TOPSHP12.svg,"Render TOPSHP55 as a Helm-owned topmark/daymark SVG. Match the official TOPSHP12 shape exactly for silhouette, count, and orientation: rhombus. Use row colours/bands from metadata when present, but do not substitute a different topmark family. Compare against the standard shape witness first; row name is secondary. Basis: s57_structure_conditions_TOPSHP. Name: beacon top mark, white-green square board, diagonal."
TOPSHP58,"beacon top mark, white-green square board, diagonal",judge_pass_pending_final_approval,False,TOPSHP12,rhombus,s57_structure_conditions_TOPSHP,0.99,TOPMAR14,PortrayalCatalog/Symbols/TOPMAR14.svg,assets/svg/triad_generated/TOPSHP58.svg,out/topmark_standards_pass/standard_svg/TOPSHP12.svg,"Render TOPSHP58 as a Helm-owned topmark/daymark SVG. Match the official TOPSHP12 shape exactly for silhouette, count, and orientation: rhombus. Use row colours/bands from metadata when present, but do not substitute a different topmark family. Compare against the standard shape witness first; row name is secondary. Basis: s57_structure_conditions_TOPSHP. Name: beacon top mark, white-green square board, diagonal."
TOPSHP61,"beacon top mark, white-green square board, diagonal",judge_pass_pending_final_approval,False,TOPSHP12,rhombus,s57_structure_conditions_TOPSHP,0.99,TOPMAR14,PortrayalCatalog/Symbols/TOPMAR14.svg,assets/svg/triad_generated/TOPSHP61.svg,out/topmark_standards_pass/standard_svg/TOPSHP12.svg,"Render TOPSHP61 as a Helm-owned topmark/daymark SVG. Match the official TOPSHP12 shape exactly for silhouette, count, and orientation: rhombus. Use row colours/bands from metadata when present, but do not substitute a different topmark family. Compare against the standard shape witness first; row name is secondary. Basis: s57_structure_conditions_TOPSHP. Name: beacon top mark, white-green square board, diagonal."
TOPSHP62,"beacon top mark, white-green square board, diagonal",judge_pass_pending_final_approval,False,TOPSHP12,rhombus,s57_structure_conditions_TOPSHP,0.99,TOPMAR14,PortrayalCatalog/Symbols/TOPMAR14.svg,assets/svg/triad_generated/TOPSHP62.svg,out/topmark_standards_pass/standard_svg/TOPSHP12.svg,"Render TOPSHP62 as a Helm-owned topmark/daymark SVG. Match the official TOPSHP12 shape exactly for silhouette, count, and orientation: rhombus. Use row colours/bands from metadata when present, but do not substitute a different topmark family. Compare against the standard shape witness first; row name is secondary. Basis: s57_structure_conditions_TOPSHP. Name: beacon top mark, white-green square board, diagonal."
TOPSHP63,"beacon top mark, white-green square board, diagonal",judge_pass_pending_final_approval,False,TOPSHP12,rhombus,s57_structure_conditions_TOPSHP,0.99,TOPMAR14,PortrayalCatalog/Symbols/TOPMAR14.svg,assets/svg/triad_generated/TOPSHP63.svg,out/topmark_standards_pass/standard_svg/TOPSHP12.svg,"Render TOPSHP63 as a Helm-owned topmark/daymark SVG. Match the official TOPSHP12 shape exactly for silhouette, count, and orientation: rhombus. Use row colours/bands from metadata when present, but do not substitute a different topmark family. Compare against the standard shape witness first; row name is secondary. Basis: s57_structure_conditions_TOPSHP. Name: beacon top mark, white-green square board, diagonal."
TOPSHP64,"beacon top mark, white-green square board, diagonal",judge_pass_pending_final_approval,False,TOPSHP12,rhombus,s57_structure_conditions_TOPSHP,0.99,TOPMAR14,PortrayalCatalog/Symbols/TOPMAR14.svg,assets/svg/triad_generated/TOPSHP64.svg,out/topmark_standards_pass/standard_svg/TOPSHP12.svg,"Render TOPSHP64 as a Helm-owned topmark/daymark SVG. Match the official TOPSHP12 shape exactly for silhouette, count, and orientation: rhombus. Use row colours/bands from metadata when present, but do not substitute a different topmark family. Compare against the standard shape witness first; row name is secondary. Basis: s57_structure_conditions_TOPSHP. Name: beacon top mark, white-green square board, diagonal."
TOPSHP65,"beacon top mark, white-green square board, diagonal",judge_pass_pending_final_approval,False,TOPSHP12,rhombus,s57_structure_conditions_TOPSHP,0.99,TOPMAR14,PortrayalCatalog/Symbols/TOPMAR14.svg,assets/svg/triad_generated/TOPSHP65.svg,out/topmark_standards_pass/standard_svg/TOPSHP12.svg,"Render TOPSHP65 as a Helm-owned topmark/daymark SVG. Match the official TOPSHP12 shape exactly for silhouette, count, and orientation: rhombus. Use row colours/bands from metadata when present, but do not substitute a different topmark family. Compare against the standard shape witness first; row name is secondary. Basis: s57_structure_conditions_TOPSHP. Name: beacon top mark, white-green square board, diagonal."
TOPSHP67,"beacon top mark, white-green square board, diagonal",judge_pass_pending_final_approval,False,TOPSHP12,rhombus,s57_structure_conditions_TOPSHP,0.99,TOPMAR14,PortrayalCatalog/Symbols/TOPMAR14.svg,assets/svg/triad_generated/TOPSHP67.svg,out/topmark_standards_pass/standard_svg/TOPSHP12.svg,"Render TOPSHP67 as a Helm-owned topmark/daymark SVG. Match the official TOPSHP12 shape exactly for silhouette, count, and orientation: rhombus. Use row colours/bands from metadata when present, but do not substitute a different topmark family. Compare against the standard shape witness first; row name is secondary. Basis: s57_structure_conditions_TOPSHP. Name: beacon top mark, white-green square board, diagonal."
TOPSHP69,"beacon top mark, white-green square board, diagonal",judge_pass_pending_final_approval,False,TOPSHP12,rhombus,s57_structure_conditions_TOPSHP,0.99,TOPMAR14,PortrayalCatalog/Symbols/TOPMAR14.svg,assets/svg/triad_generated/TOPSHP69.svg,out/topmark_standards_pass/standard_svg/TOPSHP12.svg,"Render TOPSHP69 as a Helm-owned topmark/daymark SVG. Match the official TOPSHP12 shape exactly for silhouette, count, and orientation: rhombus. Use row colours/bands from metadata when present, but do not substitute a different topmark family. Compare against the standard shape witness first; row name is secondary. Basis: s57_structure_conditions_TOPSHP. Name: beacon top mark, white-green square board, diagonal."
TOPSHP70,"beacon top mark, white-green square board, diagonal",judge_pass_pending_final_approval,False,TOPSHP12,rhombus,s57_structure_conditions_TOPSHP,0.99,TOPMAR14,PortrayalCatalog/Symbols/TOPMAR14.svg,assets/svg/triad_generated/TOPSHP70.svg,out/topmark_standards_pass/standard_svg/TOPSHP12.svg,"Render TOPSHP70 as a Helm-owned topmark/daymark SVG. Match the official TOPSHP12 shape exactly for silhouette, count, and orientation: rhombus. Use row colours/bands from metadata when present, but do not substitute a different topmark family. Compare against the standard shape witness first; row name is secondary. Basis: s57_structure_conditions_TOPSHP. Name: beacon top mark, white-green square board, diagonal."
TOPSHP71,"beacon top mark, white-green square board, diagonal",judge_pass_pending_final_approval,False,TOPSHP12,rhombus,s57_structure_conditions_TOPSHP,0.99,TOPMAR14,PortrayalCatalog/Symbols/TOPMAR14.svg,assets/svg/triad_generated/TOPSHP71.svg,out/topmark_standards_pass/standard_svg/TOPSHP12.svg,"Render TOPSHP71 as a Helm-owned topmark/daymark SVG. Match the official TOPSHP12 shape exactly for silhouette, count, and orientation: rhombus. Use row colours/bands from metadata when present, but do not substitute a different topmark family. Compare against the standard shape witness first; row name is secondary. Basis: s57_structure_conditions_TOPSHP. Name: beacon top mark, white-green square board, diagonal."
TOPSHP72,"beacon top mark, white-green square board, diagonal",judge_pass_pending_final_approval,False,TOPSHP12,rhombus,s57_structure_conditions_TOPSHP,0.99,TOPMAR14,PortrayalCatalog/Symbols/TOPMAR14.svg,assets/svg/triad_generated/TOPSHP72.svg,out/topmark_standards_pass/standard_svg/TOPSHP12.svg,"Render TOPSHP72 as a Helm-owned topmark/daymark SVG. Match the official TOPSHP12 shape exactly for silhouette, count, and orientation: rhombus. Use row colours/bands from metadata when present, but do not substitute a different topmark family. Compare against the standard shape witness first; row name is secondary. Basis: s57_structure_conditions_TOPSHP. Name: beacon top mark, white-green square board, diagonal."
TOPSHP73;TE('%s',TOPSHP73;TE('%s',judge_pass_pending_final_approval,False,TOPSHP12,rhombus,s57_structure_conditions_TOPSHP,0.99,TOPMAR14,PortrayalCatalog/Symbols/TOPMAR14.svg,assets/svg/triad_generated/TOPSHP73_TE_s.svg,out/topmark_standards_pass/standard_svg/TOPSHP12.svg,"Render TOPSHP73;TE('%s' as a Helm-owned topmark/daymark SVG. Match the official TOPSHP12 shape exactly for silhouette, count, and orientation: rhombus. Use row colours/bands from metadata when present, but do not substitute a different topmark family. Compare against the standard shape witness first; row name is secondary. Basis: s57_structure_conditions_TOPSHP. Name: TOPSHP73;TE('%s'."
TOPSHP74,"beacon top mark, white-green square board, diagonal",judge_pass_pending_final_approval,False,TOPSHP12,rhombus,s57_structure_conditions_TOPSHP,0.99,TOPMAR14,PortrayalCatalog/Symbols/TOPMAR14.svg,assets/svg/triad_generated/TOPSHP74.svg,out/topmark_standards_pass/standard_svg/TOPSHP12.svg,"Render TOPSHP74 as a Helm-owned topmark/daymark SVG. Match the official TOPSHP12 shape exactly for silhouette, count, and orientation: rhombus. Use row colours/bands from metadata when present, but do not substitute a different topmark family. Compare against the standard shape witness first; row name is secondary. Basis: s57_structure_conditions_TOPSHP. Name: beacon top mark, white-green square board, diagonal."
TOPSHP76,"beacon top mark, white-green square board, diagonal",judge_pass_pending_final_approval,False,TOPSHP12,rhombus,s57_structure_conditions_TOPSHP,0.99,TOPMAR14,PortrayalCatalog/Symbols/TOPMAR14.svg,assets/svg/triad_generated/TOPSHP76.svg,out/topmark_standards_pass/standard_svg/TOPSHP12.svg,"Render TOPSHP76 as a Helm-owned topmark/daymark SVG. Match the official TOPSHP12 shape exactly for silhouette, count, and orientation: rhombus. Use row colours/bands from metadata when present, but do not substitute a different topmark family. Compare against the standard shape witness first; row name is secondary. Basis: s57_structure_conditions_TOPSHP. Name: beacon top mark, white-green square board, diagonal."
TOPSHP77,"beacon top mark, white-green square board, diagonal",judge_pass_pending_final_approval,False,TOPSHP12,rhombus,s57_structure_conditions_TOPSHP,0.99,TOPMAR14,PortrayalCatalog/Symbols/TOPMAR14.svg,assets/svg/triad_generated/TOPSHP77.svg,out/topmark_standards_pass/standard_svg/TOPSHP12.svg,"Render TOPSHP77 as a Helm-owned topmark/daymark SVG. Match the official TOPSHP12 shape exactly for silhouette, count, and orientation: rhombus. Use row colours/bands from metadata when present, but do not substitute a different topmark family. Compare against the standard shape witness first; row name is secondary. Basis: s57_structure_conditions_TOPSHP. Name: beacon top mark, white-green square board, diagonal."
TOPSHP78,"beacon top mark, white-green square board, diagonal",judge_pass_pending_final_approval,False,TOPSHP12,rhombus,s57_structure_conditions_TOPSHP,0.99,TOPMAR14,PortrayalCatalog/Symbols/TOPMAR14.svg,assets/svg/triad_generated/TOPSHP78.svg,out/topmark_standards_pass/standard_svg/TOPSHP12.svg,"Render TOPSHP78 as a Helm-owned topmark/daymark SVG. Match the official TOPSHP12 shape exactly for silhouette, count, and orientation: rhombus. Use row colours/bands from metadata when present, but do not substitute a different topmark family. Compare against the standard shape witness first; row name is secondary. Basis: s57_structure_conditions_TOPSHP. Name: beacon top mark, white-green square board, diagonal."
TOPSHP79,TOPSHP79,judge_pass_pending_final_approval,False,TOPSHP20,"rectangle, horizontal",s57_structure_conditions_TOPSHP,0.99,"TOPMAR34,TOPMAR14","PortrayalCatalog/Symbols/TOPMAR34.svg,PortrayalCatalog/Symbols/TOPMAR14.svg",assets/svg/triad_generated/TOPSHP79.svg,out/topmark_standards_pass/standard_svg/TOPSHP20.svg,"Render TOPSHP79 as a Helm-owned topmark/daymark SVG. Match the official TOPSHP20 shape exactly for silhouette, count, and orientation: rectangle, horizontal. Use row colours/bands from metadata when present, but do not substitute a different topmark family. Compare against the standard shape witness first; row name is secondary. Basis: s57_structure_conditions_TOPSHP. Name: TOPSHP79."
TOPSHP80,TOPSHP80,judge_pass_pending_final_approval,False,TOPSHP20,"rectangle, horizontal",s57_structure_conditions_TOPSHP,0.99,"TOPMAR34,TOPMAR14","PortrayalCatalog/Symbols/TOPMAR34.svg,PortrayalCatalog/Symbols/TOPMAR14.svg",assets/svg/triad_generated/TOPSHP80.svg,out/topmark_standards_pass/standard_svg/TOPSHP20.svg,"Render TOPSHP80 as a Helm-owned topmark/daymark SVG. Match the official TOPSHP20 shape exactly for silhouette, count, and orientation: rectangle, horizontal. Use row colours/bands from metadata when present, but do not substitute a different topmark family. Compare against the standard shape witness first; row name is secondary. Basis: s57_structure_conditions_TOPSHP. Name: TOPSHP80."
TOPSHP81;TE('%s',TOPSHP81;TE('%s',judge_pass_pending_final_approval,False,TOPSHP20,"rectangle, horizontal",s57_structure_conditions_TOPSHP,0.99,"TOPMAR34,TOPMAR14","PortrayalCatalog/Symbols/TOPMAR34.svg,PortrayalCatalog/Symbols/TOPMAR14.svg",assets/svg/triad_generated/TOPSHP81_TE_s.svg,out/topmark_standards_pass/standard_svg/TOPSHP20.svg,"Render TOPSHP81;TE('%s' as a Helm-owned topmark/daymark SVG. Match the official TOPSHP20 shape exactly for silhouette, count, and orientation: rectangle, horizontal. Use row colours/bands from metadata when present, but do not substitute a different topmark family. Compare against the standard shape witness first; row name is secondary. Basis: s57_structure_conditions_TOPSHP. Name: TOPSHP81;TE('%s'."
TOPSHP82,TOPSHP82,judge_pass_pending_final_approval,False,TOPSHP20,"rectangle, horizontal",s57_structure_conditions_TOPSHP,0.99,"TOPMAR34,TOPMAR14","PortrayalCatalog/Symbols/TOPMAR34.svg,PortrayalCatalog/Symbols/TOPMAR14.svg",assets/svg/triad_generated/TOPSHP82.svg,out/topmark_standards_pass/standard_svg/TOPSHP20.svg,"Render TOPSHP82 as a Helm-owned topmark/daymark SVG. Match the official TOPSHP20 shape exactly for silhouette, count, and orientation: rectangle, horizontal. Use row colours/bands from metadata when present, but do not substitute a different topmark family. Compare against the standard shape witness first; row name is secondary. Basis: s57_structure_conditions_TOPSHP. Name: TOPSHP82."
TOPSHP83,TOPSHP83,judge_pass_pending_final_approval,False,TOPSHP20,"rectangle, horizontal",s57_structure_conditions_TOPSHP,0.99,"TOPMAR34,TOPMAR14","PortrayalCatalog/Symbols/TOPMAR34.svg,PortrayalCatalog/Symbols/TOPMAR14.svg",assets/svg/triad_generated/TOPSHP83.svg,out/topmark_standards_pass/standard_svg/TOPSHP20.svg,"Render TOPSHP83 as a Helm-owned topmark/daymark SVG. Match the official TOPSHP20 shape exactly for silhouette, count, and orientation: rectangle, horizontal. Use row colours/bands from metadata when present, but do not substitute a different topmark family. Compare against the standard shape witness first; row name is secondary. Basis: s57_structure_conditions_TOPSHP. Name: TOPSHP83."
TOPSHP84,TOPSHP84,judge_pass_pending_final_approval,False,TOPSHP20,"rectangle, horizontal",s57_structure_conditions_TOPSHP,0.99,"TOPMAR34,TOPMAR14","PortrayalCatalog/Symbols/TOPMAR34.svg,PortrayalCatalog/Symbols/TOPMAR14.svg",assets/svg/triad_generated/TOPSHP84.svg,out/topmark_standards_pass/standard_svg/TOPSHP20.svg,"Render TOPSHP84 as a Helm-owned topmark/daymark SVG. Match the official TOPSHP20 shape exactly for silhouette, count, and orientation: rectangle, horizontal. Use row colours/bands from metadata when present, but do not substitute a different topmark family. Compare against the standard shape witness first; row name is secondary. Basis: s57_structure_conditions_TOPSHP. Name: TOPSHP84."
TOPSHP85,TOPSHP85,judge_pass_pending_final_approval,False,TOPSHP20,"rectangle, horizontal",s57_structure_conditions_TOPSHP,0.99,"TOPMAR34,TOPMAR14","PortrayalCatalog/Symbols/TOPMAR34.svg,PortrayalCatalog/Symbols/TOPMAR14.svg",assets/svg/triad_generated/TOPSHP85.svg,out/topmark_standards_pass/standard_svg/TOPSHP20.svg,"Render TOPSHP85 as a Helm-owned topmark/daymark SVG. Match the official TOPSHP20 shape exactly for silhouette, count, and orientation: rectangle, horizontal. Use row colours/bands from metadata when present, but do not substitute a different topmark family. Compare against the standard shape witness first; row name is secondary. Basis: s57_structure_conditions_TOPSHP. Name: TOPSHP85."
TOPSHP87,TOPSHP87,judge_pass_pending_final_approval,False,TOPSHP20,"rectangle, horizontal",s57_structure_conditions_TOPSHP,0.99,"TOPMAR34,TOPMAR14","PortrayalCatalog/Symbols/TOPMAR34.svg,PortrayalCatalog/Symbols/TOPMAR14.svg",assets/svg/triad_generated/TOPSHP87.svg,out/topmark_standards_pass/standard_svg/TOPSHP20.svg,"Render TOPSHP87 as a Helm-owned topmark/daymark SVG. Match the official TOPSHP20 shape exactly for silhouette, count, and orientation: rectangle, horizontal. Use row colours/bands from metadata when present, but do not substitute a different topmark family. Compare against the standard shape witness first; row name is secondary. Basis: s57_structure_conditions_TOPSHP. Name: TOPSHP87."
TOPSHP88,TOPSHP88,judge_pass_pending_final_approval,False,TOPSHP20,"rectangle, horizontal",s57_structure_conditions_TOPSHP,0.99,"TOPMAR34,TOPMAR14","PortrayalCatalog/Symbols/TOPMAR34.svg,PortrayalCatalog/Symbols/TOPMAR14.svg",assets/svg/triad_generated/TOPSHP88.svg,out/topmark_standards_pass/standard_svg/TOPSHP20.svg,"Render TOPSHP88 as a Helm-owned topmark/daymark SVG. Match the official TOPSHP20 shape exactly for silhouette, count, and orientation: rectangle, horizontal. Use row colours/bands from metadata when present, but do not substitute a different topmark family. Compare against the standard shape witness first; row name is secondary. Basis: s57_structure_conditions_TOPSHP. Name: TOPSHP88."
TOPSHP89;TE('%s',TOPSHP89;TE('%s',judge_pass_pending_final_approval,False,TOPSHP20,"rectangle, horizontal",s57_structure_conditions_TOPSHP,0.99,"TOPMAR34,TOPMAR14","PortrayalCatalog/Symbols/TOPMAR34.svg,PortrayalCatalog/Symbols/TOPMAR14.svg",assets/svg/triad_generated/TOPSHP89_TE_s.svg,out/topmark_standards_pass/standard_svg/TOPSHP20.svg,"Render TOPSHP89;TE('%s' as a Helm-owned topmark/daymark SVG. Match the official TOPSHP20 shape exactly for silhouette, count, and orientation: rectangle, horizontal. Use row colours/bands from metadata when present, but do not substitute a different topmark family. Compare against the standard shape witness first; row name is secondary. Basis: s57_structure_conditions_TOPSHP. Name: TOPSHP89;TE('%s'."
TOPSHP90,TOPSHP90,judge_pass_pending_final_approval,False,TOPSHP21,"rectangle, vertical",s57_structure_conditions_TOPSHP,0.99,"TOPMAR33,TOPMAR13","PortrayalCatalog/Symbols/TOPMAR33.svg,PortrayalCatalog/Symbols/TOPMAR13.svg",assets/svg/triad_generated/TOPSHP90.svg,out/topmark_standards_pass/standard_svg/TOPSHP21.svg,"Render TOPSHP90 as a Helm-owned topmark/daymark SVG. Match the official TOPSHP21 shape exactly for silhouette, count, and orientation: rectangle, vertical. Use row colours/bands from metadata when present, but do not substitute a different topmark family. Compare against the standard shape witness first; row name is secondary. Basis: s57_structure_conditions_TOPSHP. Name: TOPSHP90."
TOPSHP91,TOPSHP91,judge_pass_pending_final_approval,False,TOPSHP21,"rectangle, vertical",s57_structure_conditions_TOPSHP,0.99,"TOPMAR33,TOPMAR13","PortrayalCatalog/Symbols/TOPMAR33.svg,PortrayalCatalog/Symbols/TOPMAR13.svg",assets/svg/triad_generated/TOPSHP91.svg,out/topmark_standards_pass/standard_svg/TOPSHP21.svg,"Render TOPSHP91 as a Helm-owned topmark/daymark SVG. Match the official TOPSHP21 shape exactly for silhouette, count, and orientation: rectangle, vertical. Use row colours/bands from metadata when present, but do not substitute a different topmark family. Compare against the standard shape witness first; row name is secondary. Basis: s57_structure_conditions_TOPSHP. Name: TOPSHP91."
TOPSHP92,TOPSHP92,judge_pass_pending_final_approval,False,TOPSHP21,"rectangle, vertical",s57_structure_conditions_TOPSHP,0.99,"TOPMAR33,TOPMAR13","PortrayalCatalog/Symbols/TOPMAR33.svg,PortrayalCatalog/Symbols/TOPMAR13.svg",assets/svg/triad_generated/TOPSHP92.svg,out/topmark_standards_pass/standard_svg/TOPSHP21.svg,"Render TOPSHP92 as a Helm-owned topmark/daymark SVG. Match the official TOPSHP21 shape exactly for silhouette, count, and orientation: rectangle, vertical. Use row colours/bands from metadata when present, but do not substitute a different topmark family. Compare against the standard shape witness first; row name is secondary. Basis: s57_structure_conditions_TOPSHP. Name: TOPSHP92."
TOPSHP93,TOPSHP93,judge_pass_pending_final_approval,False,TOPSHP21,"rectangle, vertical",s57_structure_conditions_TOPSHP,0.99,"TOPMAR33,TOPMAR13","PortrayalCatalog/Symbols/TOPMAR33.svg,PortrayalCatalog/Symbols/TOPMAR13.svg",assets/svg/triad_generated/TOPSHP93.svg,out/topmark_standards_pass/standard_svg/TOPSHP21.svg,"Render TOPSHP93 as a Helm-owned topmark/daymark SVG. Match the official TOPSHP21 shape exactly for silhouette, count, and orientation: rectangle, vertical. Use row colours/bands from metadata when present, but do not substitute a different topmark family. Compare against the standard shape witness first; row name is secondary. Basis: s57_structure_conditions_TOPSHP. Name: TOPSHP93."
TOPSHP94,TOPSHP94,judge_pass_pending_final_approval,False,TOPSHP21,"rectangle, vertical",s57_structure_conditions_TOPSHP,0.99,"TOPMAR33,TOPMAR13","PortrayalCatalog/Symbols/TOPMAR33.svg,PortrayalCatalog/Symbols/TOPMAR13.svg",assets/svg/triad_generated/TOPSHP94.svg,out/topmark_standards_pass/standard_svg/TOPSHP21.svg,"Render TOPSHP94 as a Helm-owned topmark/daymark SVG. Match the official TOPSHP21 shape exactly for silhouette, count, and orientation: rectangle, vertical. Use row colours/bands from metadata when present, but do not substitute a different topmark family. Compare against the standard shape witness first; row name is secondary. Basis: s57_structure_conditions_TOPSHP. Name: TOPSHP94."
TOPSHP95,TOPSHP95,judge_pass_pending_final_approval,False,TOPSHP21,"rectangle, vertical",s57_structure_conditions_TOPSHP,0.99,"TOPMAR33,TOPMAR13","PortrayalCatalog/Symbols/TOPMAR33.svg,PortrayalCatalog/Symbols/TOPMAR13.svg",assets/svg/triad_generated/TOPSHP95.svg,out/topmark_standards_pass/standard_svg/TOPSHP21.svg,"Render TOPSHP95 as a Helm-owned topmark/daymark SVG. Match the official TOPSHP21 shape exactly for silhouette, count, and orientation: rectangle, vertical. Use row colours/bands from metadata when present, but do not substitute a different topmark family. Compare against the standard shape witness first; row name is secondary. Basis: s57_structure_conditions_TOPSHP. Name: TOPSHP95."
TOPSHP96,TOPSHP96,judge_pass_pending_final_approval,False,TOPSHP21,"rectangle, vertical",s57_structure_conditions_TOPSHP,0.99,"TOPMAR33,TOPMAR13","PortrayalCatalog/Symbols/TOPMAR33.svg,PortrayalCatalog/Symbols/TOPMAR13.svg",assets/svg/triad_generated/TOPSHP96.svg,out/topmark_standards_pass/standard_svg/TOPSHP21.svg,"Render TOPSHP96 as a Helm-owned topmark/daymark SVG. Match the official TOPSHP21 shape exactly for silhouette, count, and orientation: rectangle, vertical. Use row colours/bands from metadata when present, but do not substitute a different topmark family. Compare against the standard shape witness first; row name is secondary. Basis: s57_structure_conditions_TOPSHP. Name: TOPSHP96."
TOPSHP97,TOPSHP97,judge_pass_pending_final_approval,False,TOPSHP21,"rectangle, vertical",s57_structure_conditions_TOPSHP,0.99,"TOPMAR33,TOPMAR13","PortrayalCatalog/Symbols/TOPMAR33.svg,PortrayalCatalog/Symbols/TOPMAR13.svg",assets/svg/triad_generated/TOPSHP97.svg,out/topmark_standards_pass/standard_svg/TOPSHP21.svg,"Render TOPSHP97 as a Helm-owned topmark/daymark SVG. Match the official TOPSHP21 shape exactly for silhouette, count, and orientation: rectangle, vertical. Use row colours/bands from metadata when present, but do not substitute a different topmark family. Compare against the standard shape witness first; row name is secondary. Basis: s57_structure_conditions_TOPSHP. Name: TOPSHP97."
TOPSHP98,TOPSHP98,judge_pass_pending_final_approval,False,TOPSHP21,"rectangle, vertical",s57_structure_conditions_TOPSHP,0.99,"TOPMAR33,TOPMAR13","PortrayalCatalog/Symbols/TOPMAR33.svg,PortrayalCatalog/Symbols/TOPMAR13.svg",assets/svg/triad_generated/TOPSHP98.svg,out/topmark_standards_pass/standard_svg/TOPSHP21.svg,"Render TOPSHP98 as a Helm-owned topmark/daymark SVG. Match the official TOPSHP21 shape exactly for silhouette, count, and orientation: rectangle, vertical. Use row colours/bands from metadata when present, but do not substitute a different topmark family. Compare against the standard shape witness first; row name is secondary. Basis: s57_structure_conditions_TOPSHP. Name: TOPSHP98."
TOPSHP99,TOPSHP99,judge_pass_pending_final_approval,False,TOPSHP21,"rectangle, vertical",s57_structure_conditions_TOPSHP,0.99,"TOPMAR33,TOPMAR13","PortrayalCatalog/Symbols/TOPMAR33.svg,PortrayalCatalog/Symbols/TOPMAR13.svg",assets/svg/triad_generated/TOPSHP99.svg,out/topmark_standards_pass/standard_svg/TOPSHP21.svg,"Render TOPSHP99 as a Helm-owned topmark/daymark SVG. Match the official TOPSHP21 shape exactly for silhouette, count, and orientation: rectangle, vertical. Use row colours/bands from metadata when present, but do not substitute a different topmark family. Compare against the standard shape witness first; row name is secondary. Basis: s57_structure_conditions_TOPSHP. Name: TOPSHP99."
TOPSHPA0,TOPSHPA0,judge_pass_pending_final_approval,False,TOPSHP21,"rectangle, vertical",s57_structure_conditions_TOPSHP,0.99,"TOPMAR33,TOPMAR13","PortrayalCatalog/Symbols/TOPMAR33.svg,PortrayalCatalog/Symbols/TOPMAR13.svg",assets/svg/triad_generated/TOPSHPA0.svg,out/topmark_standards_pass/standard_svg/TOPSHP21.svg,"Render TOPSHPA0 as a Helm-owned topmark/daymark SVG. Match the official TOPSHP21 shape exactly for silhouette, count, and orientation: rectangle, vertical. Use row colours/bands from metadata when present, but do not substitute a different topmark family. Compare against the standard shape witness first; row name is secondary. Basis: s57_structure_conditions_TOPSHP. Name: TOPSHPA0."
TOPSHPA1,TOPSHPA1,judge_pass_pending_final_approval,False,TOPSHP21,"rectangle, vertical",s57_structure_conditions_TOPSHP,0.99,"TOPMAR33,TOPMAR13","PortrayalCatalog/Symbols/TOPMAR33.svg,PortrayalCatalog/Symbols/TOPMAR13.svg",assets/svg/triad_generated/TOPSHPA1.svg,out/topmark_standards_pass/standard_svg/TOPSHP21.svg,"Render TOPSHPA1 as a Helm-owned topmark/daymark SVG. Match the official TOPSHP21 shape exactly for silhouette, count, and orientation: rectangle, vertical. Use row colours/bands from metadata when present, but do not substitute a different topmark family. Compare against the standard shape witness first; row name is secondary. Basis: s57_structure_conditions_TOPSHP. Name: TOPSHPA1."
TOPSHPA2,TOPSHPA2,judge_pass_pending_final_approval,False,TOPSHP21,"rectangle, vertical",s57_structure_conditions_TOPSHP,0.99,"TOPMAR33,TOPMAR13","PortrayalCatalog/Symbols/TOPMAR33.svg,PortrayalCatalog/Symbols/TOPMAR13.svg",assets/svg/triad_generated/TOPSHPA2.svg,out/topmark_standards_pass/standard_svg/TOPSHP21.svg,"Render TOPSHPA2 as a Helm-owned topmark/daymark SVG. Match the official TOPSHP21 shape exactly for silhouette, count, and orientation: rectangle, vertical. Use row colours/bands from metadata when present, but do not substitute a different topmark family. Compare against the standard shape witness first; row name is secondary. Basis: s57_structure_conditions_TOPSHP. Name: TOPSHPA2."
TOPSHPA3,TOPSHPA3,judge_pass_pending_final_approval,False,TOPSHP21,"rectangle, vertical",s57_structure_conditions_TOPSHP,0.99,"TOPMAR33,TOPMAR13","PortrayalCatalog/Symbols/TOPMAR33.svg,PortrayalCatalog/Symbols/TOPMAR13.svg",assets/svg/triad_generated/TOPSHPA3.svg,out/topmark_standards_pass/standard_svg/TOPSHP21.svg,"Render TOPSHPA3 as a Helm-owned topmark/daymark SVG. Match the official TOPSHP21 shape exactly for silhouette, count, and orientation: rectangle, vertical. Use row colours/bands from metadata when present, but do not substitute a different topmark family. Compare against the standard shape witness first; row name is secondary. Basis: s57_structure_conditions_TOPSHP. Name: TOPSHPA3."
TOPSHPA4,TOPSHPA4,judge_pass_pending_final_approval,False,TOPSHP21,"rectangle, vertical",s57_structure_conditions_TOPSHP,0.99,"TOPMAR33,TOPMAR13","PortrayalCatalog/Symbols/TOPMAR33.svg,PortrayalCatalog/Symbols/TOPMAR13.svg",assets/svg/triad_generated/TOPSHPA4.svg,out/topmark_standards_pass/standard_svg/TOPSHP21.svg,"Render TOPSHPA4 as a Helm-owned topmark/daymark SVG. Match the official TOPSHP21 shape exactly for silhouette, count, and orientation: rectangle, vertical. Use row colours/bands from metadata when present, but do not substitute a different topmark family. Compare against the standard shape witness first; row name is secondary. Basis: s57_structure_conditions_TOPSHP. Name: TOPSHPA4."
TOPSHPA5,TOPSHPA5,judge_pass_pending_final_approval,False,TOPSHP21,"rectangle, vertical",s57_structure_conditions_TOPSHP,0.99,"TOPMAR33,TOPMAR13","PortrayalCatalog/Symbols/TOPMAR33.svg,PortrayalCatalog/Symbols/TOPMAR13.svg",assets/svg/triad_generated/TOPSHPA5.svg,out/topmark_standards_pass/standard_svg/TOPSHP21.svg,"Render TOPSHPA5 as a Helm-owned topmark/daymark SVG. Match the official TOPSHP21 shape exactly for silhouette, count, and orientation: rectangle, vertical. Use row colours/bands from metadata when present, but do not substitute a different topmark family. Compare against the standard shape witness first; row name is secondary. Basis: s57_structure_conditions_TOPSHP. Name: TOPSHPA5."
TOPSHPA6,TOPSHPA6,judge_pass_pending_final_approval,False,TOPSHP21,"rectangle, vertical",s57_structure_conditions_TOPSHP,0.99,"TOPMAR33,TOPMAR13","PortrayalCatalog/Symbols/TOPMAR33.svg,PortrayalCatalog/Symbols/TOPMAR13.svg",assets/svg/triad_generated/TOPSHPA6.svg,out/topmark_standards_pass/standard_svg/TOPSHP21.svg,"Render TOPSHPA6 as a Helm-owned topmark/daymark SVG. Match the official TOPSHP21 shape exactly for silhouette, count, and orientation: rectangle, vertical. Use row colours/bands from metadata when present, but do not substitute a different topmark family. Compare against the standard shape witness first; row name is secondary. Basis: s57_structure_conditions_TOPSHP. Name: TOPSHPA6."
TOPSHPA7,TOPSHPA7,judge_pass_pending_final_approval,False,TOPSHP21,"rectangle, vertical",s57_structure_conditions_TOPSHP,0.99,"TOPMAR33,TOPMAR13","PortrayalCatalog/Symbols/TOPMAR33.svg,PortrayalCatalog/Symbols/TOPMAR13.svg",assets/svg/triad_generated/TOPSHPA7.svg,out/topmark_standards_pass/standard_svg/TOPSHP21.svg,"Render TOPSHPA7 as a Helm-owned topmark/daymark SVG. Match the official TOPSHP21 shape exactly for silhouette, count, and orientation: rectangle, vertical. Use row colours/bands from metadata when present, but do not substitute a different topmark family. Compare against the standard shape witness first; row name is secondary. Basis: s57_structure_conditions_TOPSHP. Name: TOPSHPA7."
TOPSHPA8,TOPSHPA8,judge_pass_pending_final_approval,False,TOPSHP21,"rectangle, vertical",s57_structure_conditions_TOPSHP,0.99,"TOPMAR33,TOPMAR13","PortrayalCatalog/Symbols/TOPMAR33.svg,PortrayalCatalog/Symbols/TOPMAR13.svg",assets/svg/triad_generated/TOPSHPA8.svg,out/topmark_standards_pass/standard_svg/TOPSHP21.svg,"Render TOPSHPA8 as a Helm-owned topmark/daymark SVG. Match the official TOPSHP21 shape exactly for silhouette, count, and orientation: rectangle, vertical. Use row colours/bands from metadata when present, but do not substitute a different topmark family. Compare against the standard shape witness first; row name is secondary. Basis: s57_structure_conditions_TOPSHP. Name: TOPSHPA8."
TOPSHPA9,TOPSHPA9,judge_pass_pending_final_approval,False,TOPSHP21,"rectangle, vertical",s57_structure_conditions_TOPSHP,0.99,"TOPMAR33,TOPMAR13","PortrayalCatalog/Symbols/TOPMAR33.svg,PortrayalCatalog/Symbols/TOPMAR13.svg",assets/svg/triad_generated/TOPSHPA9.svg,out/topmark_standards_pass/standard_svg/TOPSHP21.svg,"Render TOPSHPA9 as a Helm-owned topmark/daymark SVG. Match the official TOPSHP21 shape exactly for silhouette, count, and orientation: rectangle, vertical. Use row colours/bands from metadata when present, but do not substitute a different topmark family. Compare against the standard shape witness first; row name is secondary. Basis: s57_structure_conditions_TOPSHP. Name: TOPSHPA9."
TOPSHPB0,TOPSHPB0,judge_pass_pending_final_approval,False,TOPSHP21,"rectangle, vertical",s57_structure_conditions_TOPSHP,0.99,"TOPMAR33,TOPMAR13","PortrayalCatalog/Symbols/TOPMAR33.svg,PortrayalCatalog/Symbols/TOPMAR13.svg",assets/svg/triad_generated/TOPSHPB0.svg,out/topmark_standards_pass/standard_svg/TOPSHP21.svg,"Render TOPSHPB0 as a Helm-owned topmark/daymark SVG. Match the official TOPSHP21 shape exactly for silhouette, count, and orientation: rectangle, vertical. Use row colours/bands from metadata when present, but do not substitute a different topmark family. Compare against the standard shape witness first; row name is secondary. Basis: s57_structure_conditions_TOPSHP. Name: TOPSHPB0."
TOPSHPD1,"beacon top mark, red boarded square board, vertical",judge_pass_pending_final_approval,False,TOPSHP26,circle,s57_structure_conditions_TOPSHP,0.99,"TOPMAR30,TOPMAR10","PortrayalCatalog/Symbols/TOPMAR30.svg,PortrayalCatalog/Symbols/TOPMAR10.svg",assets/svg/triad_generated/TOPSHPD1.svg,out/topmark_standards_pass/standard_svg/TOPSHP26.svg,"Render TOPSHPD1 as a Helm-owned topmark/daymark SVG. Match the official TOPSHP26 shape exactly for silhouette, count, and orientation: circle. Use row colours/bands from metadata when present, but do not substitute a different topmark family. Compare against the standard shape witness first; row name is secondary. Basis: s57_structure_conditions_TOPSHP. Name: beacon top mark, red boarded square board, vertical."
TOPSHPD2,"beacon top mark, red boarded square board, vertical",judge_pass_pending_final_approval,False,TOPSHP03,sphere,s57_structure_conditions_TOPSHP,0.99,"TOPMAR30,TOPMAR10","PortrayalCatalog/Symbols/TOPMAR30.svg,PortrayalCatalog/Symbols/TOPMAR10.svg",assets/svg/triad_generated/TOPSHPD2.svg,out/topmark_standards_pass/standard_svg/TOPSHP03.svg,"Render TOPSHPD2 as a Helm-owned topmark/daymark SVG. Match the official TOPSHP03 shape exactly for silhouette, count, and orientation: sphere. Use row colours/bands from metadata when present, but do not substitute a different topmark family. Compare against the standard shape witness first; row name is secondary. Basis: s57_structure_conditions_TOPSHP. Name: beacon top mark, red boarded square board, vertical."
TOPSHPD3,"beacon top mark, red boarded square board, vertical",judge_pass_pending_final_approval,False,TOPSHP03,sphere,s57_structure_conditions_TOPSHP,0.99,"TOPMAR30,TOPMAR10","PortrayalCatalog/Symbols/TOPMAR30.svg,PortrayalCatalog/Symbols/TOPMAR10.svg",assets/svg/triad_generated/TOPSHPD3.svg,out/topmark_standards_pass/standard_svg/TOPSHP03.svg,"Render TOPSHPD3 as a Helm-owned topmark/daymark SVG. Match the official TOPSHP03 shape exactly for silhouette, count, and orientation: sphere. Use row colours/bands from metadata when present, but do not substitute a different topmark family. Compare against the standard shape witness first; row name is secondary. Basis: s57_structure_conditions_TOPSHP. Name: beacon top mark, red boarded square board, vertical."
TOPSHPD5,"beacon top mark, red/white/red boarded round board",judge_pass_pending_final_approval,False,TOPSHP26,circle,row_name_inferred_circle,0.6,"TOPMAR30,TOPMAR10","PortrayalCatalog/Symbols/TOPMAR30.svg,PortrayalCatalog/Symbols/TOPMAR10.svg",assets/svg/triad_generated/TOPSHPD5.svg,out/topmark_standards_pass/standard_svg/TOPSHP26.svg,"Render TOPSHPD5 as a Helm-owned topmark/daymark SVG. Match the official TOPSHP26 shape exactly for silhouette, count, and orientation: circle. Use row colours/bands from metadata when present, but do not substitute a different topmark family. Compare against the standard shape witness first; row name is secondary. Basis: row_name_inferred_circle. Name: beacon top mark, red/white/red boarded round board."
TOPSHPI1,"beacon top mark, red boarded square board, vertical",judge_pass_pending_final_approval,False,TOPSHP07,X-shaped,s57_structure_conditions_TOPSHP,0.99,"TOPMAR85,TOPMAR65","PortrayalCatalog/Symbols/TOPMAR85.svg,PortrayalCatalog/Symbols/TOPMAR65.svg",assets/svg/triad_generated/TOPSHPI1.svg,out/topmark_standards_pass/standard_svg/TOPSHP07.svg,"Render TOPSHPI1 as a Helm-owned topmark/daymark SVG. Match the official TOPSHP07 shape exactly for silhouette, count, and orientation: X-shaped. Use row colours/bands from metadata when present, but do not substitute a different topmark family. Compare against the standard shape witness first; row name is secondary. Basis: s57_structure_conditions_TOPSHP. Name: beacon top mark, red boarded square board, vertical."
TOPSHPI2,"beacon top mark, red boarded square board, vertical",judge_pass_pending_final_approval,False,TOPSHP07,X-shaped,s57_structure_conditions_TOPSHP,0.99,"TOPMAR85,TOPMAR65","PortrayalCatalog/Symbols/TOPMAR85.svg,PortrayalCatalog/Symbols/TOPMAR65.svg",assets/svg/triad_generated/TOPSHPI2.svg,out/topmark_standards_pass/standard_svg/TOPSHP07.svg,"Render TOPSHPI2 as a Helm-owned topmark/daymark SVG. Match the official TOPSHP07 shape exactly for silhouette, count, and orientation: X-shaped. Use row colours/bands from metadata when present, but do not substitute a different topmark family. Compare against the standard shape witness first; row name is secondary. Basis: s57_structure_conditions_TOPSHP. Name: beacon top mark, red boarded square board, vertical."
TOPSHPI3,"beacon top mark, red boarded square board, vertical",judge_pass_pending_final_approval,False,TOPSHP07,X-shaped,s57_structure_conditions_TOPSHP,0.99,"TOPMAR85,TOPMAR65","PortrayalCatalog/Symbols/TOPMAR85.svg,PortrayalCatalog/Symbols/TOPMAR65.svg",assets/svg/triad_generated/TOPSHPI3.svg,out/topmark_standards_pass/standard_svg/TOPSHP07.svg,"Render TOPSHPI3 as a Helm-owned topmark/daymark SVG. Match the official TOPSHP07 shape exactly for silhouette, count, and orientation: X-shaped. Use row colours/bands from metadata when present, but do not substitute a different topmark family. Compare against the standard shape witness first; row name is secondary. Basis: s57_structure_conditions_TOPSHP. Name: beacon top mark, red boarded square board, vertical."
TOPSHPJ1,TOPSHPJ1,judge_pass_pending_final_approval,False,TOPSHP17,flag,s57_structure_conditions_TOPSHP,0.99,"TMARDEF1,TMARDEF2","PortrayalCatalog/Symbols/TMARDEF1.svg,PortrayalCatalog/Symbols/TMARDEF2.svg",assets/svg/triad_generated/TOPSHPJ1.svg,out/topmark_standards_pass/standard_svg/TOPSHP17.svg,"Render TOPSHPJ1 as a Helm-owned topmark/daymark SVG. Match the official TOPSHP17 shape exactly for silhouette, count, and orientation: flag. Use row colours/bands from metadata when present, but do not substitute a different topmark family. Compare against the standard shape witness first; row name is secondary. Basis: s57_structure_conditions_TOPSHP. Name: TOPSHPJ1."
TOPSHPJ3,TOPSHPJ3,judge_pass_pending_final_approval,False,TOPSHP17,flag,s57_structure_conditions_TOPSHP,0.99,"TMARDEF1,TMARDEF2","PortrayalCatalog/Symbols/TMARDEF1.svg,PortrayalCatalog/Symbols/TMARDEF2.svg",assets/svg/triad_generated/TOPSHPJ3.svg,out/topmark_standards_pass/standard_svg/TOPSHP17.svg,"Render TOPSHPJ3 as a Helm-owned topmark/daymark SVG. Match the official TOPSHP17 shape exactly for silhouette, count, and orientation: flag. Use row colours/bands from metadata when present, but do not substitute a different topmark family. Compare against the standard shape witness first; row name is secondary. Basis: s57_structure_conditions_TOPSHP. Name: TOPSHPJ3."
TOPSHPP2,"beacon top mark, red boarded square board, vertical",judge_pass_pending_final_approval,False,TOPSHP08,upright cross,s57_structure_conditions_TOPSHP,0.99,"TOPMAR86,TOPMAR17","PortrayalCatalog/Symbols/TOPMAR86.svg,PortrayalCatalog/Symbols/TOPMAR17.svg",assets/svg/triad_generated/TOPSHPP2.svg,out/topmark_standards_pass/standard_svg/TOPSHP08.svg,"Render TOPSHPP2 as a Helm-owned topmark/daymark SVG. Match the official TOPSHP08 shape exactly for silhouette, count, and orientation: upright cross. Use row colours/bands from metadata when present, but do not substitute a different topmark family. Compare against the standard shape witness first; row name is secondary. Basis: s57_structure_conditions_TOPSHP. Name: beacon top mark, red boarded square board, vertical."
TOPSHPR1,"beacon top mark, red boarded square board, vertical",judge_pass_pending_final_approval,False,TOPSHP22,"trapezium, up",s57_structure_conditions_TOPSHP,0.99,"TOPMAR34,TOPMAR14","PortrayalCatalog/Symbols/TOPMAR34.svg,PortrayalCatalog/Symbols/TOPMAR14.svg",assets/svg/triad_generated/TOPSHPR1.svg,out/topmark_standards_pass/standard_svg/TOPSHP22.svg,"Render TOPSHPR1 as a Helm-owned topmark/daymark SVG. Match the official TOPSHP22 shape exactly for silhouette, count, and orientation: trapezium, up. Use row colours/bands from metadata when present, but do not substitute a different topmark family. Compare against the standard shape witness first; row name is secondary. Basis: s57_structure_conditions_TOPSHP. Name: beacon top mark, red boarded square board, vertical."
TOPSHPS1,"beacon top mark, red boarded square board, vertical",judge_pass_pending_final_approval,False,TOPSHP33,other,s57_structure_conditions_TOPSHP,0.99,"TMARDEF1,TMARDEF2","PortrayalCatalog/Symbols/TMARDEF1.svg,PortrayalCatalog/Symbols/TMARDEF2.svg",assets/svg/triad_generated/TOPSHPS1.svg,out/topmark_standards_pass/standard_svg/TOPSHP33.svg,"Render TOPSHPS1 as a Helm-owned topmark/daymark SVG. Match the official TOPSHP33 shape exactly for silhouette, count, and orientation: other. Use row colours/bands from metadata when present, but do not substitute a different topmark family. Compare against the standard shape witness first; row name is secondary. Basis: s57_structure_conditions_TOPSHP. Name: beacon top mark, red boarded square board, vertical."
TOPSHPT1,TOPSHPT1,judge_pass_pending_final_approval,False,TOPSHP06,board,s57_structure_conditions_TOPSHP,0.99,"TOPMAR34,TOPMAR14","PortrayalCatalog/Symbols/TOPMAR34.svg,PortrayalCatalog/Symbols/TOPMAR14.svg",assets/svg/triad_generated/TOPSHPT1.svg,out/topmark_standards_pass/standard_svg/TOPSHP06.svg,"Render TOPSHPT1 as a Helm-owned topmark/daymark SVG. Match the official TOPSHP06 shape exactly for silhouette, count, and orientation: board. Use row colours/bands from metadata when present, but do not substitute a different topmark family. Compare against the standard shape witness first; row name is secondary. Basis: s57_structure_conditions_TOPSHP. Name: TOPSHPT1."
TOPSHPT2,TOPSHPT2,judge_pass_pending_final_approval,False,TOPSHP06,board,s57_structure_conditions_TOPSHP,0.99,"TOPMAR34,TOPMAR14","PortrayalCatalog/Symbols/TOPMAR34.svg,PortrayalCatalog/Symbols/TOPMAR14.svg",assets/svg/triad_generated/TOPSHPT2.svg,out/topmark_standards_pass/standard_svg/TOPSHP06.svg,"Render TOPSHPT2 as a Helm-owned topmark/daymark SVG. Match the official TOPSHP06 shape exactly for silhouette, count, and orientation: board. Use row colours/bands from metadata when present, but do not substitute a different topmark family. Compare against the standard shape witness first; row name is secondary. Basis: s57_structure_conditions_TOPSHP. Name: TOPSHPT2."
TOPSHPT3,TOPSHPT3,judge_pass_pending_final_approval,False,TOPSHP06,board,s57_structure_conditions_TOPSHP,0.99,"TOPMAR34,TOPMAR14","PortrayalCatalog/Symbols/TOPMAR34.svg,PortrayalCatalog/Symbols/TOPMAR14.svg",assets/svg/triad_generated/TOPSHPT3.svg,out/topmark_standards_pass/standard_svg/TOPSHP06.svg,"Render TOPSHPT3 as a Helm-owned topmark/daymark SVG. Match the official TOPSHP06 shape exactly for silhouette, count, and orientation: board. Use row colours/bands from metadata when present, but do not substitute a different topmark family. Compare against the standard shape witness first; row name is secondary. Basis: s57_structure_conditions_TOPSHP. Name: TOPSHPT3."
TOPSHPT4,TOPSHPT4,judge_pass_pending_final_approval,False,TOPSHP06,board,s57_structure_conditions_TOPSHP,0.99,"TOPMAR34,TOPMAR14","PortrayalCatalog/Symbols/TOPMAR34.svg,PortrayalCatalog/Symbols/TOPMAR14.svg",assets/svg/triad_generated/TOPSHPT4.svg,out/topmark_standards_pass/standard_svg/TOPSHP06.svg,"Render TOPSHPT4 as a Helm-owned topmark/daymark SVG. Match the official TOPSHP06 shape exactly for silhouette, count, and orientation: board. Use row colours/bands from metadata when present, but do not substitute a different topmark family. Compare against the standard shape witness first; row name is secondary. Basis: s57_structure_conditions_TOPSHP. Name: TOPSHPT4."
TOPSHPT5,TOPSHPT5,judge_pass_pending_final_approval,False,TOPSHP06,board,s57_structure_conditions_TOPSHP,0.99,"TOPMAR34,TOPMAR14","PortrayalCatalog/Symbols/TOPMAR34.svg,PortrayalCatalog/Symbols/TOPMAR14.svg",assets/svg/triad_generated/TOPSHPT5.svg,out/topmark_standards_pass/standard_svg/TOPSHP06.svg,"Render TOPSHPT5 as a Helm-owned topmark/daymark SVG. Match the official TOPSHP06 shape exactly for silhouette, count, and orientation: board. Use row colours/bands from metadata when present, but do not substitute a different topmark family. Compare against the standard shape witness first; row name is secondary. Basis: s57_structure_conditions_TOPSHP. Name: TOPSHPT5."
TOPSHPT6,TOPSHPT6,judge_pass_pending_final_approval,False,TOPSHP06,board,s57_structure_conditions_TOPSHP,0.99,"TOPMAR34,TOPMAR14","PortrayalCatalog/Symbols/TOPMAR34.svg,PortrayalCatalog/Symbols/TOPMAR14.svg",assets/svg/triad_generated/TOPSHPT6.svg,out/topmark_standards_pass/standard_svg/TOPSHP06.svg,"Render TOPSHPT6 as a Helm-owned topmark/daymark SVG. Match the official TOPSHP06 shape exactly for silhouette, count, and orientation: board. Use row colours/bands from metadata when present, but do not substitute a different topmark family. Compare against the standard shape witness first; row name is secondary. Basis: s57_structure_conditions_TOPSHP. Name: TOPSHPT6."
TOPSHPT7,TOPSHPT7,judge_pass_pending_final_approval,False,TOPSHP06,board,s57_structure_conditions_TOPSHP,0.99,"TOPMAR34,TOPMAR14","PortrayalCatalog/Symbols/TOPMAR34.svg,PortrayalCatalog/Symbols/TOPMAR14.svg",assets/svg/triad_generated/TOPSHPT7.svg,out/topmark_standards_pass/standard_svg/TOPSHP06.svg,"Render TOPSHPT7 as a Helm-owned topmark/daymark SVG. Match the official TOPSHP06 shape exactly for silhouette, count, and orientation: board. Use row colours/bands from metadata when present, but do not substitute a different topmark family. Compare against the standard shape witness first; row name is secondary. Basis: s57_structure_conditions_TOPSHP. Name: TOPSHPT7."
TOPSHPT8;TE('%s',TOPSHPT8;TE('%s',judge_pass_pending_final_approval,False,TOPSHP06,board,s57_structure_conditions_TOPSHP,0.99,"TOPMAR34,TOPMAR14","PortrayalCatalog/Symbols/TOPMAR34.svg,PortrayalCatalog/Symbols/TOPMAR14.svg",assets/svg/triad_generated/TOPSHPT8_TE_s.svg,out/topmark_standards_pass/standard_svg/TOPSHP06.svg,"Render TOPSHPT8;TE('%s' as a Helm-owned topmark/daymark SVG. Match the official TOPSHP06 shape exactly for silhouette, count, and orientation: board. Use row colours/bands from metadata when present, but do not substitute a different topmark family. Compare against the standard shape witness first; row name is secondary. Basis: s57_structure_conditions_TOPSHP. Name: TOPSHPT8;TE('%s'."
TOPSHPU1,"beacon top mark, red boarded square board, vertical",judge_pass_pending_final_approval,False,TOPSHP24,"triangle, point up",s57_structure_conditions_TOPSHP,0.99,"TOPMAR22,TOPMAR02","PortrayalCatalog/Symbols/TOPMAR22.svg,PortrayalCatalog/Symbols/TOPMAR02.svg",assets/svg/triad_generated/TOPSHPU1.svg,out/topmark_standards_pass/standard_svg/TOPSHP24.svg,"Render TOPSHPU1 as a Helm-owned topmark/daymark SVG. Match the official TOPSHP24 shape exactly for silhouette, count, and orientation: triangle, point up. Use row colours/bands from metadata when present, but do not substitute a different topmark family. Compare against the standard shape witness first; row name is secondary. Basis: s57_structure_conditions_TOPSHP. Name: beacon top mark, red boarded square board, vertical."
TOPSHPU2,"beacon top mark, red boarded square board, vertical",judge_pass_pending_final_approval,False,TOPSHP24,"triangle, point up",s57_structure_conditions_TOPSHP,0.99,"TOPMAR22,TOPMAR02","PortrayalCatalog/Symbols/TOPMAR22.svg,PortrayalCatalog/Symbols/TOPMAR02.svg",assets/svg/triad_generated/TOPSHPU2.svg,out/topmark_standards_pass/standard_svg/TOPSHP24.svg,"Render TOPSHPU2 as a Helm-owned topmark/daymark SVG. Match the official TOPSHP24 shape exactly for silhouette, count, and orientation: triangle, point up. Use row colours/bands from metadata when present, but do not substitute a different topmark family. Compare against the standard shape witness first; row name is secondary. Basis: s57_structure_conditions_TOPSHP. Name: beacon top mark, red boarded square board, vertical."
